x,y,time_series_id,monitoring_location_id,parameter_code,statistic_id,time,value,unit_of_measure,approval_status,qualifier,last_modified
-79.0955555555555,36.0711111111111,2bf55dc212734c469cd90fe8d976fadf,USGS-02085000,00060,00003,2020-12-31,125,ft^3/s,Approved,,2025-03-11 13:33:20.467623+00:00
-79.0955555555555,36.0711111111111,2bf55dc212734c469cd90fe8d976fadf,USGS-02085000,00060,00003,2020-12-30,109,ft^3/s,Approved,,2025-03-11 13:33:20.467623+00:00
-79.0955555555555,36.0711111111111,2bf55dc212734c469cd90fe8d976fadf,USGS-02085000,00060,00003,2020-12-29,119,ft^3/s,Approved,,2025-03-11 13:33:20.467623+00:00
-79.0955555555555,36.0711111111111,2bf55dc212734c469cd90fe8d976fadf,USGS-02085000,00060,00003,2020-12-28,135,ft^3/s,Approved,,2025-03-11 13:33:20.467623+00:00
-79.0955555555555,36.0711111111111,2bf55dc212734c469cd90fe8d976fadf,USGS-02085000,00060,00003,2020-12-27,160,ft^3/s,Approved,,2025-03-11 13:33:20.467623+00:00
-79.0955555555555,36.0711111111111,2bf55dc212734c469cd90fe8d976fadf,USGS-02085000,00060,00003,2020-12-26,237,ft^3/s,Approved,,2025-03-11 13:33:20.467623+00:00
-79.0955555555555,36.0711111111111,2bf55dc212734c469cd90fe8d976fadf,USGS-02085000,00060,00003,2020-12-25,762,ft^3/s,Approved,,2025-03-11 13:33:20.467623+00:00
-79.0955555555555,36.0711111111111,2bf55dc212734c469cd90fe8d976fadf,USGS-02085000,00060,00003,2020-12-24,681,ft^3/s,Approved,,2025-03-11 13:33:20.467623+00:00
-79.0955555555555,36.0711111111111,2bf55dc212734c469cd90fe8d976fadf,USGS-02085000,00060,00003,2020-12-23,111,ft^3/s,Approved,,2025-03-11 13:33:20.467623+00:00
-79.0955555555555,36.0711111111111,2bf55dc212734c469cd90fe8d976fadf,USGS-02085000,00060,00003,2020-12-22,135,ft^3/s,Approved,,2025-03-11 13:33:20.467623+00:00
-79.0955555555555,36.0711111111111,2bf55dc212734c469cd90fe8d976fadf,USGS-02085000,00060,00003,2020-12-21,193,ft^3/s,Approved,,2025-03-11 13:33:20.467623+00:00
-79.0955555555555,36.0711111111111,2bf55dc212734c469cd90fe8d976fadf,USGS-02085000,00060,00003,2020-12-20,211,ft^3/s,Approved,,2025-03-11 13:33:20.467623+00:00
-79.0955555555555,36.0711111111111,2bf55dc212734c469cd90fe8d976fadf,USGS-02085000,00060,00003,2020-12-19,132,ft^3/s,Approved,,2025-03-11 13:33:20.467623+00:00
-79.0955555555555,36.0711111111111,2bf55dc212734c469cd90fe8d976fadf,USGS-02085000,00060,00003,2020-12-18,181,ft^3/s,Approved,,2025-03-11 13:33:20.467623+00:00
-79.0955555555555,36.0711111111111,2bf55dc212734c469cd90fe8d976fadf,USGS-02085000,00060,00003,2020-12-17,430,ft^3/s,Approved,,2025-03-11 13:33:20.467623+00:00
-79.0955555555555,36.0711111111111,2bf55dc212734c469cd90fe8d976fadf,USGS-02085000,00060,00003,2020-12-16,528,ft^3/s,Approved,,2025-03-11 13:33:20.467623+00:00
-79.0955555555555,36.0711111111111,2bf55dc212734c469cd90fe8d976fadf,USGS-02085000,00060,00003,2020-12-15,337,ft^3/s,Approved,,2025-03-11 13:33:20.467623+00:00
-79.0955555555555,36.0711111111111,2bf55dc212734c469cd90fe8d976fadf,USGS-02085000,00060,00003,2020-12-14,570,ft^3/s,Approved,,2025-03-11 13:33:20.467623+00:00
-79.0955555555555,36.0711111111111,2bf55dc212734c469cd90fe8d976fadf,USGS-02085000,00060,00003,2020-12-13,74.5,ft^3/s,Approved,,2025-03-11 13:33:20.467623+00:00
-79.0955555555555,36.0711111111111,2bf55dc212734c469cd90fe8d976fadf,USGS-02085000,00060,00003,2020-12-12,76.8,ft^3/s,Approved,,2025-03-11 13:33:20.467623+00:00
-79.0955555555555,36.0711111111111,2bf55dc212734c469cd90fe8d976fadf,USGS-02085000,00060,00003,2020-12-11,77.0,ft^3/s,Approved,,2025-03-11 13:33:20.467623+00:00
-79.0955555555555,36.0711111111111,2bf55dc212734c469cd90fe8d976fadf,USGS-02085000,00060,00003,2020-12-10,82.6,ft^3/s,Approved,,2025-03-11 13:33:20.467623+00:00
-79.0955555555555,36.0711111111111,2bf55dc212734c469cd90fe8d976fadf,USGS-02085000,00060,00003,2020-12-09,88.9,ft^3/s,Approved,,2025-03-11 13:33:20.467623+00:00
-79.0955555555555,36.0711111111111,2bf55dc212734c469cd90fe8d976fadf,USGS-02085000,00060,00003,2020-12-08,104,ft^3/s,Approved,,2025-03-11 13:33:20.467623+00:00
-79.0955555555555,36.0711111111111,2bf55dc212734c469cd90fe8d976fadf,USGS-02085000,00060,00003,2020-12-07,123,ft^3/s,Approved,,2025-03-11 13:33:20.467623+00:00
-79.0955555555555,36.0711111111111,2bf55dc212734c469cd90fe8d976fadf,USGS-02085000,00060,00003,2020-12-06,160,ft^3/s,Approved,,2025-03-11 13:33:20.467623+00:00
-79.0955555555555,36.0711111111111,2bf55dc212734c469cd90fe8d976fadf,USGS-02085000,00060,00003,2020-12-05,335,ft^3/s,Approved,,2025-03-11 13:33:20.467623+00:00
-79.0955555555555,36.0711111111111,2bf55dc212734c469cd90fe8d976fadf,USGS-02085000,00060,00003,2020-12-04,77.8,ft^3/s,Approved,,2025-03-11 13:33:20.467623+00:00
-79.0955555555555,36.0711111111111,2bf55dc212734c469cd90fe8d976fadf,USGS-02085000,00060,00003,2020-12-03,83.3,ft^3/s,Approved,,2025-03-11 13:33:20.467623+00:00
-79.0955555555555,36.0711111111111,2bf55dc212734c469cd90fe8d976fadf,USGS-02085000,00060,00003,2020-12-02,114,ft^3/s,Approved,,2025-03-11 13:33:20.467623+00:00
-79.0955555555555,36.0711111111111,2bf55dc212734c469cd90fe8d976fadf,USGS-02085000,00060,00003,2020-12-01,248,ft^3/s,Approved,,2025-03-11 13:33:20.467623+00:00
-79.0955555555555,36.0711111111111,2bf55dc212734c469cd90fe8d976fadf,USGS-02085000,00060,00003,2020-11-30,712,ft^3/s,Approved,,2025-03-11 13:33:20.467623+00:00
-79.0955555555555,36.0711111111111,2bf55dc212734c469cd90fe8d976fadf,USGS-02085000,00060,00003,2020-11-29,42.5,ft^3/s,Approved,,2025-03-11 13:33:20.467623+00:00
-79.0955555555555,36.0711111111111,2bf55dc212734c469cd90fe8d976fadf,USGS-02085000,00060,00003,2020-11-28,42.4,ft^3/s,Approved,,2025-03-11 13:33:20.467623+00:00
-79.0955555555555,36.0711111111111,2bf55dc212734c469cd90fe8d976fadf,USGS-02085000,00060,00003,2020-11-27,46.7,ft^3/s,Approved,,2025-03-11 13:33:20.467623+00:00
-79.0955555555555,36.0711111111111,2bf55dc212734c469cd90fe8d976fadf,USGS-02085000,00060,00003,2020-11-26,46.4,ft^3/s,Approved,,2025-03-11 13:33:20.467623+00:00
-79.0955555555555,36.0711111111111,2bf55dc212734c469cd90fe8d976fadf,USGS-02085000,00060,00003,2020-11-25,39.1,ft^3/s,Approved,,2025-03-11 13:33:20.467623+00:00
-79.0955555555555,36.0711111111111,2bf55dc212734c469cd90fe8d976fadf,USGS-02085000,00060,00003,2020-11-24,40.6,ft^3/s,Approved,,2025-03-11 13:33:20.467623+00:00
-79.0955555555555,36.0711111111111,2bf55dc212734c469cd90fe8d976fadf,USGS-02085000,00060,00003,2020-11-23,44.3,ft^3/s,Approved,,2025-03-11 13:33:20.467623+00:00
-79.0955555555555,36.0711111111111,2bf55dc212734c469cd90fe8d976fadf,USGS-02085000,00060,00003,2020-11-22,45.5,ft^3/s,Approved,,2025-03-11 13:33:20.467623+00:00
-79.0955555555555,36.0711111111111,2bf55dc212734c469cd90fe8d976fadf,USGS-02085000,00060,00003,2020-11-21,45.8,ft^3/s,Approved,,2025-03-11 13:33:20.467623+00:00
-79.0955555555555,36.0711111111111,2bf55dc212734c469cd90fe8d976fadf,USGS-02085000,00060,00003,2020-11-20,45.9,ft^3/s,Approved,,2025-03-11 13:33:20.467623+00:00
-79.0955555555555,36.0711111111111,2bf55dc212734c469cd90fe8d976fadf,USGS-02085000,00060,00003,2020-11-19,49.7,ft^3/s,Approved,,2025-03-11 13:33:20.467623+00:00
-79.0955555555555,36.0711111111111,2bf55dc212734c469cd90fe8d976fadf,USGS-02085000,00060,00003,2020-11-18,53.3,ft^3/s,Approved,,2025-03-11 13:33:20.467623+00:00
-79.0955555555555,36.0711111111111,2bf55dc212734c469cd90fe8d976fadf,USGS-02085000,00060,00003,2020-11-17,62.8,ft^3/s,Approved,,2025-03-11 13:33:20.467623+00:00
-79.0955555555555,36.0711111111111,2bf55dc212734c469cd90fe8d976fadf,USGS-02085000,00060,00003,2020-11-16,78.2,ft^3/s,Approved,,2025-03-11 13:33:20.467623+00:00
-79.0955555555555,36.0711111111111,2bf55dc212734c469cd90fe8d976fadf,USGS-02085000,00060,00003,2020-11-15,104,ft^3/s,Approved,,2025-03-11 13:33:20.467623+00:00
-79.0955555555555,36.0711111111111,2bf55dc212734c469cd90fe8d976fadf,USGS-02085000,00060,00003,2020-11-14,184,ft^3/s,Approved,,2025-03-11 13:33:20.467623+00:00
-79.0955555555555,36.0711111111111,2bf55dc212734c469cd90fe8d976fadf,USGS-02085000,00060,00003,2020-11-13,522,ft^3/s,Approved,,2025-03-11 13:33:20.467623+00:00
-79.0955555555555,36.0711111111111,2bf55dc212734c469cd90fe8d976fadf,USGS-02085000,00060,00003,2020-11-12,1180,ft^3/s,Approved,,2025-03-11 13:33:20.467623+00:00
-79.0955555555555,36.0711111111111,2bf55dc212734c469cd90fe8d976fadf,USGS-02085000,00060,00003,2020-11-11,74.6,ft^3/s,Approved,,2025-03-11 13:33:20.467623+00:00
-79.0955555555555,36.0711111111111,2bf55dc212734c469cd90fe8d976fadf,USGS-02085000,00060,00003,2020-11-10,21.3,ft^3/s,Approved,,2025-03-11 13:33:20.467623+00:00
-79.0955555555555,36.0711111111111,2bf55dc212734c469cd90fe8d976fadf,USGS-02085000,00060,00003,2020-11-09,21.9,ft^3/s,Approved,,2025-03-11 13:33:20.467623+00:00
-79.0955555555555,36.0711111111111,2bf55dc212734c469cd90fe8d976fadf,USGS-02085000,00060,00003,2020-11-08,23.3,ft^3/s,Approved,,2025-03-11 13:33:20.467623+00:00
-79.0955555555555,36.0711111111111,2bf55dc212734c469cd90fe8d976fadf,USGS-02085000,00060,00003,2020-11-07,24.9,ft^3/s,Approved,,2025-03-11 13:33:20.467623+00:00
-79.0955555555555,36.0711111111111,2bf55dc212734c469cd90fe8d976fadf,USGS-02085000,00060,00003,2020-11-06,25.6,ft^3/s,Approved,,2025-03-11 13:33:20.467623+00:00
-79.0955555555555,36.0711111111111,2bf55dc212734c469cd90fe8d976fadf,USGS-02085000,00060,00003,2020-11-05,27.0,ft^3/s,Approved,,2025-03-11 13:33:20.467623+00:00
-79.0955555555555,36.0711111111111,2bf55dc212734c469cd90fe8d976fadf,USGS-02085000,00060,00003,2020-11-04,31.4,ft^3/s,Approved,,2025-03-11 13:33:20.467623+00:00
-79.0955555555555,36.0711111111111,2bf55dc212734c469cd90fe8d976fadf,USGS-02085000,00060,00003,2020-11-03,42.2,ft^3/s,Approved,,2025-03-11 13:33:20.467623+00:00
-79.0955555555555,36.0711111111111,2bf55dc212734c469cd90fe8d976fadf,USGS-02085000,00060,00003,2020-11-02,76.5,ft^3/s,Approved,,2025-03-11 13:33:20.467623+00:00
-79.0955555555555,36.0711111111111,2bf55dc212734c469cd90fe8d976fadf,USGS-02085000,00060,00003,2020-11-01,78.5,ft^3/s,Approved,,2025-03-11 13:33:20.467623+00:00
-79.0955555555555,36.0711111111111,2bf55dc212734c469cd90fe8d976fadf,USGS-02085000,00060,00003,2020-10-31,42.2,ft^3/s,Approved,,2025-03-11 13:33:20.467623+00:00
-79.0955555555555,36.0711111111111,2bf55dc212734c469cd90fe8d976fadf,USGS-02085000,00060,00003,2020-10-30,68.3,ft^3/s,Approved,,2025-03-11 13:33:20.467623+00:00
-79.0955555555555,36.0711111111111,2bf55dc212734c469cd90fe8d976fadf,USGS-02085000,00060,00003,2020-10-29,20.1,ft^3/s,Approved,,2025-03-11 13:33:20.467623+00:00
-79.0955555555555,36.0711111111111,2bf55dc212734c469cd90fe8d976fadf,USGS-02085000,00060,00003,2020-10-28,16.0,ft^3/s,Approved,,2025-03-11 13:33:20.467623+00:00
-79.0955555555555,36.0711111111111,2bf55dc212734c469cd90fe8d976fadf,USGS-02085000,00060,00003,2020-10-27,27.1,ft^3/s,Approved,,2025-03-11 13:33:20.467623+00:00
-79.0955555555555,36.0711111111111,2bf55dc212734c469cd90fe8d976fadf,USGS-02085000,00060,00003,2020-10-26,31.3,ft^3/s,Approved,,2025-03-11 13:33:20.467623+00:00
-79.0955555555555,36.0711111111111,2bf55dc212734c469cd90fe8d976fadf,USGS-02085000,00060,00003,2020-10-25,42.9,ft^3/s,Approved,,2025-03-11 13:33:20.467623+00:00
-79.0955555555555,36.0711111111111,2bf55dc212734c469cd90fe8d976fadf,USGS-02085000,00060,00003,2020-10-24,43.5,ft^3/s,Approved,,2025-03-11 13:33:20.467623+00:00
-79.0955555555555,36.0711111111111,2bf55dc212734c469cd90fe8d976fadf,USGS-02085000,00060,00003,2020-10-23,44.3,ft^3/s,Approved,,2025-03-11 13:33:20.467623+00:00
-79.0955555555555,36.0711111111111,2bf55dc212734c469cd90fe8d976fadf,USGS-02085000,00060,00003,2020-10-22,45.4,ft^3/s,Approved,,2025-03-11 13:33:20.467623+00:00
-79.0955555555555,36.0711111111111,2bf55dc212734c469cd90fe8d976fadf,USGS-02085000,00060,00003,2020-10-21,46.0,ft^3/s,Approved,,2025-03-11 13:33:20.467623+00:00
-79.0955555555555,36.0711111111111,2bf55dc212734c469cd90fe8d976fadf,USGS-02085000,00060,00003,2020-10-20,48.4,ft^3/s,Approved,,2025-03-11 13:33:20.467623+00:00
-79.0955555555555,36.0711111111111,2bf55dc212734c469cd90fe8d976fadf,USGS-02085000,00060,00003,2020-10-19,51.1,ft^3/s,Approved,,2025-03-11 13:33:20.467623+00:00
-79.0955555555555,36.0711111111111,2bf55dc212734c469cd90fe8d976fadf,USGS-02085000,00060,00003,2020-10-18,57.7,ft^3/s,Approved,,2025-03-11 13:33:20.467623+00:00
-79.0955555555555,36.0711111111111,2bf55dc212734c469cd90fe8d976fadf,USGS-02085000,00060,00003,2020-10-17,73.7,ft^3/s,Approved,,2025-03-11 13:33:20.467623+00:00
-79.0955555555555,36.0711111111111,2bf55dc212734c469cd90fe8d976fadf,USGS-02085000,00060,00003,2020-10-16,77.7,ft^3/s,Approved,,2025-03-11 13:33:20.467623+00:00
-79.0955555555555,36.0711111111111,2bf55dc212734c469cd90fe8d976fadf,USGS-02085000,00060,00003,2020-10-15,54.8,ft^3/s,Approved,,2025-03-11 13:33:20.467623+00:00
-79.0955555555555,36.0711111111111,2bf55dc212734c469cd90fe8d976fadf,USGS-02085000,00060,00003,2020-10-14,65.5,ft^3/s,Approved,,2025-03-11 13:33:20.467623+00:00
-79.0955555555555,36.0711111111111,2bf55dc212734c469cd90fe8d976fadf,USGS-02085000,00060,00003,2020-10-13,70.1,ft^3/s,Approved,,2025-03-11 13:33:20.467623+00:00
-79.0955555555555,36.0711111111111,2bf55dc212734c469cd90fe8d976fadf,USGS-02085000,00060,00003,2020-10-12,137,ft^3/s,Approved,,2025-03-11 13:33:20.467623+00:00
-79.0955555555555,36.0711111111111,2bf55dc212734c469cd90fe8d976fadf,USGS-02085000,00060,00003,2020-10-11,126,ft^3/s,Approved,,2025-03-11 13:33:20.467623+00:00
-79.0955555555555,36.0711111111111,2bf55dc212734c469cd90fe8d976fadf,USGS-02085000,00060,00003,2020-10-10,37.8,ft^3/s,Approved,,2025-03-11 13:33:20.467623+00:00
-79.0955555555555,36.0711111111111,2bf55dc212734c469cd90fe8d976fadf,USGS-02085000,00060,00003,2020-10-09,27.1,ft^3/s,Approved,,2025-03-11 13:33:20.467623+00:00
-79.0955555555555,36.0711111111111,2bf55dc212734c469cd90fe8d976fadf,USGS-02085000,00060,00003,2020-10-08,27.9,ft^3/s,Approved,,2025-03-11 13:33:20.467623+00:00
-79.0955555555555,36.0711111111111,2bf55dc212734c469cd90fe8d976fadf,USGS-02085000,00060,00003,2020-10-07,28.2,ft^3/s,Approved,,2025-03-11 13:33:20.467623+00:00
-79.0955555555555,36.0711111111111,2bf55dc212734c469cd90fe8d976fadf,USGS-02085000,00060,00003,2020-10-06,24.3,ft^3/s,Approved,,2025-03-11 13:33:20.467623+00:00
-79.0955555555555,36.0711111111111,2bf55dc212734c469cd90fe8d976fadf,USGS-02085000,00060,00003,2020-10-05,24.9,ft^3/s,Approved,,2025-03-11 13:33:20.467623+00:00
-79.0955555555555,36.0711111111111,2bf55dc212734c469cd90fe8d976fadf,USGS-02085000,00060,00003,2020-10-04,26.8,ft^3/s,Approved,,2025-03-11 13:33:20.467623+00:00
-79.0955555555555,36.0711111111111,2bf55dc212734c469cd90fe8d976fadf,USGS-02085000,00060,00003,2020-10-03,30.8,ft^3/s,Approved,,2025-03-11 13:33:20.467623+00:00
-79.0955555555555,36.0711111111111,2bf55dc212734c469cd90fe8d976fadf,USGS-02085000,00060,00003,2020-10-02,39.8,ft^3/s,Approved,,2025-03-11 13:33:20.467623+00:00
-79.0955555555555,36.0711111111111,2bf55dc212734c469cd90fe8d976fadf,USGS-02085000,00060,00003,2020-10-01,65.6,ft^3/s,Approved,,2025-03-11 13:33:20.467623+00:00
-79.0955555555555,36.0711111111111,2bf55dc212734c469cd90fe8d976fadf,USGS-02085000,00060,00003,2020-09-30,150,ft^3/s,Approved,,2025-03-11 13:33:20.467623+00:00
-79.0955555555555,36.0711111111111,2bf55dc212734c469cd90fe8d976fadf,USGS-02085000,00060,00003,2020-09-29,47.4,ft^3/s,Approved,,2025-03-11 13:33:20.467623+00:00
-79.0955555555555,36.0711111111111,2bf55dc212734c469cd90fe8d976fadf,USGS-02085000,00060,00003,2020-09-28,38.0,ft^3/s,Approved,,2025-03-11 13:33:20.467623+00:00
-79.0955555555555,36.0711111111111,2bf55dc212734c469cd90fe8d976fadf,USGS-02085000,00060,00003,2020-09-27,59.7,ft^3/s,Approved,,2025-03-11 13:33:20.467623+00:00
-79.0955555555555,36.0711111111111,2bf55dc212734c469cd90fe8d976fadf,USGS-02085000,00060,00003,2020-09-26,128,ft^3/s,Approved,,2025-03-11 13:33:20.467623+00:00
-79.0955555555555,36.0711111111111,2bf55dc212734c469cd90fe8d976fadf,USGS-02085000,00060,00003,2020-09-25,108,ft^3/s,Approved,,2025-03-11 13:33:20.467623+00:00
-79.0955555555555,36.0711111111111,2bf55dc212734c469cd90fe8d976fadf,USGS-02085000,00060,00003,2020-09-24,22.0,ft^3/s,Approved,,2025-03-11 13:33:20.467623+00:00
-79.0955555555555,36.0711111111111,2bf55dc212734c469cd90fe8d976fadf,USGS-02085000,00060,00003,2020-09-23,22.6,ft^3/s,Approved,,2025-03-11 13:33:20.467623+00:00
-79.0955555555555,36.0711111111111,2bf55dc212734c469cd90fe8d976fadf,USGS-02085000,00060,00003,2020-09-22,24.9,ft^3/s,Approved,,2025-03-11 13:33:20.467623+00:00
-79.0955555555555,36.0711111111111,2bf55dc212734c469cd90fe8d976fadf,USGS-02085000,00060,00003,2020-09-21,29.0,ft^3/s,Approved,,2025-03-11 13:33:20.467623+00:00
-79.0955555555555,36.0711111111111,2bf55dc212734c469cd90fe8d976fadf,USGS-02085000,00060,00003,2020-09-20,42.6,ft^3/s,Approved,,2025-03-11 13:33:20.467623+00:00
-79.0955555555555,36.0711111111111,2bf55dc212734c469cd90fe8d976fadf,USGS-02085000,00060,00003,2020-09-19,95.8,ft^3/s,Approved,,2025-03-11 13:33:20.467623+00:00
-79.0955555555555,36.0711111111111,2bf55dc212734c469cd90fe8d976fadf,USGS-02085000,00060,00003,2020-09-18,401,ft^3/s,Approved,,2025-03-11 13:33:20.467623+00:00
-79.0955555555555,36.0711111111111,2bf55dc212734c469cd90fe8d976fadf,USGS-02085000,00060,00003,2020-09-17,89.4,ft^3/s,Approved,,2025-03-11 13:33:20.467623+00:00
-79.0955555555555,36.0711111111111,2bf55dc212734c469cd90fe8d976fadf,USGS-02085000,00060,00003,2020-09-16,12.6,ft^3/s,Approved,,2025-03-11 13:33:20.467623+00:00
-79.0955555555555,36.0711111111111,2bf55dc212734c469cd90fe8d976fadf,USGS-02085000,00060,00003,2020-09-15,9.37,ft^3/s,Approved,,2025-03-11 13:33:20.467623+00:00
-79.0955555555555,36.0711111111111,2bf55dc212734c469cd90fe8d976fadf,USGS-02085000,00060,00003,2020-09-14,5.58,ft^3/s,Approved,,2025-03-11 13:33:20.467623+00:00
-79.0955555555555,36.0711111111111,2bf55dc212734c469cd90fe8d976fadf,USGS-02085000,00060,00003,2020-09-13,7.06,ft^3/s,Approved,,2025-03-11 13:33:20.467623+00:00
-79.0955555555555,36.0711111111111,2bf55dc212734c469cd90fe8d976fadf,USGS-02085000,00060,00003,2020-09-12,8.10,ft^3/s,Approved,,2025-03-11 13:33:20.467623+00:00
-79.0955555555555,36.0711111111111,2bf55dc212734c469cd90fe8d976fadf,USGS-02085000,00060,00003,2020-09-11,7.69,ft^3/s,Approved,,2025-03-11 13:33:20.467623+00:00
-79.0955555555555,36.0711111111111,2bf55dc212734c469cd90fe8d976fadf,USGS-02085000,00060,00003,2020-09-10,8.20,ft^3/s,Approved,,2025-03-11 13:33:20.467623+00:00
-79.0955555555555,36.0711111111111,2bf55dc212734c469cd90fe8d976fadf,USGS-02085000,00060,00003,2020-09-09,6.49,ft^3/s,Approved,,2025-03-11 13:33:20.467623+00:00
-79.0955555555555,36.0711111111111,2bf55dc212734c469cd90fe8d976fadf,USGS-02085000,00060,00003,2020-09-08,5.72,ft^3/s,Approved,,2025-03-11 13:33:20.467623+00:00
-79.0955555555555,36.0711111111111,2bf55dc212734c469cd90fe8d976fadf,USGS-02085000,00060,00003,2020-09-07,6.35,ft^3/s,Approved,,2025-03-11 13:33:20.467623+00:00
-79.0955555555555,36.0711111111111,2bf55dc212734c469cd90fe8d976fadf,USGS-02085000,00060,00003,2020-09-06,7.34,ft^3/s,Approved,,2025-03-11 13:33:20.467623+00:00
-79.0955555555555,36.0711111111111,2bf55dc212734c469cd90fe8d976fadf,USGS-02085000,00060,00003,2020-09-05,9.11,ft^3/s,Approved,,2025-03-11 13:33:20.467623+00:00
-79.0955555555555,36.0711111111111,2bf55dc212734c469cd90fe8d976fadf,USGS-02085000,00060,00003,2020-09-04,11.0,ft^3/s,Approved,,2025-03-11 13:33:20.467623+00:00
-79.0955555555555,36.0711111111111,2bf55dc212734c469cd90fe8d976fadf,USGS-02085000,00060,00003,2020-09-03,16.2,ft^3/s,Approved,,2025-03-11 13:33:20.467623+00:00
-79.0955555555555,36.0711111111111,2bf55dc212734c469cd90fe8d976fadf,USGS-02085000,00060,00003,2020-09-02,26.3,ft^3/s,Approved,,2025-03-11 13:33:20.467623+00:00
-79.0955555555555,36.0711111111111,2bf55dc212734c469cd90fe8d976fadf,USGS-02085000,00060,00003,2020-09-01,129,ft^3/s,Approved,,2025-03-11 13:33:20.467623+00:00
-79.0955555555555,36.0711111111111,2bf55dc212734c469cd90fe8d976fadf,USGS-02085000,00060,00003,2020-08-31,53.6,ft^3/s,Approved,,2025-03-11 13:33:20.467623+00:00
-79.0955555555555,36.0711111111111,2bf55dc212734c469cd90fe8d976fadf,USGS-02085000,00060,00003,2020-08-30,7.28,ft^3/s,Approved,,2025-03-11 13:33:20.467623+00:00
-79.0955555555555,36.0711111111111,2bf55dc212734c469cd90fe8d976fadf,USGS-02085000,00060,00003,2020-08-29,7.05,ft^3/s,Approved,,2025-03-11 13:33:20.467623+00:00
-79.0955555555555,36.0711111111111,2bf55dc212734c469cd90fe8d976fadf,USGS-02085000,00060,00003,2020-08-28,6.50,ft^3/s,Approved,,2025-03-11 13:33:20.467623+00:00
-79.0955555555555,36.0711111111111,2bf55dc212734c469cd90fe8d976fadf,USGS-02085000,00060,00003,2020-08-27,7.92,ft^3/s,Approved,,2025-03-11 13:33:20.467623+00:00
-79.0955555555555,36.0711111111111,2bf55dc212734c469cd90fe8d976fadf,USGS-02085000,00060,00003,2020-08-26,9.77,ft^3/s,Approved,,2025-03-11 13:33:20.467623+00:00
-79.0955555555555,36.0711111111111,2bf55dc212734c469cd90fe8d976fadf,USGS-02085000,00060,00003,2020-08-25,12.5,ft^3/s,Approved,,2025-03-11 13:33:20.467623+00:00
-79.0955555555555,36.0711111111111,2bf55dc212734c469cd90fe8d976fadf,USGS-02085000,00060,00003,2020-08-24,16.4,ft^3/s,Approved,,2025-03-11 13:33:20.467623+00:00
-79.0955555555555,36.0711111111111,2bf55dc212734c469cd90fe8d976fadf,USGS-02085000,00060,00003,2020-08-23,25.7,ft^3/s,Approved,,2025-03-11 13:33:20.467623+00:00
-79.0955555555555,36.0711111111111,2bf55dc212734c469cd90fe8d976fadf,USGS-02085000,00060,00003,2020-08-22,42.7,ft^3/s,Approved,,2025-03-11 13:33:20.467623+00:00
-79.0955555555555,36.0711111111111,2bf55dc212734c469cd90fe8d976fadf,USGS-02085000,00060,00003,2020-08-21,29.9,ft^3/s,Approved,,2025-03-11 13:33:20.467623+00:00
-79.0955555555555,36.0711111111111,2bf55dc212734c469cd90fe8d976fadf,USGS-02085000,00060,00003,2020-08-20,18.3,ft^3/s,Approved,,2025-03-11 13:33:20.467623+00:00
-79.0955555555555,36.0711111111111,2bf55dc212734c469cd90fe8d976fadf,USGS-02085000,00060,00003,2020-08-19,19.2,ft^3/s,Approved,,2025-03-11 13:33:20.467623+00:00
-79.0955555555555,36.0711111111111,2bf55dc212734c469cd90fe8d976fadf,USGS-02085000,00060,00003,2020-08-18,52.5,ft^3/s,Approved,,2025-03-11 13:33:20.467623+00:00
-79.0955555555555,36.0711111111111,2bf55dc212734c469cd90fe8d976fadf,USGS-02085000,00060,00003,2020-08-17,35.5,ft^3/s,Approved,,2025-03-11 13:33:20.467623+00:00
-79.0955555555555,36.0711111111111,2bf55dc212734c469cd90fe8d976fadf,USGS-02085000,00060,00003,2020-08-16,42.3,ft^3/s,Approved,,2025-03-11 13:33:20.467623+00:00
-79.0955555555555,36.0711111111111,2bf55dc212734c469cd90fe8d976fadf,USGS-02085000,00060,00003,2020-08-15,22.4,ft^3/s,Approved,,2025-03-11 13:33:20.467623+00:00
-79.0955555555555,36.0711111111111,2bf55dc212734c469cd90fe8d976fadf,USGS-02085000,00060,00003,2020-08-14,7.99,ft^3/s,Approved,,2025-03-11 13:33:20.467623+00:00
-79.0955555555555,36.0711111111111,2bf55dc212734c469cd90fe8d976fadf,USGS-02085000,00060,00003,2020-08-13,8.51,ft^3/s,Approved,,2025-03-11 13:33:20.467623+00:00
-79.0955555555555,36.0711111111111,2bf55dc212734c469cd90fe8d976fadf,USGS-02085000,00060,00003,2020-08-12,10.9,ft^3/s,Approved,,2025-03-11 13:33:20.467623+00:00
-79.0955555555555,36.0711111111111,2bf55dc212734c469cd90fe8d976fadf,USGS-02085000,00060,00003,2020-08-11,12.4,ft^3/s,Approved,,2025-03-11 13:33:20.467623+00:00
-79.0955555555555,36.0711111111111,2bf55dc212734c469cd90fe8d976fadf,USGS-02085000,00060,00003,2020-08-10,18.0,ft^3/s,Approved,,2025-03-11 13:33:20.467623+00:00
-79.0955555555555,36.0711111111111,2bf55dc212734c469cd90fe8d976fadf,USGS-02085000,00060,00003,2020-08-09,26.8,ft^3/s,Approved,,2025-03-11 13:33:20.467623+00:00
-79.0955555555555,36.0711111111111,2bf55dc212734c469cd90fe8d976fadf,USGS-02085000,00060,00003,2020-08-08,18.1,ft^3/s,Approved,,2025-03-11 13:33:20.467623+00:00
-79.0955555555555,36.0711111111111,2bf55dc212734c469cd90fe8d976fadf,USGS-02085000,00060,00003,2020-08-07,23.8,ft^3/s,Approved,,2025-03-11 13:33:20.467623+00:00
-79.0955555555555,36.0711111111111,2bf55dc212734c469cd90fe8d976fadf,USGS-02085000,00060,00003,2020-08-06,16.9,ft^3/s,Approved,,2025-03-11 13:33:20.467623+00:00
-79.0955555555555,36.0711111111111,2bf55dc212734c469cd90fe8d976fadf,USGS-02085000,00060,00003,2020-08-05,17.3,ft^3/s,Approved,,2025-03-11 13:33:20.467623+00:00
-79.0955555555555,36.0711111111111,2bf55dc212734c469cd90fe8d976fadf,USGS-02085000,00060,00003,2020-08-04,66.7,ft^3/s,Approved,,2025-03-11 13:33:20.467623+00:00
-79.0955555555555,36.0711111111111,2bf55dc212734c469cd90fe8d976fadf,USGS-02085000,00060,00003,2020-08-03,18.6,ft^3/s,Approved,,2025-03-11 13:33:20.467623+00:00
-79.0955555555555,36.0711111111111,2bf55dc212734c469cd90fe8d976fadf,USGS-02085000,00060,00003,2020-08-02,7.30,ft^3/s,Approved,,2025-03-11 13:33:20.467623+00:00
-79.0955555555555,36.0711111111111,2bf55dc212734c469cd90fe8d976fadf,USGS-02085000,00060,00003,2020-08-01,7.54,ft^3/s,Approved,,2025-03-11 13:33:20.467623+00:00
-79.0955555555555,36.0711111111111,2bf55dc212734c469cd90fe8d976fadf,USGS-02085000,00060,00003,2020-07-31,7.87,ft^3/s,Approved,,2025-03-11 13:33:20.467623+00:00
-79.0955555555555,36.0711111111111,2bf55dc212734c469cd90fe8d976fadf,USGS-02085000,00060,00003,2020-07-30,9.25,ft^3/s,Approved,,2025-03-11 13:33:20.467623+00:00
-79.0955555555555,36.0711111111111,2bf55dc212734c469cd90fe8d976fadf,USGS-02085000,00060,00003,2020-07-29,8.03,ft^3/s,Approved,,2025-03-11 13:33:20.467623+00:00
-79.0955555555555,36.0711111111111,2bf55dc212734c469cd90fe8d976fadf,USGS-02085000,00060,00003,2020-07-28,6.80,ft^3/s,Approved,,2025-03-11 13:33:20.467623+00:00
-79.0955555555555,36.0711111111111,2bf55dc212734c469cd90fe8d976fadf,USGS-02085000,00060,00003,2020-07-27,7.62,ft^3/s,Approved,,2025-03-11 13:33:20.467623+00:00
-79.0955555555555,36.0711111111111,2bf55dc212734c469cd90fe8d976fadf,USGS-02085000,00060,00003,2020-07-26,9.08,ft^3/s,Approved,,2025-03-11 13:33:20.467623+00:00
-79.0955555555555,36.0711111111111,2bf55dc212734c469cd90fe8d976fadf,USGS-02085000,00060,00003,2020-07-25,11.0,ft^3/s,Approved,,2025-03-11 13:33:20.467623+00:00
-79.0955555555555,36.0711111111111,2bf55dc212734c469cd90fe8d976fadf,USGS-02085000,00060,00003,2020-07-24,11.4,ft^3/s,Approved,,2025-03-11 13:33:20.467623+00:00
-79.0955555555555,36.0711111111111,2bf55dc212734c469cd90fe8d976fadf,USGS-02085000,00060,00003,2020-07-23,9.75,ft^3/s,Approved,,2025-03-11 13:33:20.467623+00:00
-79.0955555555555,36.0711111111111,2bf55dc212734c469cd90fe8d976fadf,USGS-02085000,00060,00003,2020-07-22,9.31,ft^3/s,Approved,,2025-03-11 13:33:20.467623+00:00
-79.0955555555555,36.0711111111111,2bf55dc212734c469cd90fe8d976fadf,USGS-02085000,00060,00003,2020-07-21,15.4,ft^3/s,Approved,,2025-03-11 13:33:20.467623+00:00
-79.0955555555555,36.0711111111111,2bf55dc212734c469cd90fe8d976fadf,USGS-02085000,00060,00003,2020-07-20,19.1,ft^3/s,Approved,,2025-03-11 13:33:20.467623+00:00
-79.0955555555555,36.0711111111111,2bf55dc212734c469cd90fe8d976fadf,USGS-02085000,00060,00003,2020-07-19,50.6,ft^3/s,Approved,,2025-03-11 13:33:20.467623+00:00
-79.0955555555555,36.0711111111111,2bf55dc212734c469cd90fe8d976fadf,USGS-02085000,00060,00003,2020-07-18,51.8,ft^3/s,Approved,,2025-03-11 13:33:20.467623+00:00
-79.0955555555555,36.0711111111111,2bf55dc212734c469cd90fe8d976fadf,USGS-02085000,00060,00003,2020-07-17,9.92,ft^3/s,Approved,,2025-03-11 13:33:20.467623+00:00
-79.0955555555555,36.0711111111111,2bf55dc212734c469cd90fe8d976fadf,USGS-02085000,00060,00003,2020-07-16,8.10,ft^3/s,Approved,,2025-03-11 13:33:20.467623+00:00
-79.0955555555555,36.0711111111111,2bf55dc212734c469cd90fe8d976fadf,USGS-02085000,00060,00003,2020-07-15,9.09,ft^3/s,Approved,,2025-03-11 13:33:20.467623+00:00
-79.0955555555555,36.0711111111111,2bf55dc212734c469cd90fe8d976fadf,USGS-02085000,00060,00003,2020-07-14,10.8,ft^3/s,Approved,,2025-03-11 13:33:20.467623+00:00
-79.0955555555555,36.0711111111111,2bf55dc212734c469cd90fe8d976fadf,USGS-02085000,00060,00003,2020-07-13,12.9,ft^3/s,Approved,,2025-03-11 13:33:20.467623+00:00
-79.0955555555555,36.0711111111111,2bf55dc212734c469cd90fe8d976fadf,USGS-02085000,00060,00003,2020-07-12,16.1,ft^3/s,Approved,,2025-03-11 13:33:20.467623+00:00
-79.0955555555555,36.0711111111111,2bf55dc212734c469cd90fe8d976fadf,USGS-02085000,00060,00003,2020-07-11,27.1,ft^3/s,Approved,,2025-03-11 13:33:20.467623+00:00
-79.0955555555555,36.0711111111111,2bf55dc212734c469cd90fe8d976fadf,USGS-02085000,00060,00003,2020-07-10,25.8,ft^3/s,Approved,,2025-03-11 13:33:20.467623+00:00
-79.0955555555555,36.0711111111111,2bf55dc212734c469cd90fe8d976fadf,USGS-02085000,00060,00003,2020-07-09,18.9,ft^3/s,Approved,,2025-03-11 13:33:20.467623+00:00
-79.0955555555555,36.0711111111111,2bf55dc212734c469cd90fe8d976fadf,USGS-02085000,00060,00003,2020-07-08,14.5,ft^3/s,Approved,,2025-03-11 13:33:20.467623+00:00
-79.0955555555555,36.0711111111111,2bf55dc212734c469cd90fe8d976fadf,USGS-02085000,00060,00003,2020-07-07,13.2,ft^3/s,Approved,,2025-03-11 13:33:20.467623+00:00
-79.0955555555555,36.0711111111111,2bf55dc212734c469cd90fe8d976fadf,USGS-02085000,00060,00003,2020-07-06,26.8,ft^3/s,Approved,,2025-03-11 13:33:20.467623+00:00
-79.0955555555555,36.0711111111111,2bf55dc212734c469cd90fe8d976fadf,USGS-02085000,00060,00003,2020-07-05,32.4,ft^3/s,Approved,,2025-03-11 13:33:20.467623+00:00
-79.0955555555555,36.0711111111111,2bf55dc212734c469cd90fe8d976fadf,USGS-02085000,00060,00003,2020-07-04,33.1,ft^3/s,Approved,,2025-03-11 13:33:20.467623+00:00
-79.0955555555555,36.0711111111111,2bf55dc212734c469cd90fe8d976fadf,USGS-02085000,00060,00003,2020-07-03,35.6,ft^3/s,Approved,,2025-03-11 13:33:20.467623+00:00
-79.0955555555555,36.0711111111111,2bf55dc212734c469cd90fe8d976fadf,USGS-02085000,00060,00003,2020-07-02,38.9,ft^3/s,Approved,,2025-03-11 13:33:20.467623+00:00
-79.0955555555555,36.0711111111111,2bf55dc212734c469cd90fe8d976fadf,USGS-02085000,00060,00003,2020-07-01,36.6,ft^3/s,Approved,,2025-03-11 13:33:20.467623+00:00
-79.0955555555555,36.0711111111111,2bf55dc212734c469cd90fe8d976fadf,USGS-02085000,00060,00003,2020-06-30,37.5,ft^3/s,Approved,,2025-03-11 13:33:20.467623+00:00
-79.0955555555555,36.0711111111111,2bf55dc212734c469cd90fe8d976fadf,USGS-02085000,00060,00003,2020-06-29,39.4,ft^3/s,Approved,,2025-03-11 13:33:20.467623+00:00
-79.0955555555555,36.0711111111111,2bf55dc212734c469cd90fe8d976fadf,USGS-02085000,00060,00003,2020-06-28,41.1,ft^3/s,Approved,,2025-03-11 13:33:20.467623+00:00
-79.0955555555555,36.0711111111111,2bf55dc212734c469cd90fe8d976fadf,USGS-02085000,00060,00003,2020-06-27,43.6,ft^3/s,Approved,,2025-03-11 13:33:20.467623+00:00
-79.0955555555555,36.0711111111111,2bf55dc212734c469cd90fe8d976fadf,USGS-02085000,00060,00003,2020-06-26,45.6,ft^3/s,Approved,,2025-03-11 13:33:20.467623+00:00
-79.0955555555555,36.0711111111111,2bf55dc212734c469cd90fe8d976fadf,USGS-02085000,00060,00003,2020-06-25,49.7,ft^3/s,Approved,,2025-03-11 13:33:20.467623+00:00
-79.0955555555555,36.0711111111111,2bf55dc212734c469cd90fe8d976fadf,USGS-02085000,00060,00003,2020-06-24,56.1,ft^3/s,Approved,,2025-03-11 13:33:20.467623+00:00
-79.0955555555555,36.0711111111111,2bf55dc212734c469cd90fe8d976fadf,USGS-02085000,00060,00003,2020-06-23,60.2,ft^3/s,Approved,,2025-03-11 13:33:20.467623+00:00
-79.0955555555555,36.0711111111111,2bf55dc212734c469cd90fe8d976fadf,USGS-02085000,00060,00003,2020-06-22,67.2,ft^3/s,Approved,,2025-03-11 13:33:20.467623+00:00
-79.0955555555555,36.0711111111111,2bf55dc212734c469cd90fe8d976fadf,USGS-02085000,00060,00003,2020-06-21,79.1,ft^3/s,Approved,,2025-03-11 13:33:20.467623+00:00
-79.0955555555555,36.0711111111111,2bf55dc212734c469cd90fe8d976fadf,USGS-02085000,00060,00003,2020-06-20,88.6,ft^3/s,Approved,,2025-03-11 13:33:20.467623+00:00
-79.0955555555555,36.0711111111111,2bf55dc212734c469cd90fe8d976fadf,USGS-02085000,00060,00003,2020-06-19,107,ft^3/s,Approved,,2025-03-11 13:33:20.467623+00:00
-79.0955555555555,36.0711111111111,2bf55dc212734c469cd90fe8d976fadf,USGS-02085000,00060,00003,2020-06-18,157,ft^3/s,Approved,,2025-03-11 13:33:20.467623+00:00
-79.0955555555555,36.0711111111111,2bf55dc212734c469cd90fe8d976fadf,USGS-02085000,00060,00003,2020-06-17,368,ft^3/s,Approved,,2025-03-11 13:33:20.467623+00:00
-79.0955555555555,36.0711111111111,2bf55dc212734c469cd90fe8d976fadf,USGS-02085000,00060,00003,2020-06-16,247,ft^3/s,Approved,,2025-03-11 13:33:20.467623+00:00
-79.0955555555555,36.0711111111111,2bf55dc212734c469cd90fe8d976fadf,USGS-02085000,00060,00003,2020-06-15,68.6,ft^3/s,Approved,,2025-03-11 13:33:20.467623+00:00
-79.0955555555555,36.0711111111111,2bf55dc212734c469cd90fe8d976fadf,USGS-02085000,00060,00003,2020-06-14,83.4,ft^3/s,Approved,,2025-03-11 13:33:20.467623+00:00
-79.0955555555555,36.0711111111111,2bf55dc212734c469cd90fe8d976fadf,USGS-02085000,00060,00003,2020-06-13,159,ft^3/s,Approved,,2025-03-11 13:33:20.467623+00:00
-79.0955555555555,36.0711111111111,2bf55dc212734c469cd90fe8d976fadf,USGS-02085000,00060,00003,2020-06-12,589,ft^3/s,Approved,,2025-03-11 13:33:20.467623+00:00
-79.0955555555555,36.0711111111111,2bf55dc212734c469cd90fe8d976fadf,USGS-02085000,00060,00003,2020-06-11,236,ft^3/s,Approved,,2025-03-11 13:33:20.467623+00:00
-79.0955555555555,36.0711111111111,2bf55dc212734c469cd90fe8d976fadf,USGS-02085000,00060,00003,2020-06-10,17.0,ft^3/s,Approved,,2025-03-11 13:33:20.467623+00:00
-79.0955555555555,36.0711111111111,2bf55dc212734c469cd90fe8d976fadf,USGS-02085000,00060,00003,2020-06-09,17.9,ft^3/s,Approved,,2025-03-11 13:33:20.467623+00:00
-79.0955555555555,36.0711111111111,2bf55dc212734c469cd90fe8d976fadf,USGS-02085000,00060,00003,2020-06-08,36.6,ft^3/s,Approved,,2025-03-11 13:33:20.467623+00:00
-79.0955555555555,36.0711111111111,2bf55dc212734c469cd90fe8d976fadf,USGS-02085000,00060,00003,2020-06-07,48.0,ft^3/s,Approved,,2025-03-11 13:33:20.467623+00:00
-79.0955555555555,36.0711111111111,2bf55dc212734c469cd90fe8d976fadf,USGS-02085000,00060,00003,2020-06-06,51.3,ft^3/s,Approved,,2025-03-11 13:33:20.467623+00:00
-79.0955555555555,36.0711111111111,2bf55dc212734c469cd90fe8d976fadf,USGS-02085000,00060,00003,2020-06-05,51.7,ft^3/s,Approved,,2025-03-11 13:33:20.467623+00:00
-79.0955555555555,36.0711111111111,2bf55dc212734c469cd90fe8d976fadf,USGS-02085000,00060,00003,2020-06-04,54.3,ft^3/s,Approved,,2025-03-11 13:33:20.467623+00:00
-79.0955555555555,36.0711111111111,2bf55dc212734c469cd90fe8d976fadf,USGS-02085000,00060,00003,2020-06-03,58.7,ft^3/s,Approved,,2025-03-11 13:33:20.467623+00:00
-79.0955555555555,36.0711111111111,2bf55dc212734c469cd90fe8d976fadf,USGS-02085000,00060,00003,2020-06-02,63.6,ft^3/s,Approved,,2025-03-11 13:33:20.467623+00:00
-79.0955555555555,36.0711111111111,2bf55dc212734c469cd90fe8d976fadf,USGS-02085000,00060,00003,2020-06-01,70.9,ft^3/s,Approved,,2025-03-11 13:33:20.467623+00:00
-79.0955555555555,36.0711111111111,2bf55dc212734c469cd90fe8d976fadf,USGS-02085000,00060,00003,2020-05-31,90.0,ft^3/s,Approved,,2025-03-11 13:33:20.467623+00:00
-79.0955555555555,36.0711111111111,2bf55dc212734c469cd90fe8d976fadf,USGS-02085000,00060,00003,2020-05-30,128,ft^3/s,Approved,,2025-03-11 13:33:20.467623+00:00
-79.0955555555555,36.0711111111111,2bf55dc212734c469cd90fe8d976fadf,USGS-02085000,00060,00003,2020-05-29,164,ft^3/s,Approved,,2025-03-11 13:33:20.467623+00:00
-79.0955555555555,36.0711111111111,2bf55dc212734c469cd90fe8d976fadf,USGS-02085000,00060,00003,2020-05-28,127,ft^3/s,Approved,,2025-03-11 13:33:20.467623+00:00
-79.0955555555555,36.0711111111111,2bf55dc212734c469cd90fe8d976fadf,USGS-02085000,00060,00003,2020-05-27,87.1,ft^3/s,Approved,,2025-03-11 13:33:20.467623+00:00
-79.0955555555555,36.0711111111111,2bf55dc212734c469cd90fe8d976fadf,USGS-02085000,00060,00003,2020-05-26,90.4,ft^3/s,Approved,,2025-03-11 13:33:20.467623+00:00
-79.0955555555555,36.0711111111111,2bf55dc212734c469cd90fe8d976fadf,USGS-02085000,00060,00003,2020-05-25,106,ft^3/s,Approved,,2025-03-11 13:33:20.467623+00:00
-79.0955555555555,36.0711111111111,2bf55dc212734c469cd90fe8d976fadf,USGS-02085000,00060,00003,2020-05-24,134,ft^3/s,Approved,,2025-03-11 13:33:20.467623+00:00
-79.0955555555555,36.0711111111111,2bf55dc212734c469cd90fe8d976fadf,USGS-02085000,00060,00003,2020-05-23,242,ft^3/s,Approved,,2025-03-11 13:33:20.467623+00:00
-79.0955555555555,36.0711111111111,2bf55dc212734c469cd90fe8d976fadf,USGS-02085000,00060,00003,2020-05-22,878,ft^3/s,Approved,,2025-03-11 13:33:20.467623+00:00
-79.0955555555555,36.0711111111111,2bf55dc212734c469cd90fe8d976fadf,USGS-02085000,00060,00003,2020-05-21,1250,ft^3/s,Approved,,2025-03-11 13:33:20.467623+00:00
-79.0955555555555,36.0711111111111,2bf55dc212734c469cd90fe8d976fadf,USGS-02085000,00060,00003,2020-05-20,281,ft^3/s,Approved,,2025-03-11 13:33:20.467623+00:00
-79.0955555555555,36.0711111111111,2bf55dc212734c469cd90fe8d976fadf,USGS-02085000,00060,00003,2020-05-19,106,ft^3/s,Approved,,2025-03-11 13:33:20.467623+00:00
-79.0955555555555,36.0711111111111,2bf55dc212734c469cd90fe8d976fadf,USGS-02085000,00060,00003,2020-05-18,28.3,ft^3/s,Approved,,2025-03-11 13:33:20.467623+00:00
-79.0955555555555,36.0711111111111,2bf55dc212734c469cd90fe8d976fadf,USGS-02085000,00060,00003,2020-05-17,26.5,ft^3/s,Approved,,2025-03-11 13:33:20.467623+00:00
-79.0955555555555,36.0711111111111,2bf55dc212734c469cd90fe8d976fadf,USGS-02085000,00060,00003,2020-05-16,27.8,ft^3/s,Approved,,2025-03-11 13:33:20.467623+00:00
-79.0955555555555,36.0711111111111,2bf55dc212734c469cd90fe8d976fadf,USGS-02085000,00060,00003,2020-05-15,27.8,ft^3/s,Approved,,2025-03-11 13:33:20.467623+00:00
-79.0955555555555,36.0711111111111,2bf55dc212734c469cd90fe8d976fadf,USGS-02085000,00060,00003,2020-05-14,28.1,ft^3/s,Approved,,2025-03-11 13:33:20.467623+00:00
-79.0955555555555,36.0711111111111,2bf55dc212734c469cd90fe8d976fadf,USGS-02085000,00060,00003,2020-05-13,27.0,ft^3/s,Approved,,2025-03-11 13:33:20.467623+00:00
-79.0955555555555,36.0711111111111,2bf55dc212734c469cd90fe8d976fadf,USGS-02085000,00060,00003,2020-05-12,27.7,ft^3/s,Approved,,2025-03-11 13:33:20.467623+00:00
-79.0955555555555,36.0711111111111,2bf55dc212734c469cd90fe8d976fadf,USGS-02085000,00060,00003,2020-05-11,29.4,ft^3/s,Approved,,2025-03-11 13:33:20.467623+00:00
-79.0955555555555,36.0711111111111,2bf55dc212734c469cd90fe8d976fadf,USGS-02085000,00060,00003,2020-05-10,31.5,ft^3/s,Approved,,2025-03-11 13:33:20.467623+00:00
-79.0955555555555,36.0711111111111,2bf55dc212734c469cd90fe8d976fadf,USGS-02085000,00060,00003,2020-05-09,34.0,ft^3/s,Approved,,2025-03-11 13:33:20.467623+00:00
-79.0955555555555,36.0711111111111,2bf55dc212734c469cd90fe8d976fadf,USGS-02085000,00060,00003,2020-05-08,34.9,ft^3/s,Approved,,2025-03-11 13:33:20.467623+00:00
-79.0955555555555,36.0711111111111,2bf55dc212734c469cd90fe8d976fadf,USGS-02085000,00060,00003,2020-05-07,37.7,ft^3/s,Approved,,2025-03-11 13:33:20.467623+00:00
-79.0955555555555,36.0711111111111,2bf55dc212734c469cd90fe8d976fadf,USGS-02085000,00060,00003,2020-05-06,44.3,ft^3/s,Approved,,2025-03-11 13:33:20.467623+00:00
-79.0955555555555,36.0711111111111,2bf55dc212734c469cd90fe8d976fadf,USGS-02085000,00060,00003,2020-05-05,47.4,ft^3/s,Approved,,2025-03-11 13:33:20.467623+00:00
-79.0955555555555,36.0711111111111,2bf55dc212734c469cd90fe8d976fadf,USGS-02085000,00060,00003,2020-05-04,55.6,ft^3/s,Approved,,2025-03-11 13:33:20.467623+00:00
-79.0955555555555,36.0711111111111,2bf55dc212734c469cd90fe8d976fadf,USGS-02085000,00060,00003,2020-05-03,70.4,ft^3/s,Approved,,2025-03-11 13:33:20.467623+00:00
-79.0955555555555,36.0711111111111,2bf55dc212734c469cd90fe8d976fadf,USGS-02085000,00060,00003,2020-05-02,104,ft^3/s,Approved,,2025-03-11 13:33:20.467623+00:00
-79.0955555555555,36.0711111111111,2bf55dc212734c469cd90fe8d976fadf,USGS-02085000,00060,00003,2020-05-01,247,ft^3/s,Approved,,2025-03-11 13:33:20.467623+00:00
-79.0955555555555,36.0711111111111,2bf55dc212734c469cd90fe8d976fadf,USGS-02085000,00060,00003,2020-04-30,528,ft^3/s,Approved,,2025-03-11 13:33:20.467623+00:00
-79.0955555555555,36.0711111111111,2bf55dc212734c469cd90fe8d976fadf,USGS-02085000,00060,00003,2020-04-29,26.7,ft^3/s,Approved,,2025-03-11 13:33:20.467623+00:00
-79.0955555555555,36.0711111111111,2bf55dc212734c469cd90fe8d976fadf,USGS-02085000,00060,00003,2020-04-28,31.8,ft^3/s,Approved,,2025-03-11 13:33:20.467623+00:00
-79.0955555555555,36.0711111111111,2bf55dc212734c469cd90fe8d976fadf,USGS-02085000,00060,00003,2020-04-27,50.8,ft^3/s,Approved,,2025-03-11 13:33:20.467623+00:00
-79.0955555555555,36.0711111111111,2bf55dc212734c469cd90fe8d976fadf,USGS-02085000,00060,00003,2020-04-26,60.0,ft^3/s,Approved,,2025-03-11 13:33:20.467623+00:00
-79.0955555555555,36.0711111111111,2bf55dc212734c469cd90fe8d976fadf,USGS-02085000,00060,00003,2020-04-25,30.3,ft^3/s,Approved,,2025-03-11 13:33:20.467623+00:00
-79.0955555555555,36.0711111111111,2bf55dc212734c469cd90fe8d976fadf,USGS-02085000,00060,00003,2020-04-24,35.6,ft^3/s,Approved,,2025-03-11 13:33:20.467623+00:00
-79.0955555555555,36.0711111111111,2bf55dc212734c469cd90fe8d976fadf,USGS-02085000,00060,00003,2020-04-23,29.4,ft^3/s,Approved,,2025-03-11 13:33:20.467623+00:00
-79.0955555555555,36.0711111111111,2bf55dc212734c469cd90fe8d976fadf,USGS-02085000,00060,00003,2020-04-22,36.4,ft^3/s,Approved,,2025-03-11 13:33:20.467623+00:00
-79.0955555555555,36.0711111111111,2bf55dc212734c469cd90fe8d976fadf,USGS-02085000,00060,00003,2020-04-21,55.3,ft^3/s,Approved,,2025-03-11 13:33:20.467623+00:00
-79.0955555555555,36.0711111111111,2bf55dc212734c469cd90fe8d976fadf,USGS-02085000,00060,00003,2020-04-20,56.9,ft^3/s,Approved,,2025-03-11 13:33:20.467623+00:00
-79.0955555555555,36.0711111111111,2bf55dc212734c469cd90fe8d976fadf,USGS-02085000,00060,00003,2020-04-19,37.0,ft^3/s,Approved,,2025-03-11 13:33:20.467623+00:00
-79.0955555555555,36.0711111111111,2bf55dc212734c469cd90fe8d976fadf,USGS-02085000,00060,00003,2020-04-18,39.6,ft^3/s,Approved,,2025-03-11 13:33:20.467623+00:00
-79.0955555555555,36.0711111111111,2bf55dc212734c469cd90fe8d976fadf,USGS-02085000,00060,00003,2020-04-17,31.3,ft^3/s,Approved,,2025-03-11 13:33:20.467623+00:00
-79.0955555555555,36.0711111111111,2bf55dc212734c469cd90fe8d976fadf,USGS-02085000,00060,00003,2020-04-16,38.1,ft^3/s,Approved,,2025-03-11 13:33:20.467623+00:00
-79.0955555555555,36.0711111111111,2bf55dc212734c469cd90fe8d976fadf,USGS-02085000,00060,00003,2020-04-15,61.6,ft^3/s,Approved,,2025-03-11 13:33:20.467623+00:00
-79.0955555555555,36.0711111111111,2bf55dc212734c469cd90fe8d976fadf,USGS-02085000,00060,00003,2020-04-14,128,ft^3/s,Approved,,2025-03-11 13:33:20.467623+00:00
-79.0955555555555,36.0711111111111,2bf55dc212734c469cd90fe8d976fadf,USGS-02085000,00060,00003,2020-04-13,316,ft^3/s,Approved,,2025-03-11 13:33:20.467623+00:00
-79.0955555555555,36.0711111111111,2bf55dc212734c469cd90fe8d976fadf,USGS-02085000,00060,00003,2020-04-12,28.9,ft^3/s,Approved,,2025-03-11 13:33:20.467623+00:00
-79.0955555555555,36.0711111111111,2bf55dc212734c469cd90fe8d976fadf,USGS-02085000,00060,00003,2020-04-11,29.1,ft^3/s,Approved,,2025-03-11 13:33:20.467623+00:00
-79.0955555555555,36.0711111111111,2bf55dc212734c469cd90fe8d976fadf,USGS-02085000,00060,00003,2020-04-10,30.4,ft^3/s,Approved,,2025-03-11 13:33:20.467623+00:00
-79.0955555555555,36.0711111111111,2bf55dc212734c469cd90fe8d976fadf,USGS-02085000,00060,00003,2020-04-09,24.2,ft^3/s,Approved,,2025-03-11 13:33:20.467623+00:00
-79.0955555555555,36.0711111111111,2bf55dc212734c469cd90fe8d976fadf,USGS-02085000,00060,00003,2020-04-08,26.4,ft^3/s,Approved,,2025-03-11 13:33:20.467623+00:00
-79.0955555555555,36.0711111111111,2bf55dc212734c469cd90fe8d976fadf,USGS-02085000,00060,00003,2020-04-07,27.7,ft^3/s,Approved,,2025-03-11 13:33:20.467623+00:00
-79.0955555555555,36.0711111111111,2bf55dc212734c469cd90fe8d976fadf,USGS-02085000,00060,00003,2020-04-06,27.4,ft^3/s,Approved,,2025-03-11 13:33:20.467623+00:00
-79.0955555555555,36.0711111111111,2bf55dc212734c469cd90fe8d976fadf,USGS-02085000,00060,00003,2020-04-05,29.0,ft^3/s,Approved,,2025-03-11 13:33:20.467623+00:00
-79.0955555555555,36.0711111111111,2bf55dc212734c469cd90fe8d976fadf,USGS-02085000,00060,00003,2020-04-04,30.6,ft^3/s,Approved,,2025-03-11 13:33:20.467623+00:00
-79.0955555555555,36.0711111111111,2bf55dc212734c469cd90fe8d976fadf,USGS-02085000,00060,00003,2020-04-03,33.1,ft^3/s,Approved,,2025-03-11 13:33:20.467623+00:00
-79.0955555555555,36.0711111111111,2bf55dc212734c469cd90fe8d976fadf,USGS-02085000,00060,00003,2020-04-02,34.7,ft^3/s,Approved,,2025-03-11 13:33:20.467623+00:00
-79.0955555555555,36.0711111111111,2bf55dc212734c469cd90fe8d976fadf,USGS-02085000,00060,00003,2020-04-01,38.8,ft^3/s,Approved,,2025-03-11 13:33:20.467623+00:00
-79.0955555555555,36.0711111111111,2bf55dc212734c469cd90fe8d976fadf,USGS-02085000,00060,00003,2020-03-31,40.1,ft^3/s,Approved,,2025-03-11 13:33:20.467623+00:00
-79.0955555555555,36.0711111111111,2bf55dc212734c469cd90fe8d976fadf,USGS-02085000,00060,00003,2020-03-30,45.8,ft^3/s,Approved,,2025-03-11 13:33:20.467623+00:00
-79.0955555555555,36.0711111111111,2bf55dc212734c469cd90fe8d976fadf,USGS-02085000,00060,00003,2020-03-29,56.9,ft^3/s,Approved,,2025-03-11 13:33:20.467623+00:00
-79.0955555555555,36.0711111111111,2bf55dc212734c469cd90fe8d976fadf,USGS-02085000,00060,00003,2020-03-28,70.3,ft^3/s,Approved,,2025-03-11 13:33:20.467623+00:00
-79.0955555555555,36.0711111111111,2bf55dc212734c469cd90fe8d976fadf,USGS-02085000,00060,00003,2020-03-27,94.6,ft^3/s,Approved,,2025-03-11 13:33:20.467623+00:00
-79.0955555555555,36.0711111111111,2bf55dc212734c469cd90fe8d976fadf,USGS-02085000,00060,00003,2020-03-26,169,ft^3/s,Approved,,2025-03-11 13:33:20.467623+00:00
-79.0955555555555,36.0711111111111,2bf55dc212734c469cd90fe8d976fadf,USGS-02085000,00060,00003,2020-03-25,573,ft^3/s,Approved,,2025-03-11 13:33:20.467623+00:00
-79.0955555555555,36.0711111111111,2bf55dc212734c469cd90fe8d976fadf,USGS-02085000,00060,00003,2020-03-24,51.9,ft^3/s,Approved,,2025-03-11 13:33:20.467623+00:00
-79.0955555555555,36.0711111111111,2bf55dc212734c469cd90fe8d976fadf,USGS-02085000,00060,00003,2020-03-23,41.7,ft^3/s,Approved,,2025-03-11 13:33:20.467623+00:00
-79.0955555555555,36.0711111111111,2bf55dc212734c469cd90fe8d976fadf,USGS-02085000,00060,00003,2020-03-22,29.3,ft^3/s,Approved,,2025-03-11 13:33:20.467623+00:00
-79.0955555555555,36.0711111111111,2bf55dc212734c469cd90fe8d976fadf,USGS-02085000,00060,00003,2020-03-21,30.2,ft^3/s,Approved,,2025-03-11 13:33:20.467623+00:00
-79.0955555555555,36.0711111111111,2bf55dc212734c469cd90fe8d976fadf,USGS-02085000,00060,00003,2020-03-20,30.6,ft^3/s,Approved,,2025-03-11 13:33:20.467623+00:00
-79.0955555555555,36.0711111111111,2bf55dc212734c469cd90fe8d976fadf,USGS-02085000,00060,00003,2020-03-19,30.1,ft^3/s,Approved,,2025-03-11 13:33:20.467623+00:00
-79.0955555555555,36.0711111111111,2bf55dc212734c469cd90fe8d976fadf,USGS-02085000,00060,00003,2020-03-18,28.9,ft^3/s,Approved,,2025-03-11 13:33:20.467623+00:00
-79.0955555555555,36.0711111111111,2bf55dc212734c469cd90fe8d976fadf,USGS-02085000,00060,00003,2020-03-17,29.2,ft^3/s,Approved,,2025-03-11 13:33:20.467623+00:00
-79.0955555555555,36.0711111111111,2bf55dc212734c469cd90fe8d976fadf,USGS-02085000,00060,00003,2020-03-16,29.1,ft^3/s,Approved,,2025-03-11 13:33:20.467623+00:00
-79.0955555555555,36.0711111111111,2bf55dc212734c469cd90fe8d976fadf,USGS-02085000,00060,00003,2020-03-15,31.4,ft^3/s,Approved,,2025-03-11 13:33:20.467623+00:00
-79.0955555555555,36.0711111111111,2bf55dc212734c469cd90fe8d976fadf,USGS-02085000,00060,00003,2020-03-14,33.4,ft^3/s,Approved,,2025-03-11 13:33:20.467623+00:00
-79.0955555555555,36.0711111111111,2bf55dc212734c469cd90fe8d976fadf,USGS-02085000,00060,00003,2020-03-13,34.9,ft^3/s,Approved,,2025-03-11 13:33:20.467623+00:00
-79.0955555555555,36.0711111111111,2bf55dc212734c469cd90fe8d976fadf,USGS-02085000,00060,00003,2020-03-12,33.9,ft^3/s,Approved,,2025-03-11 13:33:20.467623+00:00
-79.0955555555555,36.0711111111111,2bf55dc212734c469cd90fe8d976fadf,USGS-02085000,00060,00003,2020-03-11,36.0,ft^3/s,Approved,,2025-03-11 13:33:20.467623+00:00
-79.0955555555555,36.0711111111111,2bf55dc212734c469cd90fe8d976fadf,USGS-02085000,00060,00003,2020-03-10,36.3,ft^3/s,Approved,,2025-03-11 13:33:20.467623+00:00
-79.0955555555555,36.0711111111111,2bf55dc212734c469cd90fe8d976fadf,USGS-02085000,00060,00003,2020-03-09,49.1,ft^3/s,Approved,,2025-03-11 13:33:20.467623+00:00
-79.0955555555555,36.0711111111111,2bf55dc212734c469cd90fe8d976fadf,USGS-02085000,00060,00003,2020-03-08,61.2,ft^3/s,Approved,,2025-03-11 13:33:20.467623+00:00
-79.0955555555555,36.0711111111111,2bf55dc212734c469cd90fe8d976fadf,USGS-02085000,00060,00003,2020-03-07,64.9,ft^3/s,Approved,,2025-03-11 13:33:20.467623+00:00
-79.0955555555555,36.0711111111111,2bf55dc212734c469cd90fe8d976fadf,USGS-02085000,00060,00003,2020-03-06,68.7,ft^3/s,Approved,,2025-03-11 13:33:20.467623+00:00
-79.0955555555555,36.0711111111111,2bf55dc212734c469cd90fe8d976fadf,USGS-02085000,00060,00003,2020-03-05,73.3,ft^3/s,Approved,,2025-03-11 13:33:20.467623+00:00
-79.0955555555555,36.0711111111111,2bf55dc212734c469cd90fe8d976fadf,USGS-02085000,00060,00003,2020-03-04,79.9,ft^3/s,Approved,,2025-03-11 13:33:20.467623+00:00
-79.0955555555555,36.0711111111111,2bf55dc212734c469cd90fe8d976fadf,USGS-02085000,00060,00003,2020-03-03,78.3,ft^3/s,Approved,,2025-03-11 13:33:20.467623+00:00
-79.0955555555555,36.0711111111111,2bf55dc212734c469cd90fe8d976fadf,USGS-02085000,00060,00003,2020-03-02,76.2,ft^3/s,Approved,,2025-03-11 13:33:20.467623+00:00
-79.0955555555555,36.0711111111111,2bf55dc212734c469cd90fe8d976fadf,USGS-02085000,00060,00003,2020-03-01,79.2,ft^3/s,Approved,,2025-03-11 13:33:20.467623+00:00
-79.0955555555555,36.0711111111111,2bf55dc212734c469cd90fe8d976fadf,USGS-02085000,00060,00003,2020-02-29,86.5,ft^3/s,Approved,,2025-03-11 13:33:20.467623+00:00
-79.0955555555555,36.0711111111111,2bf55dc212734c469cd90fe8d976fadf,USGS-02085000,00060,00003,2020-02-28,93.4,ft^3/s,Approved,,2025-03-11 13:33:20.467623+00:00
-79.0955555555555,36.0711111111111,2bf55dc212734c469cd90fe8d976fadf,USGS-02085000,00060,00003,2020-02-27,109,ft^3/s,Approved,,2025-03-11 13:33:20.467623+00:00
-79.0955555555555,36.0711111111111,2bf55dc212734c469cd90fe8d976fadf,USGS-02085000,00060,00003,2020-02-26,132,ft^3/s,Approved,,2025-03-11 13:33:20.467623+00:00
-79.0955555555555,36.0711111111111,2bf55dc212734c469cd90fe8d976fadf,USGS-02085000,00060,00003,2020-02-25,152,ft^3/s,Approved,,2025-03-11 13:33:20.467623+00:00
-79.0955555555555,36.0711111111111,2bf55dc212734c469cd90fe8d976fadf,USGS-02085000,00060,00003,2020-02-24,98.9,ft^3/s,Approved,,2025-03-11 13:33:20.467623+00:00
-79.0955555555555,36.0711111111111,2bf55dc212734c469cd90fe8d976fadf,USGS-02085000,00060,00003,2020-02-23,107,ft^3/s,Approved,,2025-03-11 13:33:20.467623+00:00
-79.0955555555555,36.0711111111111,2bf55dc212734c469cd90fe8d976fadf,USGS-02085000,00060,00003,2020-02-22,117,ft^3/s,Approved,,2025-03-11 13:33:20.467623+00:00
-79.0955555555555,36.0711111111111,2bf55dc212734c469cd90fe8d976fadf,USGS-02085000,00060,00003,2020-02-21,119,ft^3/s,Approved,,2025-03-11 13:33:20.467623+00:00
-79.0955555555555,36.0711111111111,2bf55dc212734c469cd90fe8d976fadf,USGS-02085000,00060,00003,2020-02-20,112,ft^3/s,Approved,,2025-03-11 13:33:20.467623+00:00
-79.0955555555555,36.0711111111111,2bf55dc212734c469cd90fe8d976fadf,USGS-02085000,00060,00003,2020-02-19,122,ft^3/s,Approved,,2025-03-11 13:33:20.467623+00:00
-79.0955555555555,36.0711111111111,2bf55dc212734c469cd90fe8d976fadf,USGS-02085000,00060,00003,2020-02-18,111,ft^3/s,Approved,,2025-03-11 13:33:20.467623+00:00
-79.0955555555555,36.0711111111111,2bf55dc212734c469cd90fe8d976fadf,USGS-02085000,00060,00003,2020-02-17,122,ft^3/s,Approved,,2025-03-11 13:33:20.467623+00:00
-79.0955555555555,36.0711111111111,2bf55dc212734c469cd90fe8d976fadf,USGS-02085000,00060,00003,2020-02-16,136,ft^3/s,Approved,,2025-03-11 13:33:20.467623+00:00
-79.0955555555555,36.0711111111111,2bf55dc212734c469cd90fe8d976fadf,USGS-02085000,00060,00003,2020-02-15,166,ft^3/s,Approved,,2025-03-11 13:33:20.467623+00:00
-79.0955555555555,36.0711111111111,2bf55dc212734c469cd90fe8d976fadf,USGS-02085000,00060,00003,2020-02-14,298,ft^3/s,Approved,,2025-03-11 13:33:20.467623+00:00
-79.0955555555555,36.0711111111111,2bf55dc212734c469cd90fe8d976fadf,USGS-02085000,00060,00003,2020-02-13,350,ft^3/s,Approved,,2025-03-11 13:33:20.467623+00:00
-79.0955555555555,36.0711111111111,2bf55dc212734c469cd90fe8d976fadf,USGS-02085000,00060,00003,2020-02-12,341,ft^3/s,Approved,,2025-03-11 13:33:20.467623+00:00
-79.0955555555555,36.0711111111111,2bf55dc212734c469cd90fe8d976fadf,USGS-02085000,00060,00003,2020-02-11,409,ft^3/s,Approved,,2025-03-11 13:33:20.467623+00:00
-79.0955555555555,36.0711111111111,2bf55dc212734c469cd90fe8d976fadf,USGS-02085000,00060,00003,2020-02-10,134,ft^3/s,Approved,,2025-03-11 13:33:20.467623+00:00
-79.0955555555555,36.0711111111111,2bf55dc212734c469cd90fe8d976fadf,USGS-02085000,00060,00003,2020-02-09,185,ft^3/s,Approved,,2025-03-11 13:33:20.467623+00:00
-79.0955555555555,36.0711111111111,2bf55dc212734c469cd90fe8d976fadf,USGS-02085000,00060,00003,2020-02-08,389,ft^3/s,Approved,,2025-03-11 13:33:20.467623+00:00
-79.0955555555555,36.0711111111111,2bf55dc212734c469cd90fe8d976fadf,USGS-02085000,00060,00003,2020-02-07,1350,ft^3/s,Approved,,2025-03-11 13:33:20.467623+00:00
-79.0955555555555,36.0711111111111,2bf55dc212734c469cd90fe8d976fadf,USGS-02085000,00060,00003,2020-02-06,1240,ft^3/s,Approved,,2025-03-11 13:33:20.467623+00:00
-79.0955555555555,36.0711111111111,2bf55dc212734c469cd90fe8d976fadf,USGS-02085000,00060,00003,2020-02-05,60.6,ft^3/s,Approved,,2025-03-11 13:33:20.467623+00:00
-79.0955555555555,36.0711111111111,2bf55dc212734c469cd90fe8d976fadf,USGS-02085000,00060,00003,2020-02-04,63.1,ft^3/s,Approved,,2025-03-11 13:33:20.467623+00:00
-79.0955555555555,36.0711111111111,2bf55dc212734c469cd90fe8d976fadf,USGS-02085000,00060,00003,2020-02-03,70.6,ft^3/s,Approved,,2025-03-11 13:33:20.467623+00:00
-79.0955555555555,36.0711111111111,2bf55dc212734c469cd90fe8d976fadf,USGS-02085000,00060,00003,2020-02-02,90.2,ft^3/s,Approved,,2025-03-11 13:33:20.467623+00:00
-79.0955555555555,36.0711111111111,2bf55dc212734c469cd90fe8d976fadf,USGS-02085000,00060,00003,2020-02-01,144,ft^3/s,Approved,,2025-03-11 13:33:20.467623+00:00
-79.0955555555555,36.0711111111111,2bf55dc212734c469cd90fe8d976fadf,USGS-02085000,00060,00003,2020-01-31,60.4,ft^3/s,Approved,,2025-03-11 13:33:20.467623+00:00
-79.0955555555555,36.0711111111111,2bf55dc212734c469cd90fe8d976fadf,USGS-02085000,00060,00003,2020-01-30,56.4,ft^3/s,Approved,,2025-03-11 13:33:20.467623+00:00
-79.0955555555555,36.0711111111111,2bf55dc212734c469cd90fe8d976fadf,USGS-02085000,00060,00003,2020-01-29,64.6,ft^3/s,Approved,,2025-03-11 13:33:20.467623+00:00
-79.0955555555555,36.0711111111111,2bf55dc212734c469cd90fe8d976fadf,USGS-02085000,00060,00003,2020-01-28,78.9,ft^3/s,Approved,,2025-03-11 13:33:20.467623+00:00
-79.0955555555555,36.0711111111111,2bf55dc212734c469cd90fe8d976fadf,USGS-02085000,00060,00003,2020-01-27,103,ft^3/s,Approved,,2025-03-11 13:33:20.467623+00:00
-79.0955555555555,36.0711111111111,2bf55dc212734c469cd90fe8d976fadf,USGS-02085000,00060,00003,2020-01-26,219,ft^3/s,Approved,,2025-03-11 13:33:20.467623+00:00
-79.0955555555555,36.0711111111111,2bf55dc212734c469cd90fe8d976fadf,USGS-02085000,00060,00003,2020-01-25,1110,ft^3/s,Approved,,2025-03-11 13:33:20.467623+00:00
-79.0955555555555,36.0711111111111,2bf55dc212734c469cd90fe8d976fadf,USGS-02085000,00060,00003,2020-01-24,44.0,ft^3/s,Approved,,2025-03-11 13:33:20.467623+00:00
-79.0955555555555,36.0711111111111,2bf55dc212734c469cd90fe8d976fadf,USGS-02085000,00060,00003,2020-01-23,18.8,ft^3/s,Approved,,2025-03-11 13:33:20.467623+00:00
-79.0955555555555,36.0711111111111,2bf55dc212734c469cd90fe8d976fadf,USGS-02085000,00060,00003,2020-01-22,21.5,ft^3/s,Approved,,2025-03-11 13:33:20.467623+00:00
-79.0955555555555,36.0711111111111,2bf55dc212734c469cd90fe8d976fadf,USGS-02085000,00060,00003,2020-01-21,23.8,ft^3/s,Approved,,2025-03-11 13:33:20.467623+00:00
-79.0955555555555,36.0711111111111,2bf55dc212734c469cd90fe8d976fadf,USGS-02085000,00060,00003,2020-01-20,27.5,ft^3/s,Approved,,2025-03-11 13:33:20.467623+00:00
-79.0955555555555,36.0711111111111,2bf55dc212734c469cd90fe8d976fadf,USGS-02085000,00060,00003,2020-01-19,32.8,ft^3/s,Approved,,2025-03-11 13:33:20.467623+00:00
-79.0955555555555,36.0711111111111,2bf55dc212734c469cd90fe8d976fadf,USGS-02085000,00060,00003,2020-01-18,31.6,ft^3/s,Approved,,2025-03-11 13:33:20.467623+00:00
-79.0955555555555,36.0711111111111,2bf55dc212734c469cd90fe8d976fadf,USGS-02085000,00060,00003,2020-01-17,43.3,ft^3/s,Approved,,2025-03-11 13:33:20.467623+00:00
-79.0955555555555,36.0711111111111,2bf55dc212734c469cd90fe8d976fadf,USGS-02085000,00060,00003,2020-01-16,70.1,ft^3/s,Approved,,2025-03-11 13:33:20.467623+00:00
-79.0955555555555,36.0711111111111,2bf55dc212734c469cd90fe8d976fadf,USGS-02085000,00060,00003,2020-01-15,125,ft^3/s,Approved,,2025-03-11 13:33:20.467623+00:00
-79.0955555555555,36.0711111111111,2bf55dc212734c469cd90fe8d976fadf,USGS-02085000,00060,00003,2020-01-14,160,ft^3/s,Approved,,2025-03-11 13:33:20.467623+00:00
-79.0955555555555,36.0711111111111,2bf55dc212734c469cd90fe8d976fadf,USGS-02085000,00060,00003,2020-01-13,53.5,ft^3/s,Approved,,2025-03-11 13:33:20.467623+00:00
-79.0955555555555,36.0711111111111,2bf55dc212734c469cd90fe8d976fadf,USGS-02085000,00060,00003,2020-01-12,59.9,ft^3/s,Approved,,2025-03-11 13:33:20.467623+00:00
-79.0955555555555,36.0711111111111,2bf55dc212734c469cd90fe8d976fadf,USGS-02085000,00060,00003,2020-01-11,27.4,ft^3/s,Approved,,2025-03-11 13:33:20.467623+00:00
-79.0955555555555,36.0711111111111,2bf55dc212734c469cd90fe8d976fadf,USGS-02085000,00060,00003,2020-01-10,28.5,ft^3/s,Approved,,2025-03-11 13:33:20.467623+00:00
-79.0955555555555,36.0711111111111,2bf55dc212734c469cd90fe8d976fadf,USGS-02085000,00060,00003,2020-01-09,34.8,ft^3/s,Approved,,2025-03-11 13:33:20.467623+00:00
-79.0955555555555,36.0711111111111,2bf55dc212734c469cd90fe8d976fadf,USGS-02085000,00060,00003,2020-01-08,47.4,ft^3/s,Approved,,2025-03-11 13:33:20.467623+00:00
-79.0955555555555,36.0711111111111,2bf55dc212734c469cd90fe8d976fadf,USGS-02085000,00060,00003,2020-01-07,54.2,ft^3/s,Approved,,2025-03-11 13:33:20.467623+00:00
-79.0955555555555,36.0711111111111,2bf55dc212734c469cd90fe8d976fadf,USGS-02085000,00060,00003,2020-01-06,80.6,ft^3/s,Approved,,2025-03-11 13:33:20.467623+00:00
-79.0955555555555,36.0711111111111,2bf55dc212734c469cd90fe8d976fadf,USGS-02085000,00060,00003,2020-01-05,176,ft^3/s,Approved,,2025-03-11 13:33:20.467623+00:00
-79.0955555555555,36.0711111111111,2bf55dc212734c469cd90fe8d976fadf,USGS-02085000,00060,00003,2020-01-04,635,ft^3/s,Approved,,2025-03-11 13:33:20.467623+00:00
-79.0955555555555,36.0711111111111,2bf55dc212734c469cd90fe8d976fadf,USGS-02085000,00060,00003,2020-01-03,268,ft^3/s,Approved,,2025-03-11 13:33:20.467623+00:00
-79.0955555555555,36.0711111111111,2bf55dc212734c469cd90fe8d976fadf,USGS-02085000,00060,00003,2020-01-02,13.9,ft^3/s,Approved,,2025-03-11 13:33:20.467623+00:00
-79.0955555555555,36.0711111111111,2bf55dc212734c469cd90fe8d976fadf,USGS-02085000,00060,00003,2020-01-01,16.2,ft^3/s,Approved,,2025-03-11 13:33:20.467623+00:00
-79.0955555555555,36.0711111111111,2bf55dc212734c469cd90fe8d976fadf,USGS-02085000,00060,00003,2019-12-31,20.7,ft^3/s,Approved,,2025-03-11 13:33:20.467623+00:00
-79.0955555555555,36.0711111111111,2bf55dc212734c469cd90fe8d976fadf,USGS-02085000,00060,00003,2019-12-30,19.6,ft^3/s,Approved,,2025-03-11 13:33:20.467623+00:00
-79.0955555555555,36.0711111111111,2bf55dc212734c469cd90fe8d976fadf,USGS-02085000,00060,00003,2019-12-29,13.7,ft^3/s,Approved,,2025-03-11 13:33:20.467623+00:00
-79.0955555555555,36.0711111111111,2bf55dc212734c469cd90fe8d976fadf,USGS-02085000,00060,00003,2019-12-28,13.9,ft^3/s,Approved,,2025-03-11 13:33:20.467623+00:00
-79.0955555555555,36.0711111111111,2bf55dc212734c469cd90fe8d976fadf,USGS-02085000,00060,00003,2019-12-27,14.1,ft^3/s,Approved,,2025-03-11 13:33:20.467623+00:00
-79.0955555555555,36.0711111111111,2bf55dc212734c469cd90fe8d976fadf,USGS-02085000,00060,00003,2019-12-26,15.1,ft^3/s,Approved,,2025-03-11 13:33:20.467623+00:00
-79.0955555555555,36.0711111111111,2bf55dc212734c469cd90fe8d976fadf,USGS-02085000,00060,00003,2019-12-25,16.6,ft^3/s,Approved,,2025-03-11 13:33:20.467623+00:00
-79.0955555555555,36.0711111111111,2bf55dc212734c469cd90fe8d976fadf,USGS-02085000,00060,00003,2019-12-24,18.8,ft^3/s,Approved,,2025-03-11 13:33:20.467623+00:00
-79.0955555555555,36.0711111111111,2bf55dc212734c469cd90fe8d976fadf,USGS-02085000,00060,00003,2019-12-23,18.6,ft^3/s,Approved,,2025-03-11 13:33:20.467623+00:00
-79.0955555555555,36.0711111111111,2bf55dc212734c469cd90fe8d976fadf,USGS-02085000,00060,00003,2019-12-22,18.1,ft^3/s,Approved,,2025-03-11 13:33:20.467623+00:00
-79.0955555555555,36.0711111111111,2bf55dc212734c469cd90fe8d976fadf,USGS-02085000,00060,00003,2019-12-21,20.7,ft^3/s,Approved,,2025-03-11 13:33:20.467623+00:00
-79.0955555555555,36.0711111111111,2bf55dc212734c469cd90fe8d976fadf,USGS-02085000,00060,00003,2019-12-20,26.5,ft^3/s,Approved,,2025-03-11 13:33:20.467623+00:00
-79.0955555555555,36.0711111111111,2bf55dc212734c469cd90fe8d976fadf,USGS-02085000,00060,00003,2019-12-19,39.7,ft^3/s,Approved,,2025-03-11 13:33:20.467623+00:00
-79.0955555555555,36.0711111111111,2bf55dc212734c469cd90fe8d976fadf,USGS-02085000,00060,00003,2019-12-18,79.9,ft^3/s,Approved,,2025-03-11 13:33:20.467623+00:00
-79.0955555555555,36.0711111111111,2bf55dc212734c469cd90fe8d976fadf,USGS-02085000,00060,00003,2019-12-17,40.9,ft^3/s,Approved,,2025-03-11 13:33:20.467623+00:00
-79.0955555555555,36.0711111111111,2bf55dc212734c469cd90fe8d976fadf,USGS-02085000,00060,00003,2019-12-16,41.5,ft^3/s,Approved,,2025-03-11 13:33:20.467623+00:00
-79.0955555555555,36.0711111111111,2bf55dc212734c469cd90fe8d976fadf,USGS-02085000,00060,00003,2019-12-15,90.3,ft^3/s,Approved,,2025-03-11 13:33:20.467623+00:00
-79.0955555555555,36.0711111111111,2bf55dc212734c469cd90fe8d976fadf,USGS-02085000,00060,00003,2019-12-14,270,ft^3/s,Approved,,2025-03-11 13:33:20.467623+00:00
-79.0955555555555,36.0711111111111,2bf55dc212734c469cd90fe8d976fadf,USGS-02085000,00060,00003,2019-12-13,37.6,ft^3/s,Approved,,2025-03-11 13:33:20.467623+00:00
-79.0955555555555,36.0711111111111,2bf55dc212734c469cd90fe8d976fadf,USGS-02085000,00060,00003,2019-12-12,15.2,ft^3/s,Approved,,2025-03-11 13:33:20.467623+00:00
-79.0955555555555,36.0711111111111,2bf55dc212734c469cd90fe8d976fadf,USGS-02085000,00060,00003,2019-12-11,14.9,ft^3/s,Approved,,2025-03-11 13:33:20.467623+00:00
-79.0955555555555,36.0711111111111,2bf55dc212734c469cd90fe8d976fadf,USGS-02085000,00060,00003,2019-12-10,7.78,ft^3/s,Approved,,2025-03-11 13:33:20.467623+00:00
-79.0955555555555,36.0711111111111,2bf55dc212734c469cd90fe8d976fadf,USGS-02085000,00060,00003,2019-12-09,7.32,ft^3/s,Approved,,2025-03-11 13:33:20.467623+00:00
-79.0955555555555,36.0711111111111,2bf55dc212734c469cd90fe8d976fadf,USGS-02085000,00060,00003,2019-12-08,7.88,ft^3/s,Approved,,2025-03-11 13:33:20.467623+00:00
-79.0955555555555,36.0711111111111,2bf55dc212734c469cd90fe8d976fadf,USGS-02085000,00060,00003,2019-12-07,8.58,ft^3/s,Approved,,2025-03-11 13:33:20.467623+00:00
-79.0955555555555,36.0711111111111,2bf55dc212734c469cd90fe8d976fadf,USGS-02085000,00060,00003,2019-12-06,9.36,ft^3/s,Approved,,2025-03-11 13:33:20.467623+00:00
-79.0955555555555,36.0711111111111,2bf55dc212734c469cd90fe8d976fadf,USGS-02085000,00060,00003,2019-12-05,10.7,ft^3/s,Approved,,2025-03-11 13:33:20.467623+00:00
-79.0955555555555,36.0711111111111,2bf55dc212734c469cd90fe8d976fadf,USGS-02085000,00060,00003,2019-12-04,12.9,ft^3/s,Approved,,2025-03-11 13:33:20.467623+00:00
-79.0955555555555,36.0711111111111,2bf55dc212734c469cd90fe8d976fadf,USGS-02085000,00060,00003,2019-12-03,19.4,ft^3/s,Approved,,2025-03-11 13:33:20.467623+00:00
-79.0955555555555,36.0711111111111,2bf55dc212734c469cd90fe8d976fadf,USGS-02085000,00060,00003,2019-12-02,49.8,ft^3/s,Approved,,2025-03-11 13:33:20.467623+00:00
-79.0955555555555,36.0711111111111,2bf55dc212734c469cd90fe8d976fadf,USGS-02085000,00060,00003,2019-12-01,86.1,ft^3/s,Approved,,2025-03-11 13:33:20.467623+00:00
-79.0955555555555,36.0711111111111,2bf55dc212734c469cd90fe8d976fadf,USGS-02085000,00060,00003,2019-11-30,9.11,ft^3/s,Approved,,2025-03-11 13:33:20.467623+00:00
-79.0955555555555,36.0711111111111,2bf55dc212734c469cd90fe8d976fadf,USGS-02085000,00060,00003,2019-11-29,8.35,ft^3/s,Approved,,2025-03-11 13:33:20.467623+00:00
-79.0955555555555,36.0711111111111,2bf55dc212734c469cd90fe8d976fadf,USGS-02085000,00060,00003,2019-11-28,9.58,ft^3/s,Approved,,2025-03-11 13:33:20.467623+00:00
-79.0955555555555,36.0711111111111,2bf55dc212734c469cd90fe8d976fadf,USGS-02085000,00060,00003,2019-11-27,9.65,ft^3/s,Approved,,2025-03-11 13:33:20.467623+00:00
-79.0955555555555,36.0711111111111,2bf55dc212734c469cd90fe8d976fadf,USGS-02085000,00060,00003,2019-11-26,10.4,ft^3/s,Approved,,2025-03-11 13:33:20.467623+00:00
-79.0955555555555,36.0711111111111,2bf55dc212734c469cd90fe8d976fadf,USGS-02085000,00060,00003,2019-11-25,19.5,ft^3/s,Approved,,2025-03-11 13:33:20.467623+00:00
-79.0955555555555,36.0711111111111,2bf55dc212734c469cd90fe8d976fadf,USGS-02085000,00060,00003,2019-11-24,74.8,ft^3/s,Approved,,2025-03-11 13:33:20.467623+00:00
-79.0955555555555,36.0711111111111,2bf55dc212734c469cd90fe8d976fadf,USGS-02085000,00060,00003,2019-11-23,9.79,ft^3/s,Approved,,2025-03-11 13:33:20.467623+00:00
-79.0955555555555,36.0711111111111,2bf55dc212734c469cd90fe8d976fadf,USGS-02085000,00060,00003,2019-11-22,3.66,ft^3/s,Approved,,2025-03-11 13:33:20.467623+00:00
-79.0955555555555,36.0711111111111,2bf55dc212734c469cd90fe8d976fadf,USGS-02085000,00060,00003,2019-11-21,3.56,ft^3/s,Approved,,2025-03-11 13:33:20.467623+00:00
-79.0955555555555,36.0711111111111,2bf55dc212734c469cd90fe8d976fadf,USGS-02085000,00060,00003,2019-11-20,4.32,ft^3/s,Approved,,2025-03-11 13:33:20.467623+00:00
-79.0955555555555,36.0711111111111,2bf55dc212734c469cd90fe8d976fadf,USGS-02085000,00060,00003,2019-11-19,4.28,ft^3/s,Approved,,2025-03-11 13:33:20.467623+00:00
-79.0955555555555,36.0711111111111,2bf55dc212734c469cd90fe8d976fadf,USGS-02085000,00060,00003,2019-11-18,4.09,ft^3/s,Approved,,2025-09-16 15:57:16.658682+00:00
-79.0955555555555,36.0711111111111,2bf55dc212734c469cd90fe8d976fadf,USGS-02085000,00060,00003,2019-11-17,3.87,ft^3/s,Approved,['ESTIMATED'],2025-03-11 13:33:20.467623+00:00
-79.0955555555555,36.0711111111111,2bf55dc212734c469cd90fe8d976fadf,USGS-02085000,00060,00003,2019-11-16,4.40,ft^3/s,Approved,['ESTIMATED'],2025-03-11 13:33:20.467623+00:00
-79.0955555555555,36.0711111111111,2bf55dc212734c469cd90fe8d976fadf,USGS-02085000,00060,00003,2019-11-15,4.56,ft^3/s,Approved,['ESTIMATED'],2025-03-11 13:33:20.467623+00:00
-79.0955555555555,36.0711111111111,2bf55dc212734c469cd90fe8d976fadf,USGS-02085000,00060,00003,2019-11-14,3.78,ft^3/s,Approved,['ESTIMATED'],2025-03-11 13:33:20.467623+00:00
-79.0955555555555,36.0711111111111,2bf55dc212734c469cd90fe8d976fadf,USGS-02085000,00060,00003,2019-11-13,6.49,ft^3/s,Approved,['ESTIMATED'],2025-03-11 13:33:20.467623+00:00
-79.0955555555555,36.0711111111111,2bf55dc212734c469cd90fe8d976fadf,USGS-02085000,00060,00003,2019-11-12,6.68,ft^3/s,Approved,['ESTIMATED'],2025-03-11 13:33:20.467623+00:00
-79.0955555555555,36.0711111111111,2bf55dc212734c469cd90fe8d976fadf,USGS-02085000,00060,00003,2019-11-11,5.49,ft^3/s,Approved,['ESTIMATED'],2025-03-11 13:33:20.467623+00:00
-79.0955555555555,36.0711111111111,2bf55dc212734c469cd90fe8d976fadf,USGS-02085000,00060,00003,2019-11-10,4.84,ft^3/s,Approved,['ESTIMATED'],2025-03-11 13:33:20.467623+00:00
-79.0955555555555,36.0711111111111,2bf55dc212734c469cd90fe8d976fadf,USGS-02085000,00060,00003,2019-11-09,4.78,ft^3/s,Approved,['ESTIMATED'],2025-03-11 13:33:20.467623+00:00
-79.0955555555555,36.0711111111111,2bf55dc212734c469cd90fe8d976fadf,USGS-02085000,00060,00003,2019-11-08,3.79,ft^3/s,Approved,['ESTIMATED'],2025-03-11 13:33:20.467623+00:00
-79.0955555555555,36.0711111111111,2bf55dc212734c469cd90fe8d976fadf,USGS-02085000,00060,00003,2019-11-07,3.01,ft^3/s,Approved,['ESTIMATED'],2025-03-11 13:33:20.467623+00:00
-79.0955555555555,36.0711111111111,2bf55dc212734c469cd90fe8d976fadf,USGS-02085000,00060,00003,2019-11-06,3.28,ft^3/s,Approved,['ESTIMATED'],2025-03-11 13:33:20.467623+00:00
-79.0955555555555,36.0711111111111,2bf55dc212734c469cd90fe8d976fadf,USGS-02085000,00060,00003,2019-11-05,3.61,ft^3/s,Approved,,2025-03-11 13:33:20.467623+00:00
-79.0955555555555,36.0711111111111,2bf55dc212734c469cd90fe8d976fadf,USGS-02085000,00060,00003,2019-11-04,4.36,ft^3/s,Approved,,2025-03-11 13:33:20.467623+00:00
-79.0955555555555,36.0711111111111,2bf55dc212734c469cd90fe8d976fadf,USGS-02085000,00060,00003,2019-11-03,5.94,ft^3/s,Approved,,2025-03-11 13:33:20.467623+00:00
-79.0955555555555,36.0711111111111,2bf55dc212734c469cd90fe8d976fadf,USGS-02085000,00060,00003,2019-11-02,11.5,ft^3/s,Approved,,2025-03-11 13:33:20.467623+00:00
-79.0955555555555,36.0711111111111,2bf55dc212734c469cd90fe8d976fadf,USGS-02085000,00060,00003,2019-11-01,48.3,ft^3/s,Approved,,2025-03-11 13:33:20.467623+00:00
-79.0955555555555,36.0711111111111,2bf55dc212734c469cd90fe8d976fadf,USGS-02085000,00060,00003,2019-10-31,23.9,ft^3/s,Approved,,2025-09-16 15:57:16.658682+00:00
-79.0955555555555,36.0711111111111,2bf55dc212734c469cd90fe8d976fadf,USGS-02085000,00060,00003,2019-10-30,3.97,ft^3/s,Approved,['ESTIMATED'],2025-03-11 13:33:20.467623+00:00
-79.0955555555555,36.0711111111111,2bf55dc212734c469cd90fe8d976fadf,USGS-02085000,00060,00003,2019-10-29,1.80,ft^3/s,Approved,['ESTIMATED'],2025-03-11 13:33:20.467623+00:00
-79.0955555555555,36.0711111111111,2bf55dc212734c469cd90fe8d976fadf,USGS-02085000,00060,00003,2019-10-28,2.10,ft^3/s,Approved,['ESTIMATED'],2025-03-11 13:33:20.467623+00:00
-79.0955555555555,36.0711111111111,2bf55dc212734c469cd90fe8d976fadf,USGS-02085000,00060,00003,2019-10-27,2.39,ft^3/s,Approved,['ESTIMATED'],2025-03-11 13:33:20.467623+00:00
-79.0955555555555,36.0711111111111,2bf55dc212734c469cd90fe8d976fadf,USGS-02085000,00060,00003,2019-10-26,2.42,ft^3/s,Approved,,2025-03-11 13:33:20.467623+00:00
-79.0955555555555,36.0711111111111,2bf55dc212734c469cd90fe8d976fadf,USGS-02085000,00060,00003,2019-10-25,2.51,ft^3/s,Approved,,2025-03-11 13:33:20.467623+00:00
-79.0955555555555,36.0711111111111,2bf55dc212734c469cd90fe8d976fadf,USGS-02085000,00060,00003,2019-10-24,2.95,ft^3/s,Approved,,2025-03-11 13:33:20.467623+00:00
-79.0955555555555,36.0711111111111,2bf55dc212734c469cd90fe8d976fadf,USGS-02085000,00060,00003,2019-10-23,3.89,ft^3/s,Approved,,2025-03-11 13:33:20.467623+00:00
-79.0955555555555,36.0711111111111,2bf55dc212734c469cd90fe8d976fadf,USGS-02085000,00060,00003,2019-10-22,4.73,ft^3/s,Approved,,2025-03-11 13:33:20.467623+00:00
-79.0955555555555,36.0711111111111,2bf55dc212734c469cd90fe8d976fadf,USGS-02085000,00060,00003,2019-10-21,12.6,ft^3/s,Approved,,2025-03-11 13:33:20.467623+00:00
-79.0955555555555,36.0711111111111,2bf55dc212734c469cd90fe8d976fadf,USGS-02085000,00060,00003,2019-10-20,34.6,ft^3/s,Approved,,2025-03-11 13:33:20.467623+00:00
-79.0955555555555,36.0711111111111,2bf55dc212734c469cd90fe8d976fadf,USGS-02085000,00060,00003,2019-10-19,7.30,ft^3/s,Approved,,2025-03-11 13:33:20.467623+00:00
-79.0955555555555,36.0711111111111,2bf55dc212734c469cd90fe8d976fadf,USGS-02085000,00060,00003,2019-10-18,6.80,ft^3/s,Approved,,2025-03-11 13:33:20.467623+00:00
-79.0955555555555,36.0711111111111,2bf55dc212734c469cd90fe8d976fadf,USGS-02085000,00060,00003,2019-10-17,6.13,ft^3/s,Approved,,2025-03-11 13:33:20.467623+00:00
-79.0955555555555,36.0711111111111,2bf55dc212734c469cd90fe8d976fadf,USGS-02085000,00060,00003,2019-10-16,8.12,ft^3/s,Approved,,2025-03-11 13:33:20.467623+00:00
-79.0955555555555,36.0711111111111,2bf55dc212734c469cd90fe8d976fadf,USGS-02085000,00060,00003,2019-10-15,5.32,ft^3/s,Approved,,2025-03-11 13:33:20.467623+00:00
-79.0955555555555,36.0711111111111,2bf55dc212734c469cd90fe8d976fadf,USGS-02085000,00060,00003,2019-10-14,7.81,ft^3/s,Approved,,2025-03-11 13:33:20.467623+00:00
-79.0955555555555,36.0711111111111,2bf55dc212734c469cd90fe8d976fadf,USGS-02085000,00060,00003,2019-10-13,6.77,ft^3/s,Approved,,2025-03-11 13:33:20.467623+00:00
-79.0955555555555,36.0711111111111,2bf55dc212734c469cd90fe8d976fadf,USGS-02085000,00060,00003,2019-10-12,4.58,ft^3/s,Approved,,2025-03-11 13:33:20.467623+00:00
-79.0955555555555,36.0711111111111,2bf55dc212734c469cd90fe8d976fadf,USGS-02085000,00060,00003,2019-10-11,3.96,ft^3/s,Approved,,2025-03-11 13:33:20.467623+00:00
-79.0955555555555,36.0711111111111,2bf55dc212734c469cd90fe8d976fadf,USGS-02085000,00060,00003,2019-10-10,3.50,ft^3/s,Approved,,2025-03-11 13:33:20.467623+00:00
-79.0955555555555,36.0711111111111,2bf55dc212734c469cd90fe8d976fadf,USGS-02085000,00060,00003,2019-10-09,3.16,ft^3/s,Approved,,2025-03-11 13:33:20.467623+00:00
-79.0955555555555,36.0711111111111,2bf55dc212734c469cd90fe8d976fadf,USGS-02085000,00060,00003,2019-10-08,2.88,ft^3/s,Approved,,2025-03-11 13:33:20.467623+00:00
-79.0955555555555,36.0711111111111,2bf55dc212734c469cd90fe8d976fadf,USGS-02085000,00060,00003,2019-10-07,2.81,ft^3/s,Approved,,2025-03-11 13:33:20.467623+00:00
-79.0955555555555,36.0711111111111,2bf55dc212734c469cd90fe8d976fadf,USGS-02085000,00060,00003,2019-10-06,3.13,ft^3/s,Approved,,2025-03-11 13:33:20.467623+00:00
-79.0955555555555,36.0711111111111,2bf55dc212734c469cd90fe8d976fadf,USGS-02085000,00060,00003,2019-10-05,3.02,ft^3/s,Approved,,2025-03-11 13:33:20.467623+00:00
-79.0955555555555,36.0711111111111,2bf55dc212734c469cd90fe8d976fadf,USGS-02085000,00060,00003,2019-10-04,2.49,ft^3/s,Approved,,2025-03-11 13:33:20.467623+00:00
-79.0955555555555,36.0711111111111,2bf55dc212734c469cd90fe8d976fadf,USGS-02085000,00060,00003,2019-10-03,2.61,ft^3/s,Approved,,2025-03-11 13:33:20.467623+00:00
-79.0955555555555,36.0711111111111,2bf55dc212734c469cd90fe8d976fadf,USGS-02085000,00060,00003,2019-10-02,3.01,ft^3/s,Approved,,2025-03-11 13:33:20.467623+00:00
-79.0955555555555,36.0711111111111,2bf55dc212734c469cd90fe8d976fadf,USGS-02085000,00060,00003,2019-10-01,3.46,ft^3/s,Approved,,2025-03-11 13:33:20.467623+00:00
-79.0955555555555,36.0711111111111,2bf55dc212734c469cd90fe8d976fadf,USGS-02085000,00060,00003,2019-09-30,4.04,ft^3/s,Approved,,2025-03-11 13:33:20.467623+00:00
-79.0955555555555,36.0711111111111,2bf55dc212734c469cd90fe8d976fadf,USGS-02085000,00060,00003,2019-09-29,4.73,ft^3/s,Approved,,2025-03-11 13:33:20.467623+00:00
-79.0955555555555,36.0711111111111,2bf55dc212734c469cd90fe8d976fadf,USGS-02085000,00060,00003,2019-09-28,6.40,ft^3/s,Approved,,2025-03-11 13:33:20.467623+00:00
-79.0955555555555,36.0711111111111,2bf55dc212734c469cd90fe8d976fadf,USGS-02085000,00060,00003,2019-09-27,7.36,ft^3/s,Approved,,2025-03-11 13:33:20.467623+00:00
-79.0955555555555,36.0711111111111,2bf55dc212734c469cd90fe8d976fadf,USGS-02085000,00060,00003,2019-09-26,8.44,ft^3/s,Approved,,2025-03-11 13:33:20.467623+00:00
-79.0955555555555,36.0711111111111,2bf55dc212734c469cd90fe8d976fadf,USGS-02085000,00060,00003,2019-09-25,9.86,ft^3/s,Approved,,2025-03-11 13:33:20.467623+00:00
-79.0955555555555,36.0711111111111,2bf55dc212734c469cd90fe8d976fadf,USGS-02085000,00060,00003,2019-09-24,10.1,ft^3/s,Approved,,2025-03-11 13:33:20.467623+00:00
-79.0955555555555,36.0711111111111,2bf55dc212734c469cd90fe8d976fadf,USGS-02085000,00060,00003,2019-09-23,8.29,ft^3/s,Approved,,2025-03-11 13:33:20.467623+00:00
-79.0955555555555,36.0711111111111,2bf55dc212734c469cd90fe8d976fadf,USGS-02085000,00060,00003,2019-09-22,4.59,ft^3/s,Approved,,2025-03-11 13:33:20.467623+00:00
-79.0955555555555,36.0711111111111,2bf55dc212734c469cd90fe8d976fadf,USGS-02085000,00060,00003,2019-09-21,4.02,ft^3/s,Approved,,2025-03-11 13:33:20.467623+00:00
-79.0955555555555,36.0711111111111,2bf55dc212734c469cd90fe8d976fadf,USGS-02085000,00060,00003,2019-09-20,14.5,ft^3/s,Approved,,2025-03-11 13:33:20.467623+00:00
-79.0955555555555,36.0711111111111,2bf55dc212734c469cd90fe8d976fadf,USGS-02085000,00060,00003,2019-09-19,12.6,ft^3/s,Approved,,2025-03-11 13:33:20.467623+00:00
-79.0955555555555,36.0711111111111,2bf55dc212734c469cd90fe8d976fadf,USGS-02085000,00060,00003,2019-09-18,3.75,ft^3/s,Approved,,2025-03-11 13:33:20.467623+00:00
-79.0955555555555,36.0711111111111,2bf55dc212734c469cd90fe8d976fadf,USGS-02085000,00060,00003,2019-09-17,4.31,ft^3/s,Approved,,2025-03-11 13:33:20.467623+00:00
-79.0955555555555,36.0711111111111,2bf55dc212734c469cd90fe8d976fadf,USGS-02085000,00060,00003,2019-09-16,4.61,ft^3/s,Approved,,2025-03-11 13:33:20.467623+00:00
-79.0955555555555,36.0711111111111,2bf55dc212734c469cd90fe8d976fadf,USGS-02085000,00060,00003,2019-09-15,5.09,ft^3/s,Approved,,2025-03-11 13:33:20.467623+00:00
-79.0955555555555,36.0711111111111,2bf55dc212734c469cd90fe8d976fadf,USGS-02085000,00060,00003,2019-09-14,5.42,ft^3/s,Approved,,2025-03-11 13:33:20.467623+00:00
-79.0955555555555,36.0711111111111,2bf55dc212734c469cd90fe8d976fadf,USGS-02085000,00060,00003,2019-09-13,5.86,ft^3/s,Approved,,2025-03-11 13:33:20.467623+00:00
-79.0955555555555,36.0711111111111,2bf55dc212734c469cd90fe8d976fadf,USGS-02085000,00060,00003,2019-09-12,6.18,ft^3/s,Approved,,2025-03-11 13:33:20.467623+00:00
-79.0955555555555,36.0711111111111,2bf55dc212734c469cd90fe8d976fadf,USGS-02085000,00060,00003,2019-09-11,5.74,ft^3/s,Approved,,2025-03-11 13:33:20.467623+00:00
-79.0955555555555,36.0711111111111,2bf55dc212734c469cd90fe8d976fadf,USGS-02085000,00060,00003,2019-09-10,4.13,ft^3/s,Approved,,2025-03-11 13:33:20.467623+00:00
-79.0955555555555,36.0711111111111,2bf55dc212734c469cd90fe8d976fadf,USGS-02085000,00060,00003,2019-09-09,4.51,ft^3/s,Approved,,2025-03-11 13:33:20.467623+00:00
-79.0955555555555,36.0711111111111,2bf55dc212734c469cd90fe8d976fadf,USGS-02085000,00060,00003,2019-09-08,5.02,ft^3/s,Approved,,2025-03-11 13:33:20.467623+00:00
-79.0955555555555,36.0711111111111,2bf55dc212734c469cd90fe8d976fadf,USGS-02085000,00060,00003,2019-09-07,5.94,ft^3/s,Approved,,2025-03-11 13:33:20.467623+00:00
-79.0955555555555,36.0711111111111,2bf55dc212734c469cd90fe8d976fadf,USGS-02085000,00060,00003,2019-09-06,8.76,ft^3/s,Approved,,2025-03-11 13:33:20.467623+00:00
-79.0955555555555,36.0711111111111,2bf55dc212734c469cd90fe8d976fadf,USGS-02085000,00060,00003,2019-09-05,7.43,ft^3/s,Approved,,2025-03-11 13:33:20.467623+00:00
-79.0955555555555,36.0711111111111,2bf55dc212734c469cd90fe8d976fadf,USGS-02085000,00060,00003,2019-09-04,5.25,ft^3/s,Approved,,2025-03-11 13:33:20.467623+00:00
-79.0955555555555,36.0711111111111,2bf55dc212734c469cd90fe8d976fadf,USGS-02085000,00060,00003,2019-09-03,4.14,ft^3/s,Approved,,2025-03-11 13:33:20.467623+00:00
-79.0955555555555,36.0711111111111,2bf55dc212734c469cd90fe8d976fadf,USGS-02085000,00060,00003,2019-09-02,4.79,ft^3/s,Approved,,2025-03-11 13:33:20.467623+00:00
-79.0955555555555,36.0711111111111,2bf55dc212734c469cd90fe8d976fadf,USGS-02085000,00060,00003,2019-09-01,5.34,ft^3/s,Approved,,2025-03-11 13:33:20.467623+00:00
-79.0955555555555,36.0711111111111,2bf55dc212734c469cd90fe8d976fadf,USGS-02085000,00060,00003,2019-08-31,5.50,ft^3/s,Approved,,2025-03-11 13:33:20.467623+00:00
-79.0955555555555,36.0711111111111,2bf55dc212734c469cd90fe8d976fadf,USGS-02085000,00060,00003,2019-08-30,6.27,ft^3/s,Approved,,2025-03-11 13:33:20.467623+00:00
-79.0955555555555,36.0711111111111,2bf55dc212734c469cd90fe8d976fadf,USGS-02085000,00060,00003,2019-08-29,7.13,ft^3/s,Approved,,2025-03-11 13:33:20.467623+00:00
-79.0955555555555,36.0711111111111,2bf55dc212734c469cd90fe8d976fadf,USGS-02085000,00060,00003,2019-08-28,7.74,ft^3/s,Approved,,2025-03-11 13:33:20.467623+00:00
-79.0955555555555,36.0711111111111,2bf55dc212734c469cd90fe8d976fadf,USGS-02085000,00060,00003,2019-08-27,7.38,ft^3/s,Approved,,2025-03-11 13:33:20.467623+00:00
-79.0955555555555,36.0711111111111,2bf55dc212734c469cd90fe8d976fadf,USGS-02085000,00060,00003,2019-08-26,9.40,ft^3/s,Approved,,2025-03-11 13:33:20.467623+00:00
-79.0955555555555,36.0711111111111,2bf55dc212734c469cd90fe8d976fadf,USGS-02085000,00060,00003,2019-08-25,15.4,ft^3/s,Approved,,2025-03-11 13:33:20.467623+00:00
-79.0955555555555,36.0711111111111,2bf55dc212734c469cd90fe8d976fadf,USGS-02085000,00060,00003,2019-08-24,19.0,ft^3/s,Approved,,2025-03-11 13:33:20.467623+00:00
-79.0955555555555,36.0711111111111,2bf55dc212734c469cd90fe8d976fadf,USGS-02085000,00060,00003,2019-08-23,19.2,ft^3/s,Approved,,2025-03-11 13:33:20.467623+00:00
-79.0955555555555,36.0711111111111,2bf55dc212734c469cd90fe8d976fadf,USGS-02085000,00060,00003,2019-08-22,38.5,ft^3/s,Approved,,2025-03-11 13:33:20.467623+00:00
-79.0955555555555,36.0711111111111,2bf55dc212734c469cd90fe8d976fadf,USGS-02085000,00060,00003,2019-08-21,14.3,ft^3/s,Approved,,2025-03-11 13:33:20.467623+00:00
-79.0955555555555,36.0711111111111,2bf55dc212734c469cd90fe8d976fadf,USGS-02085000,00060,00003,2019-08-20,13.6,ft^3/s,Approved,,2025-03-11 13:33:20.467623+00:00
-79.0955555555555,36.0711111111111,2bf55dc212734c469cd90fe8d976fadf,USGS-02085000,00060,00003,2019-08-19,22.4,ft^3/s,Approved,,2025-03-11 13:33:20.467623+00:00
-79.0955555555555,36.0711111111111,2bf55dc212734c469cd90fe8d976fadf,USGS-02085000,00060,00003,2019-08-18,89.8,ft^3/s,Approved,,2025-03-11 13:33:20.467623+00:00
-79.0955555555555,36.0711111111111,2bf55dc212734c469cd90fe8d976fadf,USGS-02085000,00060,00003,2019-08-17,70.1,ft^3/s,Approved,,2025-03-11 13:33:20.467623+00:00
-79.0955555555555,36.0711111111111,2bf55dc212734c469cd90fe8d976fadf,USGS-02085000,00060,00003,2019-08-16,10.1,ft^3/s,Approved,,2025-03-11 13:33:20.467623+00:00
-79.0955555555555,36.0711111111111,2bf55dc212734c469cd90fe8d976fadf,USGS-02085000,00060,00003,2019-08-15,29.8,ft^3/s,Approved,,2025-03-11 13:33:20.467623+00:00
-79.0955555555555,36.0711111111111,2bf55dc212734c469cd90fe8d976fadf,USGS-02085000,00060,00003,2019-08-14,22.7,ft^3/s,Approved,,2025-03-11 13:33:20.467623+00:00
-79.0955555555555,36.0711111111111,2bf55dc212734c469cd90fe8d976fadf,USGS-02085000,00060,00003,2019-08-13,7.47,ft^3/s,Approved,,2025-03-11 13:33:20.467623+00:00
-79.0955555555555,36.0711111111111,2bf55dc212734c469cd90fe8d976fadf,USGS-02085000,00060,00003,2019-08-12,5.63,ft^3/s,Approved,,2025-03-11 13:33:20.467623+00:00
-79.0955555555555,36.0711111111111,2bf55dc212734c469cd90fe8d976fadf,USGS-02085000,00060,00003,2019-08-11,6.50,ft^3/s,Approved,,2025-03-11 13:33:20.467623+00:00
-79.0955555555555,36.0711111111111,2bf55dc212734c469cd90fe8d976fadf,USGS-02085000,00060,00003,2019-08-10,5.44,ft^3/s,Approved,,2025-03-11 13:33:20.467623+00:00
-79.0955555555555,36.0711111111111,2bf55dc212734c469cd90fe8d976fadf,USGS-02085000,00060,00003,2019-08-09,5.61,ft^3/s,Approved,,2025-03-11 13:33:20.467623+00:00
-79.0955555555555,36.0711111111111,2bf55dc212734c469cd90fe8d976fadf,USGS-02085000,00060,00003,2019-08-08,9.94,ft^3/s,Approved,,2025-03-11 13:33:20.467623+00:00
-79.0955555555555,36.0711111111111,2bf55dc212734c469cd90fe8d976fadf,USGS-02085000,00060,00003,2019-08-07,16.3,ft^3/s,Approved,,2025-03-11 13:33:20.467623+00:00
-79.0955555555555,36.0711111111111,2bf55dc212734c469cd90fe8d976fadf,USGS-02085000,00060,00003,2019-08-06,35.1,ft^3/s,Approved,,2025-03-11 13:33:20.467623+00:00
-79.0955555555555,36.0711111111111,2bf55dc212734c469cd90fe8d976fadf,USGS-02085000,00060,00003,2019-08-05,9.73,ft^3/s,Approved,,2025-03-11 13:33:20.467623+00:00
-79.0955555555555,36.0711111111111,2bf55dc212734c469cd90fe8d976fadf,USGS-02085000,00060,00003,2019-08-04,7.31,ft^3/s,Approved,,2025-03-11 13:33:20.467623+00:00
-79.0955555555555,36.0711111111111,2bf55dc212734c469cd90fe8d976fadf,USGS-02085000,00060,00003,2019-08-03,10.7,ft^3/s,Approved,,2025-03-11 13:33:20.467623+00:00
-79.0955555555555,36.0711111111111,2bf55dc212734c469cd90fe8d976fadf,USGS-02085000,00060,00003,2019-08-02,20.5,ft^3/s,Approved,,2025-09-16 15:57:16.658682+00:00
-79.0955555555555,36.0711111111111,2bf55dc212734c469cd90fe8d976fadf,USGS-02085000,00060,00003,2019-08-01,8.57,ft^3/s,Approved,['ESTIMATED'],2025-03-11 13:33:20.467623+00:00
-79.0955555555555,36.0711111111111,2bf55dc212734c469cd90fe8d976fadf,USGS-02085000,00060,00003,2019-07-31,7.38,ft^3/s,Approved,['ESTIMATED'],2025-03-11 13:33:20.467623+00:00
-79.0955555555555,36.0711111111111,2bf55dc212734c469cd90fe8d976fadf,USGS-02085000,00060,00003,2019-07-30,7.48,ft^3/s,Approved,,2025-03-11 13:33:20.467623+00:00
-79.0955555555555,36.0711111111111,2bf55dc212734c469cd90fe8d976fadf,USGS-02085000,00060,00003,2019-07-29,8.15,ft^3/s,Approved,,2025-03-11 13:33:20.467623+00:00
-79.0955555555555,36.0711111111111,2bf55dc212734c469cd90fe8d976fadf,USGS-02085000,00060,00003,2019-07-28,9.17,ft^3/s,Approved,,2025-03-11 13:33:20.467623+00:00
-79.0955555555555,36.0711111111111,2bf55dc212734c469cd90fe8d976fadf,USGS-02085000,00060,00003,2019-07-27,9.60,ft^3/s,Approved,,2025-03-11 13:33:20.467623+00:00
-79.0955555555555,36.0711111111111,2bf55dc212734c469cd90fe8d976fadf,USGS-02085000,00060,00003,2019-07-26,10.2,ft^3/s,Approved,,2025-03-11 13:33:20.467623+00:00
-79.0955555555555,36.0711111111111,2bf55dc212734c469cd90fe8d976fadf,USGS-02085000,00060,00003,2019-07-25,13.6,ft^3/s,Approved,,2025-03-11 13:33:20.467623+00:00
-79.0955555555555,36.0711111111111,2bf55dc212734c469cd90fe8d976fadf,USGS-02085000,00060,00003,2019-07-24,50.3,ft^3/s,Approved,,2025-03-11 13:33:20.467623+00:00
-79.0955555555555,36.0711111111111,2bf55dc212734c469cd90fe8d976fadf,USGS-02085000,00060,00003,2019-07-23,99.6,ft^3/s,Approved,,2025-03-11 13:33:20.467623+00:00
-79.0955555555555,36.0711111111111,2bf55dc212734c469cd90fe8d976fadf,USGS-02085000,00060,00003,2019-07-22,8.21,ft^3/s,Approved,,2025-03-11 13:33:20.467623+00:00
-79.0955555555555,36.0711111111111,2bf55dc212734c469cd90fe8d976fadf,USGS-02085000,00060,00003,2019-07-21,9.38,ft^3/s,Approved,,2025-03-11 13:33:20.467623+00:00
-79.0955555555555,36.0711111111111,2bf55dc212734c469cd90fe8d976fadf,USGS-02085000,00060,00003,2019-07-20,9.69,ft^3/s,Approved,,2025-03-11 13:33:20.467623+00:00
-79.0955555555555,36.0711111111111,2bf55dc212734c469cd90fe8d976fadf,USGS-02085000,00060,00003,2019-07-19,9.73,ft^3/s,Approved,,2025-03-11 13:33:20.467623+00:00
-79.0955555555555,36.0711111111111,2bf55dc212734c469cd90fe8d976fadf,USGS-02085000,00060,00003,2019-07-18,9.75,ft^3/s,Approved,,2025-03-11 13:33:20.467623+00:00
-79.0955555555555,36.0711111111111,2bf55dc212734c469cd90fe8d976fadf,USGS-02085000,00060,00003,2019-07-17,10.1,ft^3/s,Approved,,2025-03-11 13:33:20.467623+00:00
-79.0955555555555,36.0711111111111,2bf55dc212734c469cd90fe8d976fadf,USGS-02085000,00060,00003,2019-07-16,11.2,ft^3/s,Approved,,2025-03-11 13:33:20.467623+00:00
-79.0955555555555,36.0711111111111,2bf55dc212734c469cd90fe8d976fadf,USGS-02085000,00060,00003,2019-07-15,10.9,ft^3/s,Approved,,2025-03-11 13:33:20.467623+00:00
-79.0955555555555,36.0711111111111,2bf55dc212734c469cd90fe8d976fadf,USGS-02085000,00060,00003,2019-07-14,12.2,ft^3/s,Approved,,2025-03-11 13:33:20.467623+00:00
-79.0955555555555,36.0711111111111,2bf55dc212734c469cd90fe8d976fadf,USGS-02085000,00060,00003,2019-07-13,14.3,ft^3/s,Approved,,2025-03-11 13:33:20.467623+00:00
-79.0955555555555,36.0711111111111,2bf55dc212734c469cd90fe8d976fadf,USGS-02085000,00060,00003,2019-07-12,13.4,ft^3/s,Approved,,2025-03-11 13:33:20.467623+00:00
-79.0955555555555,36.0711111111111,2bf55dc212734c469cd90fe8d976fadf,USGS-02085000,00060,00003,2019-07-11,13.3,ft^3/s,Approved,,2025-03-11 13:33:20.467623+00:00
-79.0955555555555,36.0711111111111,2bf55dc212734c469cd90fe8d976fadf,USGS-02085000,00060,00003,2019-07-10,14.0,ft^3/s,Approved,,2025-03-11 13:33:20.467623+00:00
-79.0955555555555,36.0711111111111,2bf55dc212734c469cd90fe8d976fadf,USGS-02085000,00060,00003,2019-07-09,15.7,ft^3/s,Approved,,2025-03-11 13:33:20.467623+00:00
-79.0955555555555,36.0711111111111,2bf55dc212734c469cd90fe8d976fadf,USGS-02085000,00060,00003,2019-07-08,17.4,ft^3/s,Approved,,2025-03-11 13:33:20.467623+00:00
-79.0955555555555,36.0711111111111,2bf55dc212734c469cd90fe8d976fadf,USGS-02085000,00060,00003,2019-07-07,19.2,ft^3/s,Approved,,2025-03-11 13:33:20.467623+00:00
-79.0955555555555,36.0711111111111,2bf55dc212734c469cd90fe8d976fadf,USGS-02085000,00060,00003,2019-07-06,21.0,ft^3/s,Approved,,2025-03-11 13:33:20.467623+00:00
-79.0955555555555,36.0711111111111,2bf55dc212734c469cd90fe8d976fadf,USGS-02085000,00060,00003,2019-07-05,18.3,ft^3/s,Approved,,2025-03-11 13:33:20.467623+00:00
-79.0955555555555,36.0711111111111,2bf55dc212734c469cd90fe8d976fadf,USGS-02085000,00060,00003,2019-07-04,19.5,ft^3/s,Approved,,2025-03-11 13:33:20.467623+00:00
-79.0955555555555,36.0711111111111,2bf55dc212734c469cd90fe8d976fadf,USGS-02085000,00060,00003,2019-07-03,24.6,ft^3/s,Approved,,2025-03-11 13:33:20.467623+00:00
-79.0955555555555,36.0711111111111,2bf55dc212734c469cd90fe8d976fadf,USGS-02085000,00060,00003,2019-07-02,25.1,ft^3/s,Approved,,2025-03-11 13:33:20.467623+00:00
-79.0955555555555,36.0711111111111,2bf55dc212734c469cd90fe8d976fadf,USGS-02085000,00060,00003,2019-07-01,26.6,ft^3/s,Approved,,2025-03-11 13:33:20.467623+00:00
-79.0955555555555,36.0711111111111,2bf55dc212734c469cd90fe8d976fadf,USGS-02085000,00060,00003,2019-06-30,29.2,ft^3/s,Approved,,2025-03-11 13:33:20.467623+00:00
-79.0955555555555,36.0711111111111,2bf55dc212734c469cd90fe8d976fadf,USGS-02085000,00060,00003,2019-06-29,30.1,ft^3/s,Approved,,2025-03-11 13:33:20.467623+00:00
-79.0955555555555,36.0711111111111,2bf55dc212734c469cd90fe8d976fadf,USGS-02085000,00060,00003,2019-06-28,31.2,ft^3/s,Approved,,2025-03-11 13:33:20.467623+00:00
-79.0955555555555,36.0711111111111,2bf55dc212734c469cd90fe8d976fadf,USGS-02085000,00060,00003,2019-06-27,31.3,ft^3/s,Approved,,2025-03-11 13:33:20.467623+00:00
-79.0955555555555,36.0711111111111,2bf55dc212734c469cd90fe8d976fadf,USGS-02085000,00060,00003,2019-06-26,33.3,ft^3/s,Approved,,2025-03-11 13:33:20.467623+00:00
-79.0955555555555,36.0711111111111,2bf55dc212734c469cd90fe8d976fadf,USGS-02085000,00060,00003,2019-06-25,37.1,ft^3/s,Approved,,2025-03-11 13:33:20.467623+00:00
-79.0955555555555,36.0711111111111,2bf55dc212734c469cd90fe8d976fadf,USGS-02085000,00060,00003,2019-06-24,36.7,ft^3/s,Approved,,2025-03-11 13:33:20.467623+00:00
-79.0955555555555,36.0711111111111,2bf55dc212734c469cd90fe8d976fadf,USGS-02085000,00060,00003,2019-06-23,47.6,ft^3/s,Approved,,2025-03-11 13:33:20.467623+00:00
-79.0955555555555,36.0711111111111,2bf55dc212734c469cd90fe8d976fadf,USGS-02085000,00060,00003,2019-06-22,59.3,ft^3/s,Approved,,2025-03-11 13:33:20.467623+00:00
-79.0955555555555,36.0711111111111,2bf55dc212734c469cd90fe8d976fadf,USGS-02085000,00060,00003,2019-06-21,98.2,ft^3/s,Approved,,2025-03-11 13:33:20.467623+00:00
-79.0955555555555,36.0711111111111,2bf55dc212734c469cd90fe8d976fadf,USGS-02085000,00060,00003,2019-06-20,140,ft^3/s,Approved,,2025-03-11 13:33:20.467623+00:00
-79.0955555555555,36.0711111111111,2bf55dc212734c469cd90fe8d976fadf,USGS-02085000,00060,00003,2019-06-19,387,ft^3/s,Approved,,2025-03-11 13:33:20.467623+00:00
-79.0955555555555,36.0711111111111,2bf55dc212734c469cd90fe8d976fadf,USGS-02085000,00060,00003,2019-06-18,115,ft^3/s,Approved,,2025-03-11 13:33:20.467623+00:00
-79.0955555555555,36.0711111111111,2bf55dc212734c469cd90fe8d976fadf,USGS-02085000,00060,00003,2019-06-17,85.4,ft^3/s,Approved,,2025-03-11 13:33:20.467623+00:00
-79.0955555555555,36.0711111111111,2bf55dc212734c469cd90fe8d976fadf,USGS-02085000,00060,00003,2019-06-16,91.6,ft^3/s,Approved,,2025-03-11 13:33:20.467623+00:00
-79.0955555555555,36.0711111111111,2bf55dc212734c469cd90fe8d976fadf,USGS-02085000,00060,00003,2019-06-15,99.3,ft^3/s,Approved,,2025-03-11 13:33:20.467623+00:00
-79.0955555555555,36.0711111111111,2bf55dc212734c469cd90fe8d976fadf,USGS-02085000,00060,00003,2019-06-14,116,ft^3/s,Approved,,2025-03-11 13:33:20.467623+00:00
-79.0955555555555,36.0711111111111,2bf55dc212734c469cd90fe8d976fadf,USGS-02085000,00060,00003,2019-06-13,109,ft^3/s,Approved,,2025-03-11 13:33:20.467623+00:00
-79.0955555555555,36.0711111111111,2bf55dc212734c469cd90fe8d976fadf,USGS-02085000,00060,00003,2019-06-12,66.5,ft^3/s,Approved,,2025-03-11 13:33:20.467623+00:00
-79.0955555555555,36.0711111111111,2bf55dc212734c469cd90fe8d976fadf,USGS-02085000,00060,00003,2019-06-11,102,ft^3/s,Approved,,2025-03-11 13:33:20.467623+00:00
-79.0955555555555,36.0711111111111,2bf55dc212734c469cd90fe8d976fadf,USGS-02085000,00060,00003,2019-06-10,119,ft^3/s,Approved,,2025-03-11 13:33:20.467623+00:00
-79.0955555555555,36.0711111111111,2bf55dc212734c469cd90fe8d976fadf,USGS-02085000,00060,00003,2019-06-09,350,ft^3/s,Approved,,2025-03-11 13:33:20.467623+00:00
-79.0955555555555,36.0711111111111,2bf55dc212734c469cd90fe8d976fadf,USGS-02085000,00060,00003,2019-06-08,429,ft^3/s,Approved,,2025-03-11 13:33:20.467623+00:00
-79.0955555555555,36.0711111111111,2bf55dc212734c469cd90fe8d976fadf,USGS-02085000,00060,00003,2019-06-07,52.2,ft^3/s,Approved,,2025-03-11 13:33:20.467623+00:00
-79.0955555555555,36.0711111111111,2bf55dc212734c469cd90fe8d976fadf,USGS-02085000,00060,00003,2019-06-06,20.2,ft^3/s,Approved,,2025-03-11 13:33:20.467623+00:00
-79.0955555555555,36.0711111111111,2bf55dc212734c469cd90fe8d976fadf,USGS-02085000,00060,00003,2019-06-05,8.22,ft^3/s,Approved,,2025-03-11 13:33:20.467623+00:00
-79.0955555555555,36.0711111111111,2bf55dc212734c469cd90fe8d976fadf,USGS-02085000,00060,00003,2019-06-04,8.82,ft^3/s,Approved,,2025-03-11 13:33:20.467623+00:00
-79.0955555555555,36.0711111111111,2bf55dc212734c469cd90fe8d976fadf,USGS-02085000,00060,00003,2019-06-03,11.1,ft^3/s,Approved,,2025-03-11 13:33:20.467623+00:00
-79.0955555555555,36.0711111111111,2bf55dc212734c469cd90fe8d976fadf,USGS-02085000,00060,00003,2019-06-02,12.2,ft^3/s,Approved,,2025-03-11 13:33:20.467623+00:00
-79.0955555555555,36.0711111111111,2bf55dc212734c469cd90fe8d976fadf,USGS-02085000,00060,00003,2019-06-01,13.7,ft^3/s,Approved,,2025-03-11 13:33:20.467623+00:00
-79.0955555555555,36.0711111111111,2bf55dc212734c469cd90fe8d976fadf,USGS-02085000,00060,00003,2019-05-31,12.1,ft^3/s,Approved,,2025-03-11 13:33:20.467623+00:00
-79.0955555555555,36.0711111111111,2bf55dc212734c469cd90fe8d976fadf,USGS-02085000,00060,00003,2019-05-30,13.9,ft^3/s,Approved,,2025-03-11 13:33:20.467623+00:00
-79.0955555555555,36.0711111111111,2bf55dc212734c469cd90fe8d976fadf,USGS-02085000,00060,00003,2019-05-29,15.6,ft^3/s,Approved,,2025-03-11 13:33:20.467623+00:00
-79.0955555555555,36.0711111111111,2bf55dc212734c469cd90fe8d976fadf,USGS-02085000,00060,00003,2019-05-28,13.7,ft^3/s,Approved,,2025-03-11 13:33:20.467623+00:00
-79.0955555555555,36.0711111111111,2bf55dc212734c469cd90fe8d976fadf,USGS-02085000,00060,00003,2019-05-27,15.1,ft^3/s,Approved,,2025-03-11 13:33:20.467623+00:00
-79.0955555555555,36.0711111111111,2bf55dc212734c469cd90fe8d976fadf,USGS-02085000,00060,00003,2019-05-26,16.1,ft^3/s,Approved,,2025-03-11 13:33:20.467623+00:00
-79.0955555555555,36.0711111111111,2bf55dc212734c469cd90fe8d976fadf,USGS-02085000,00060,00003,2019-05-25,19.0,ft^3/s,Approved,,2025-03-11 13:33:20.467623+00:00
-79.0955555555555,36.0711111111111,2bf55dc212734c469cd90fe8d976fadf,USGS-02085000,00060,00003,2019-05-24,18.2,ft^3/s,Approved,,2025-03-11 13:33:20.467623+00:00
-79.0955555555555,36.0711111111111,2bf55dc212734c469cd90fe8d976fadf,USGS-02085000,00060,00003,2019-05-23,19.5,ft^3/s,Approved,,2025-03-11 13:33:20.467623+00:00
-79.0955555555555,36.0711111111111,2bf55dc212734c469cd90fe8d976fadf,USGS-02085000,00060,00003,2019-05-22,19.4,ft^3/s,Approved,,2025-03-11 13:33:20.467623+00:00
-79.0955555555555,36.0711111111111,2bf55dc212734c469cd90fe8d976fadf,USGS-02085000,00060,00003,2019-05-21,21.0,ft^3/s,Approved,,2025-03-11 13:33:20.467623+00:00
-79.0955555555555,36.0711111111111,2bf55dc212734c469cd90fe8d976fadf,USGS-02085000,00060,00003,2019-05-20,21.2,ft^3/s,Approved,,2025-03-11 13:33:20.467623+00:00
-79.0955555555555,36.0711111111111,2bf55dc212734c469cd90fe8d976fadf,USGS-02085000,00060,00003,2019-05-19,23.2,ft^3/s,Approved,,2025-03-11 13:33:20.467623+00:00
-79.0955555555555,36.0711111111111,2bf55dc212734c469cd90fe8d976fadf,USGS-02085000,00060,00003,2019-05-18,24.8,ft^3/s,Approved,,2025-03-11 13:33:20.467623+00:00
-79.0955555555555,36.0711111111111,2bf55dc212734c469cd90fe8d976fadf,USGS-02085000,00060,00003,2019-05-17,25.3,ft^3/s,Approved,,2025-03-11 13:33:20.467623+00:00
-79.0955555555555,36.0711111111111,2bf55dc212734c469cd90fe8d976fadf,USGS-02085000,00060,00003,2019-05-16,25.9,ft^3/s,Approved,,2025-03-11 13:33:20.467623+00:00
-79.0955555555555,36.0711111111111,2bf55dc212734c469cd90fe8d976fadf,USGS-02085000,00060,00003,2019-05-15,28.0,ft^3/s,Approved,,2025-03-11 13:33:20.467623+00:00
-79.0955555555555,36.0711111111111,2bf55dc212734c469cd90fe8d976fadf,USGS-02085000,00060,00003,2019-05-14,33.8,ft^3/s,Approved,,2025-03-11 13:33:20.467623+00:00
-79.0955555555555,36.0711111111111,2bf55dc212734c469cd90fe8d976fadf,USGS-02085000,00060,00003,2019-05-13,38.6,ft^3/s,Approved,,2025-03-11 13:33:20.467623+00:00
-79.0955555555555,36.0711111111111,2bf55dc212734c469cd90fe8d976fadf,USGS-02085000,00060,00003,2019-05-12,37.8,ft^3/s,Approved,,2025-03-11 13:33:20.467623+00:00
-79.0955555555555,36.0711111111111,2bf55dc212734c469cd90fe8d976fadf,USGS-02085000,00060,00003,2019-05-11,34.3,ft^3/s,Approved,,2025-03-11 13:33:20.467623+00:00
-79.0955555555555,36.0711111111111,2bf55dc212734c469cd90fe8d976fadf,USGS-02085000,00060,00003,2019-05-10,32.9,ft^3/s,Approved,,2025-03-11 13:33:20.467623+00:00
-79.0955555555555,36.0711111111111,2bf55dc212734c469cd90fe8d976fadf,USGS-02085000,00060,00003,2019-05-09,35.0,ft^3/s,Approved,,2025-03-11 13:33:20.467623+00:00
-79.0955555555555,36.0711111111111,2bf55dc212734c469cd90fe8d976fadf,USGS-02085000,00060,00003,2019-05-08,38.1,ft^3/s,Approved,,2025-03-11 13:33:20.467623+00:00
-79.0955555555555,36.0711111111111,2bf55dc212734c469cd90fe8d976fadf,USGS-02085000,00060,00003,2019-05-07,42.9,ft^3/s,Approved,,2025-03-11 13:33:20.467623+00:00
-79.0955555555555,36.0711111111111,2bf55dc212734c469cd90fe8d976fadf,USGS-02085000,00060,00003,2019-05-06,57.5,ft^3/s,Approved,,2025-03-11 13:33:20.467623+00:00
-79.0955555555555,36.0711111111111,2bf55dc212734c469cd90fe8d976fadf,USGS-02085000,00060,00003,2019-05-05,56.6,ft^3/s,Approved,,2025-03-11 13:33:20.467623+00:00
-79.0955555555555,36.0711111111111,2bf55dc212734c469cd90fe8d976fadf,USGS-02085000,00060,00003,2019-05-04,43.5,ft^3/s,Approved,,2025-03-11 13:33:20.467623+00:00
-79.0955555555555,36.0711111111111,2bf55dc212734c469cd90fe8d976fadf,USGS-02085000,00060,00003,2019-05-03,46.0,ft^3/s,Approved,,2025-03-11 13:33:20.467623+00:00
-79.0955555555555,36.0711111111111,2bf55dc212734c469cd90fe8d976fadf,USGS-02085000,00060,00003,2019-05-02,48.3,ft^3/s,Approved,,2025-03-11 13:33:20.467623+00:00
-79.0955555555555,36.0711111111111,2bf55dc212734c469cd90fe8d976fadf,USGS-02085000,00060,00003,2019-05-01,50.3,ft^3/s,Approved,,2025-03-11 13:33:20.467623+00:00
-79.0955555555555,36.0711111111111,2bf55dc212734c469cd90fe8d976fadf,USGS-02085000,00060,00003,2019-04-30,54.4,ft^3/s,Approved,,2025-03-11 13:33:20.467623+00:00
-79.0955555555555,36.0711111111111,2bf55dc212734c469cd90fe8d976fadf,USGS-02085000,00060,00003,2019-04-29,58.5,ft^3/s,Approved,,2025-03-11 13:33:20.467623+00:00
-79.0955555555555,36.0711111111111,2bf55dc212734c469cd90fe8d976fadf,USGS-02085000,00060,00003,2019-04-28,66.6,ft^3/s,Approved,,2025-03-11 13:33:20.467623+00:00
-79.0955555555555,36.0711111111111,2bf55dc212734c469cd90fe8d976fadf,USGS-02085000,00060,00003,2019-04-27,85.8,ft^3/s,Approved,,2025-03-11 13:33:20.467623+00:00
-79.0955555555555,36.0711111111111,2bf55dc212734c469cd90fe8d976fadf,USGS-02085000,00060,00003,2019-04-26,75.7,ft^3/s,Approved,,2025-03-11 13:33:20.467623+00:00
-79.0955555555555,36.0711111111111,2bf55dc212734c469cd90fe8d976fadf,USGS-02085000,00060,00003,2019-04-25,71.9,ft^3/s,Approved,,2025-03-11 13:33:20.467623+00:00
-79.0955555555555,36.0711111111111,2bf55dc212734c469cd90fe8d976fadf,USGS-02085000,00060,00003,2019-04-24,77.2,ft^3/s,Approved,,2025-03-11 13:33:20.467623+00:00
-79.0955555555555,36.0711111111111,2bf55dc212734c469cd90fe8d976fadf,USGS-02085000,00060,00003,2019-04-23,86.6,ft^3/s,Approved,,2025-03-11 13:33:20.467623+00:00
-79.0955555555555,36.0711111111111,2bf55dc212734c469cd90fe8d976fadf,USGS-02085000,00060,00003,2019-04-22,113,ft^3/s,Approved,,2025-03-11 13:33:20.467623+00:00
-79.0955555555555,36.0711111111111,2bf55dc212734c469cd90fe8d976fadf,USGS-02085000,00060,00003,2019-04-21,204,ft^3/s,Approved,,2025-03-11 13:33:20.467623+00:00
-79.0955555555555,36.0711111111111,2bf55dc212734c469cd90fe8d976fadf,USGS-02085000,00060,00003,2019-04-20,759,ft^3/s,Approved,,2025-03-11 13:33:20.467623+00:00
-79.0955555555555,36.0711111111111,2bf55dc212734c469cd90fe8d976fadf,USGS-02085000,00060,00003,2019-04-19,694,ft^3/s,Approved,,2025-03-11 13:33:20.467623+00:00
-79.0955555555555,36.0711111111111,2bf55dc212734c469cd90fe8d976fadf,USGS-02085000,00060,00003,2019-04-18,252,ft^3/s,Approved,,2025-03-11 13:33:20.467623+00:00
-79.0955555555555,36.0711111111111,2bf55dc212734c469cd90fe8d976fadf,USGS-02085000,00060,00003,2019-04-17,374,ft^3/s,Approved,,2025-03-11 13:33:20.467623+00:00
-79.0955555555555,36.0711111111111,2bf55dc212734c469cd90fe8d976fadf,USGS-02085000,00060,00003,2019-04-16,468,ft^3/s,Approved,,2025-03-11 13:33:20.467623+00:00
-79.0955555555555,36.0711111111111,2bf55dc212734c469cd90fe8d976fadf,USGS-02085000,00060,00003,2019-04-15,691,ft^3/s,Approved,,2025-03-11 13:33:20.467623+00:00
-79.0955555555555,36.0711111111111,2bf55dc212734c469cd90fe8d976fadf,USGS-02085000,00060,00003,2019-04-14,965,ft^3/s,Approved,,2025-03-11 13:33:20.467623+00:00
-79.0955555555555,36.0711111111111,2bf55dc212734c469cd90fe8d976fadf,USGS-02085000,00060,00003,2019-04-13,2760,ft^3/s,Approved,,2025-03-11 13:33:20.467623+00:00
-79.0955555555555,36.0711111111111,2bf55dc212734c469cd90fe8d976fadf,USGS-02085000,00060,00003,2019-04-12,738,ft^3/s,Approved,,2025-03-11 13:33:20.467623+00:00
-79.0955555555555,36.0711111111111,2bf55dc212734c469cd90fe8d976fadf,USGS-02085000,00060,00003,2019-04-11,149,ft^3/s,Approved,,2025-03-11 13:33:20.467623+00:00
-79.0955555555555,36.0711111111111,2bf55dc212734c469cd90fe8d976fadf,USGS-02085000,00060,00003,2019-04-10,232,ft^3/s,Approved,,2025-03-11 13:33:20.467623+00:00
-79.0955555555555,36.0711111111111,2bf55dc212734c469cd90fe8d976fadf,USGS-02085000,00060,00003,2019-04-09,701,ft^3/s,Approved,,2025-03-11 13:33:20.467623+00:00
-79.0955555555555,36.0711111111111,2bf55dc212734c469cd90fe8d976fadf,USGS-02085000,00060,00003,2019-04-08,218,ft^3/s,Approved,,2025-03-11 13:33:20.467623+00:00
-79.0955555555555,36.0711111111111,2bf55dc212734c469cd90fe8d976fadf,USGS-02085000,00060,00003,2019-04-07,123,ft^3/s,Approved,,2025-03-11 13:33:20.467623+00:00
-79.0955555555555,36.0711111111111,2bf55dc212734c469cd90fe8d976fadf,USGS-02085000,00060,00003,2019-04-06,168,ft^3/s,Approved,,2025-03-11 13:33:20.467623+00:00
-79.0955555555555,36.0711111111111,2bf55dc212734c469cd90fe8d976fadf,USGS-02085000,00060,00003,2019-04-05,112,ft^3/s,Approved,,2025-03-11 13:33:20.467623+00:00
-79.0955555555555,36.0711111111111,2bf55dc212734c469cd90fe8d976fadf,USGS-02085000,00060,00003,2019-04-04,93.0,ft^3/s,Approved,,2025-03-11 13:33:20.467623+00:00
-79.0955555555555,36.0711111111111,2bf55dc212734c469cd90fe8d976fadf,USGS-02085000,00060,00003,2019-04-03,101,ft^3/s,Approved,,2025-03-11 13:33:20.467623+00:00
-79.0955555555555,36.0711111111111,2bf55dc212734c469cd90fe8d976fadf,USGS-02085000,00060,00003,2019-04-02,95.0,ft^3/s,Approved,,2025-03-11 13:33:20.467623+00:00
-79.0955555555555,36.0711111111111,2bf55dc212734c469cd90fe8d976fadf,USGS-02085000,00060,00003,2019-04-01,92.5,ft^3/s,Approved,,2025-03-11 13:33:20.467623+00:00
-79.0955555555555,36.0711111111111,2bf55dc212734c469cd90fe8d976fadf,USGS-02085000,00060,00003,2019-03-31,97.1,ft^3/s,Approved,,2025-03-11 13:33:20.467623+00:00
-79.0955555555555,36.0711111111111,2bf55dc212734c469cd90fe8d976fadf,USGS-02085000,00060,00003,2019-03-30,100,ft^3/s,Approved,,2025-03-11 13:33:20.467623+00:00
-79.0955555555555,36.0711111111111,2bf55dc212734c469cd90fe8d976fadf,USGS-02085000,00060,00003,2019-03-29,100,ft^3/s,Approved,,2025-03-11 13:33:20.467623+00:00
-79.0955555555555,36.0711111111111,2bf55dc212734c469cd90fe8d976fadf,USGS-02085000,00060,00003,2019-03-28,102,ft^3/s,Approved,,2025-03-11 13:33:20.467623+00:00
-79.0955555555555,36.0711111111111,2bf55dc212734c469cd90fe8d976fadf,USGS-02085000,00060,00003,2019-03-27,109,ft^3/s,Approved,,2025-03-11 13:33:20.467623+00:00
-79.0955555555555,36.0711111111111,2bf55dc212734c469cd90fe8d976fadf,USGS-02085000,00060,00003,2019-03-26,132,ft^3/s,Approved,,2025-03-11 13:33:20.467623+00:00
-79.0955555555555,36.0711111111111,2bf55dc212734c469cd90fe8d976fadf,USGS-02085000,00060,00003,2019-03-25,110,ft^3/s,Approved,,2025-03-11 13:33:20.467623+00:00
-79.0955555555555,36.0711111111111,2bf55dc212734c469cd90fe8d976fadf,USGS-02085000,00060,00003,2019-03-24,119,ft^3/s,Approved,,2025-03-11 13:33:20.467623+00:00
-79.0955555555555,36.0711111111111,2bf55dc212734c469cd90fe8d976fadf,USGS-02085000,00060,00003,2019-03-23,160,ft^3/s,Approved,,2025-03-11 13:33:20.467623+00:00
-79.0955555555555,36.0711111111111,2bf55dc212734c469cd90fe8d976fadf,USGS-02085000,00060,00003,2019-03-22,409,ft^3/s,Approved,,2025-03-11 13:33:20.467623+00:00
-79.0955555555555,36.0711111111111,2bf55dc212734c469cd90fe8d976fadf,USGS-02085000,00060,00003,2019-03-21,787,ft^3/s,Approved,,2025-03-11 13:33:20.467623+00:00
-79.0955555555555,36.0711111111111,2bf55dc212734c469cd90fe8d976fadf,USGS-02085000,00060,00003,2019-03-20,63.2,ft^3/s,Approved,,2025-03-11 13:33:20.467623+00:00
-79.0955555555555,36.0711111111111,2bf55dc212734c469cd90fe8d976fadf,USGS-02085000,00060,00003,2019-03-19,65.5,ft^3/s,Approved,,2025-03-11 13:33:20.467623+00:00
-79.0955555555555,36.0711111111111,2bf55dc212734c469cd90fe8d976fadf,USGS-02085000,00060,00003,2019-03-18,70.3,ft^3/s,Approved,,2025-03-11 13:33:20.467623+00:00
-79.0955555555555,36.0711111111111,2bf55dc212734c469cd90fe8d976fadf,USGS-02085000,00060,00003,2019-03-17,75.6,ft^3/s,Approved,,2025-03-11 13:33:20.467623+00:00
-79.0955555555555,36.0711111111111,2bf55dc212734c469cd90fe8d976fadf,USGS-02085000,00060,00003,2019-03-16,87.4,ft^3/s,Approved,,2025-03-11 13:33:20.467623+00:00
-79.0955555555555,36.0711111111111,2bf55dc212734c469cd90fe8d976fadf,USGS-02085000,00060,00003,2019-03-15,81.6,ft^3/s,Approved,,2025-03-11 13:33:20.467623+00:00
-79.0955555555555,36.0711111111111,2bf55dc212734c469cd90fe8d976fadf,USGS-02085000,00060,00003,2019-03-14,72.2,ft^3/s,Approved,,2025-03-11 13:33:20.467623+00:00
-79.0955555555555,36.0711111111111,2bf55dc212734c469cd90fe8d976fadf,USGS-02085000,00060,00003,2019-03-13,75.7,ft^3/s,Approved,,2025-03-11 13:33:20.467623+00:00
-79.0955555555555,36.0711111111111,2bf55dc212734c469cd90fe8d976fadf,USGS-02085000,00060,00003,2019-03-12,80.6,ft^3/s,Approved,,2025-03-11 13:33:20.467623+00:00
-79.0955555555555,36.0711111111111,2bf55dc212734c469cd90fe8d976fadf,USGS-02085000,00060,00003,2019-03-11,88.2,ft^3/s,Approved,,2025-03-11 13:33:20.467623+00:00
-79.0955555555555,36.0711111111111,2bf55dc212734c469cd90fe8d976fadf,USGS-02085000,00060,00003,2019-03-10,93.6,ft^3/s,Approved,,2025-03-11 13:33:20.467623+00:00
-79.0955555555555,36.0711111111111,2bf55dc212734c469cd90fe8d976fadf,USGS-02085000,00060,00003,2019-03-09,94.7,ft^3/s,Approved,,2025-03-11 13:33:20.467623+00:00
-79.0955555555555,36.0711111111111,2bf55dc212734c469cd90fe8d976fadf,USGS-02085000,00060,00003,2019-03-08,96.2,ft^3/s,Approved,,2025-03-11 13:33:20.467623+00:00
-79.0955555555555,36.0711111111111,2bf55dc212734c469cd90fe8d976fadf,USGS-02085000,00060,00003,2019-03-07,107,ft^3/s,Approved,,2025-03-11 13:33:20.467623+00:00
-79.0955555555555,36.0711111111111,2bf55dc212734c469cd90fe8d976fadf,USGS-02085000,00060,00003,2019-03-06,134,ft^3/s,Approved,,2025-03-11 13:33:20.467623+00:00
-79.0955555555555,36.0711111111111,2bf55dc212734c469cd90fe8d976fadf,USGS-02085000,00060,00003,2019-03-05,215,ft^3/s,Approved,,2025-03-11 13:33:20.467623+00:00
-79.0955555555555,36.0711111111111,2bf55dc212734c469cd90fe8d976fadf,USGS-02085000,00060,00003,2019-03-04,664,ft^3/s,Approved,,2025-03-11 13:33:20.467623+00:00
-79.0955555555555,36.0711111111111,2bf55dc212734c469cd90fe8d976fadf,USGS-02085000,00060,00003,2019-03-03,254,ft^3/s,Approved,,2025-03-11 13:33:20.467623+00:00
-79.0955555555555,36.0711111111111,2bf55dc212734c469cd90fe8d976fadf,USGS-02085000,00060,00003,2019-03-02,474,ft^3/s,Approved,,2025-03-11 13:33:20.467623+00:00
-79.0955555555555,36.0711111111111,2bf55dc212734c469cd90fe8d976fadf,USGS-02085000,00060,00003,2019-03-01,192,ft^3/s,Approved,,2025-03-11 13:33:20.467623+00:00
-79.0955555555555,36.0711111111111,2bf55dc212734c469cd90fe8d976fadf,USGS-02085000,00060,00003,2019-02-28,136,ft^3/s,Approved,,2025-03-11 13:33:20.467623+00:00
-79.0955555555555,36.0711111111111,2bf55dc212734c469cd90fe8d976fadf,USGS-02085000,00060,00003,2019-02-27,158,ft^3/s,Approved,,2025-03-11 13:33:20.467623+00:00
-79.0955555555555,36.0711111111111,2bf55dc212734c469cd90fe8d976fadf,USGS-02085000,00060,00003,2019-02-26,350,ft^3/s,Approved,,2025-03-11 13:33:20.467623+00:00
-79.0955555555555,36.0711111111111,2bf55dc212734c469cd90fe8d976fadf,USGS-02085000,00060,00003,2019-02-25,631,ft^3/s,Approved,,2025-03-11 13:33:20.467623+00:00
-79.0955555555555,36.0711111111111,2bf55dc212734c469cd90fe8d976fadf,USGS-02085000,00060,00003,2019-02-24,1150,ft^3/s,Approved,,2025-03-11 13:33:20.467623+00:00
-79.0955555555555,36.0711111111111,2bf55dc212734c469cd90fe8d976fadf,USGS-02085000,00060,00003,2019-02-23,1510,ft^3/s,Approved,,2025-03-11 13:33:20.467623+00:00
-79.0955555555555,36.0711111111111,2bf55dc212734c469cd90fe8d976fadf,USGS-02085000,00060,00003,2019-02-22,763,ft^3/s,Approved,,2025-03-11 13:33:20.467623+00:00
-79.0955555555555,36.0711111111111,2bf55dc212734c469cd90fe8d976fadf,USGS-02085000,00060,00003,2019-02-21,596,ft^3/s,Approved,,2025-03-11 13:33:20.467623+00:00
-79.0955555555555,36.0711111111111,2bf55dc212734c469cd90fe8d976fadf,USGS-02085000,00060,00003,2019-02-20,320,ft^3/s,Approved,,2025-03-11 13:33:20.467623+00:00
-79.0955555555555,36.0711111111111,2bf55dc212734c469cd90fe8d976fadf,USGS-02085000,00060,00003,2019-02-19,336,ft^3/s,Approved,,2025-03-11 13:33:20.467623+00:00
-79.0955555555555,36.0711111111111,2bf55dc212734c469cd90fe8d976fadf,USGS-02085000,00060,00003,2019-02-18,929,ft^3/s,Approved,,2025-03-11 13:33:20.467623+00:00
-79.0955555555555,36.0711111111111,2bf55dc212734c469cd90fe8d976fadf,USGS-02085000,00060,00003,2019-02-17,207,ft^3/s,Approved,,2025-03-11 13:33:20.467623+00:00
-79.0955555555555,36.0711111111111,2bf55dc212734c469cd90fe8d976fadf,USGS-02085000,00060,00003,2019-02-16,207,ft^3/s,Approved,,2025-03-11 13:33:20.467623+00:00
-79.0955555555555,36.0711111111111,2bf55dc212734c469cd90fe8d976fadf,USGS-02085000,00060,00003,2019-02-15,72.0,ft^3/s,Approved,,2025-03-11 13:33:20.467623+00:00
-79.0955555555555,36.0711111111111,2bf55dc212734c469cd90fe8d976fadf,USGS-02085000,00060,00003,2019-02-14,71.3,ft^3/s,Approved,,2025-03-11 13:33:20.467623+00:00
-79.0955555555555,36.0711111111111,2bf55dc212734c469cd90fe8d976fadf,USGS-02085000,00060,00003,2019-02-13,79.5,ft^3/s,Approved,,2025-03-11 13:33:20.467623+00:00
-79.0955555555555,36.0711111111111,2bf55dc212734c469cd90fe8d976fadf,USGS-02085000,00060,00003,2019-02-12,59.4,ft^3/s,Approved,,2025-03-11 13:33:20.467623+00:00
-79.0955555555555,36.0711111111111,2bf55dc212734c469cd90fe8d976fadf,USGS-02085000,00060,00003,2019-02-11,53.8,ft^3/s,Approved,,2025-03-11 13:33:20.467623+00:00
-79.0955555555555,36.0711111111111,2bf55dc212734c469cd90fe8d976fadf,USGS-02085000,00060,00003,2019-02-10,53.6,ft^3/s,Approved,,2025-03-11 13:33:20.467623+00:00
-79.0955555555555,36.0711111111111,2bf55dc212734c469cd90fe8d976fadf,USGS-02085000,00060,00003,2019-02-09,57.0,ft^3/s,Approved,,2025-03-11 13:33:20.467623+00:00
-79.0955555555555,36.0711111111111,2bf55dc212734c469cd90fe8d976fadf,USGS-02085000,00060,00003,2019-02-08,63.4,ft^3/s,Approved,,2025-03-11 13:33:20.467623+00:00
-79.0955555555555,36.0711111111111,2bf55dc212734c469cd90fe8d976fadf,USGS-02085000,00060,00003,2019-02-07,66.5,ft^3/s,Approved,,2025-03-11 13:33:20.467623+00:00
-79.0955555555555,36.0711111111111,2bf55dc212734c469cd90fe8d976fadf,USGS-02085000,00060,00003,2019-02-06,68.9,ft^3/s,Approved,,2025-03-11 13:33:20.467623+00:00
-79.0955555555555,36.0711111111111,2bf55dc212734c469cd90fe8d976fadf,USGS-02085000,00060,00003,2019-02-05,72.4,ft^3/s,Approved,,2025-03-11 13:33:20.467623+00:00
-79.0955555555555,36.0711111111111,2bf55dc212734c469cd90fe8d976fadf,USGS-02085000,00060,00003,2019-02-04,76.7,ft^3/s,Approved,,2025-03-11 13:33:20.467623+00:00
-79.0955555555555,36.0711111111111,2bf55dc212734c469cd90fe8d976fadf,USGS-02085000,00060,00003,2019-02-03,79.8,ft^3/s,Approved,,2025-03-11 13:33:20.467623+00:00
-79.0955555555555,36.0711111111111,2bf55dc212734c469cd90fe8d976fadf,USGS-02085000,00060,00003,2019-02-02,82.8,ft^3/s,Approved,,2025-03-11 13:33:20.467623+00:00
-79.0955555555555,36.0711111111111,2bf55dc212734c469cd90fe8d976fadf,USGS-02085000,00060,00003,2019-02-01,88.1,ft^3/s,Approved,,2025-03-11 13:33:20.467623+00:00
-79.0955555555555,36.0711111111111,2bf55dc212734c469cd90fe8d976fadf,USGS-02085000,00060,00003,2019-01-31,101,ft^3/s,Approved,,2025-03-11 13:33:20.467623+00:00
-79.0955555555555,36.0711111111111,2bf55dc212734c469cd90fe8d976fadf,USGS-02085000,00060,00003,2019-01-30,114,ft^3/s,Approved,,2025-03-11 13:33:20.467623+00:00
-79.0955555555555,36.0711111111111,2bf55dc212734c469cd90fe8d976fadf,USGS-02085000,00060,00003,2019-01-29,116,ft^3/s,Approved,,2025-03-11 13:33:20.467623+00:00
-79.0955555555555,36.0711111111111,2bf55dc212734c469cd90fe8d976fadf,USGS-02085000,00060,00003,2019-01-28,116,ft^3/s,Approved,,2025-03-11 13:33:20.467623+00:00
-79.0955555555555,36.0711111111111,2bf55dc212734c469cd90fe8d976fadf,USGS-02085000,00060,00003,2019-01-27,110,ft^3/s,Approved,,2025-03-11 13:33:20.467623+00:00
-79.0955555555555,36.0711111111111,2bf55dc212734c469cd90fe8d976fadf,USGS-02085000,00060,00003,2019-01-26,128,ft^3/s,Approved,,2025-03-11 13:33:20.467623+00:00
-79.0955555555555,36.0711111111111,2bf55dc212734c469cd90fe8d976fadf,USGS-02085000,00060,00003,2019-01-25,270,ft^3/s,Approved,,2025-03-11 13:33:20.467623+00:00
-79.0955555555555,36.0711111111111,2bf55dc212734c469cd90fe8d976fadf,USGS-02085000,00060,00003,2019-01-24,391,ft^3/s,Approved,,2025-03-11 13:33:20.467623+00:00
-79.0955555555555,36.0711111111111,2bf55dc212734c469cd90fe8d976fadf,USGS-02085000,00060,00003,2019-01-23,108,ft^3/s,Approved,,2025-03-11 13:33:20.467623+00:00
-79.0955555555555,36.0711111111111,2bf55dc212734c469cd90fe8d976fadf,USGS-02085000,00060,00003,2019-01-22,124,ft^3/s,Approved,,2025-03-11 13:33:20.467623+00:00
-79.0955555555555,36.0711111111111,2bf55dc212734c469cd90fe8d976fadf,USGS-02085000,00060,00003,2019-01-21,171,ft^3/s,Approved,,2025-03-11 13:33:20.467623+00:00
-79.0955555555555,36.0711111111111,2bf55dc212734c469cd90fe8d976fadf,USGS-02085000,00060,00003,2019-01-20,307,ft^3/s,Approved,,2025-03-11 13:33:20.467623+00:00
-79.0955555555555,36.0711111111111,2bf55dc212734c469cd90fe8d976fadf,USGS-02085000,00060,00003,2019-01-19,133,ft^3/s,Approved,,2025-03-11 13:33:20.467623+00:00
-79.0955555555555,36.0711111111111,2bf55dc212734c469cd90fe8d976fadf,USGS-02085000,00060,00003,2019-01-18,139,ft^3/s,Approved,,2025-03-11 13:33:20.467623+00:00
-79.0955555555555,36.0711111111111,2bf55dc212734c469cd90fe8d976fadf,USGS-02085000,00060,00003,2019-01-17,118,ft^3/s,Approved,,2025-03-11 13:33:20.467623+00:00
-79.0955555555555,36.0711111111111,2bf55dc212734c469cd90fe8d976fadf,USGS-02085000,00060,00003,2019-01-16,120,ft^3/s,Approved,,2025-03-11 13:33:20.467623+00:00
-79.0955555555555,36.0711111111111,2bf55dc212734c469cd90fe8d976fadf,USGS-02085000,00060,00003,2019-01-15,158,ft^3/s,Approved,,2025-03-11 13:33:20.467623+00:00
-79.0955555555555,36.0711111111111,2bf55dc212734c469cd90fe8d976fadf,USGS-02085000,00060,00003,2019-01-14,343,ft^3/s,Approved,,2025-03-11 13:33:20.467623+00:00
-79.0955555555555,36.0711111111111,2bf55dc212734c469cd90fe8d976fadf,USGS-02085000,00060,00003,2019-01-13,567,ft^3/s,Approved,,2025-03-11 13:33:20.467623+00:00
-79.0955555555555,36.0711111111111,2bf55dc212734c469cd90fe8d976fadf,USGS-02085000,00060,00003,2019-01-12,78.3,ft^3/s,Approved,,2025-03-11 13:33:20.467623+00:00
-79.0955555555555,36.0711111111111,2bf55dc212734c469cd90fe8d976fadf,USGS-02085000,00060,00003,2019-01-11,127,ft^3/s,Approved,,2025-03-11 13:33:20.467623+00:00
-79.0955555555555,36.0711111111111,2bf55dc212734c469cd90fe8d976fadf,USGS-02085000,00060,00003,2019-01-10,153,ft^3/s,Approved,,2025-03-11 13:33:20.467623+00:00
-79.0955555555555,36.0711111111111,2bf55dc212734c469cd90fe8d976fadf,USGS-02085000,00060,00003,2019-01-09,121,ft^3/s,Approved,,2025-03-11 13:33:20.467623+00:00
-79.0955555555555,36.0711111111111,2bf55dc212734c469cd90fe8d976fadf,USGS-02085000,00060,00003,2019-01-08,111,ft^3/s,Approved,,2025-03-11 13:33:20.467623+00:00
-79.0955555555555,36.0711111111111,2bf55dc212734c469cd90fe8d976fadf,USGS-02085000,00060,00003,2019-01-07,127,ft^3/s,Approved,,2025-03-11 13:33:20.467623+00:00
-79.0955555555555,36.0711111111111,2bf55dc212734c469cd90fe8d976fadf,USGS-02085000,00060,00003,2019-01-06,169,ft^3/s,Approved,,2025-03-11 13:33:20.467623+00:00
-79.0955555555555,36.0711111111111,2bf55dc212734c469cd90fe8d976fadf,USGS-02085000,00060,00003,2019-01-05,321,ft^3/s,Approved,,2025-03-11 13:33:20.467623+00:00
-79.0955555555555,36.0711111111111,2bf55dc212734c469cd90fe8d976fadf,USGS-02085000,00060,00003,2019-01-04,254,ft^3/s,Approved,,2025-03-11 13:33:20.467623+00:00
-79.0955555555555,36.0711111111111,2bf55dc212734c469cd90fe8d976fadf,USGS-02085000,00060,00003,2019-01-03,225,ft^3/s,Approved,,2025-03-11 13:33:20.467623+00:00
-79.0955555555555,36.0711111111111,2bf55dc212734c469cd90fe8d976fadf,USGS-02085000,00060,00003,2019-01-02,136,ft^3/s,Approved,,2025-03-11 13:33:20.467623+00:00
-79.0955555555555,36.0711111111111,2bf55dc212734c469cd90fe8d976fadf,USGS-02085000,00060,00003,2019-01-01,186,ft^3/s,Approved,,2025-03-11 13:33:20.467623+00:00
-79.0955555555555,36.0711111111111,2bf55dc212734c469cd90fe8d976fadf,USGS-02085000,00060,00003,2018-12-31,188,ft^3/s,Approved,,2025-03-11 13:33:20.467623+00:00
-79.0955555555555,36.0711111111111,2bf55dc212734c469cd90fe8d976fadf,USGS-02085000,00060,00003,2018-12-30,289,ft^3/s,Approved,,2025-03-11 13:33:20.467623+00:00
-79.0955555555555,36.0711111111111,2bf55dc212734c469cd90fe8d976fadf,USGS-02085000,00060,00003,2018-12-29,698,ft^3/s,Approved,,2025-03-11 13:33:20.467623+00:00
-79.0955555555555,36.0711111111111,2bf55dc212734c469cd90fe8d976fadf,USGS-02085000,00060,00003,2018-12-28,654,ft^3/s,Approved,,2025-03-11 13:33:20.467623+00:00
-79.0955555555555,36.0711111111111,2bf55dc212734c469cd90fe8d976fadf,USGS-02085000,00060,00003,2018-12-27,135,ft^3/s,Approved,,2025-03-11 13:33:20.467623+00:00
-79.0955555555555,36.0711111111111,2bf55dc212734c469cd90fe8d976fadf,USGS-02085000,00060,00003,2018-12-26,93.8,ft^3/s,Approved,,2025-03-11 13:33:20.467623+00:00
-79.0955555555555,36.0711111111111,2bf55dc212734c469cd90fe8d976fadf,USGS-02085000,00060,00003,2018-12-25,105,ft^3/s,Approved,,2025-03-11 13:33:20.467623+00:00
-79.0955555555555,36.0711111111111,2bf55dc212734c469cd90fe8d976fadf,USGS-02085000,00060,00003,2018-12-24,123,ft^3/s,Approved,,2025-03-11 13:33:20.467623+00:00
-79.0955555555555,36.0711111111111,2bf55dc212734c469cd90fe8d976fadf,USGS-02085000,00060,00003,2018-12-23,153,ft^3/s,Approved,,2025-03-11 13:33:20.467623+00:00
-79.0955555555555,36.0711111111111,2bf55dc212734c469cd90fe8d976fadf,USGS-02085000,00060,00003,2018-12-22,267,ft^3/s,Approved,,2025-03-11 13:33:20.467623+00:00
-79.0955555555555,36.0711111111111,2bf55dc212734c469cd90fe8d976fadf,USGS-02085000,00060,00003,2018-12-21,705,ft^3/s,Approved,,2025-03-11 13:33:20.467623+00:00
-79.0955555555555,36.0711111111111,2bf55dc212734c469cd90fe8d976fadf,USGS-02085000,00060,00003,2018-12-20,199,ft^3/s,Approved,,2025-03-11 13:33:20.467623+00:00
-79.0955555555555,36.0711111111111,2bf55dc212734c469cd90fe8d976fadf,USGS-02085000,00060,00003,2018-12-19,114,ft^3/s,Approved,,2025-03-11 13:33:20.467623+00:00
-79.0955555555555,36.0711111111111,2bf55dc212734c469cd90fe8d976fadf,USGS-02085000,00060,00003,2018-12-18,152,ft^3/s,Approved,,2025-03-11 13:33:20.467623+00:00
-79.0955555555555,36.0711111111111,2bf55dc212734c469cd90fe8d976fadf,USGS-02085000,00060,00003,2018-12-17,341,ft^3/s,Approved,,2025-03-11 13:33:20.467623+00:00
-79.0955555555555,36.0711111111111,2bf55dc212734c469cd90fe8d976fadf,USGS-02085000,00060,00003,2018-12-16,677,ft^3/s,Approved,,2025-03-11 13:33:20.467623+00:00
-79.0955555555555,36.0711111111111,2bf55dc212734c469cd90fe8d976fadf,USGS-02085000,00060,00003,2018-12-15,1210,ft^3/s,Approved,,2025-03-11 13:33:20.467623+00:00
-79.0955555555555,36.0711111111111,2bf55dc212734c469cd90fe8d976fadf,USGS-02085000,00060,00003,2018-12-14,538,ft^3/s,Approved,,2025-03-11 13:33:20.467623+00:00
-79.0955555555555,36.0711111111111,2bf55dc212734c469cd90fe8d976fadf,USGS-02085000,00060,00003,2018-12-13,160,ft^3/s,Approved,,2025-03-11 13:33:20.467623+00:00
-79.0955555555555,36.0711111111111,2bf55dc212734c469cd90fe8d976fadf,USGS-02085000,00060,00003,2018-12-12,167,ft^3/s,Approved,,2025-03-11 13:33:20.467623+00:00
-79.0955555555555,36.0711111111111,2bf55dc212734c469cd90fe8d976fadf,USGS-02085000,00060,00003,2018-12-11,200,ft^3/s,Approved,,2025-03-11 13:33:20.467623+00:00
-79.0955555555555,36.0711111111111,2bf55dc212734c469cd90fe8d976fadf,USGS-02085000,00060,00003,2018-12-10,243,ft^3/s,Approved,,2025-03-11 13:33:20.467623+00:00
-79.0955555555555,36.0711111111111,2bf55dc212734c469cd90fe8d976fadf,USGS-02085000,00060,00003,2018-12-09,87.8,ft^3/s,Approved,,2025-03-11 13:33:20.467623+00:00
-79.0955555555555,36.0711111111111,2bf55dc212734c469cd90fe8d976fadf,USGS-02085000,00060,00003,2018-12-08,59.1,ft^3/s,Approved,,2025-03-11 13:33:20.467623+00:00
-79.0955555555555,36.0711111111111,2bf55dc212734c469cd90fe8d976fadf,USGS-02085000,00060,00003,2018-12-07,60.9,ft^3/s,Approved,,2025-03-11 13:33:20.467623+00:00
-79.0955555555555,36.0711111111111,2bf55dc212734c469cd90fe8d976fadf,USGS-02085000,00060,00003,2018-12-06,63.9,ft^3/s,Approved,,2025-03-11 13:33:20.467623+00:00
-79.0955555555555,36.0711111111111,2bf55dc212734c469cd90fe8d976fadf,USGS-02085000,00060,00003,2018-12-05,71.3,ft^3/s,Approved,,2025-03-11 13:33:20.467623+00:00
-79.0955555555555,36.0711111111111,2bf55dc212734c469cd90fe8d976fadf,USGS-02085000,00060,00003,2018-12-04,82.0,ft^3/s,Approved,,2025-03-11 13:33:20.467623+00:00
-79.0955555555555,36.0711111111111,2bf55dc212734c469cd90fe8d976fadf,USGS-02085000,00060,00003,2018-12-03,95.7,ft^3/s,Approved,,2025-03-11 13:33:20.467623+00:00
-79.0955555555555,36.0711111111111,2bf55dc212734c469cd90fe8d976fadf,USGS-02085000,00060,00003,2018-12-02,107,ft^3/s,Approved,,2025-03-11 13:33:20.467623+00:00
-79.0955555555555,36.0711111111111,2bf55dc212734c469cd90fe8d976fadf,USGS-02085000,00060,00003,2018-12-01,80.4,ft^3/s,Approved,,2025-03-11 13:33:20.467623+00:00
-79.0955555555555,36.0711111111111,2bf55dc212734c469cd90fe8d976fadf,USGS-02085000,00060,00003,2018-11-30,79.1,ft^3/s,Approved,,2025-03-11 13:33:20.467623+00:00
-79.0955555555555,36.0711111111111,2bf55dc212734c469cd90fe8d976fadf,USGS-02085000,00060,00003,2018-11-29,70.1,ft^3/s,Approved,,2025-03-11 13:33:20.467623+00:00
-79.0955555555555,36.0711111111111,2bf55dc212734c469cd90fe8d976fadf,USGS-02085000,00060,00003,2018-11-28,83.0,ft^3/s,Approved,,2025-03-11 13:33:20.467623+00:00
-79.0955555555555,36.0711111111111,2bf55dc212734c469cd90fe8d976fadf,USGS-02085000,00060,00003,2018-11-27,102,ft^3/s,Approved,,2025-03-11 13:33:20.467623+00:00
-79.0955555555555,36.0711111111111,2bf55dc212734c469cd90fe8d976fadf,USGS-02085000,00060,00003,2018-11-26,131,ft^3/s,Approved,,2025-03-11 13:33:20.467623+00:00
-79.0955555555555,36.0711111111111,2bf55dc212734c469cd90fe8d976fadf,USGS-02085000,00060,00003,2018-11-25,244,ft^3/s,Approved,,2025-03-11 13:33:20.467623+00:00
-79.0955555555555,36.0711111111111,2bf55dc212734c469cd90fe8d976fadf,USGS-02085000,00060,00003,2018-11-24,230,ft^3/s,Approved,,2025-03-11 13:33:20.467623+00:00
-79.0955555555555,36.0711111111111,2bf55dc212734c469cd90fe8d976fadf,USGS-02085000,00060,00003,2018-11-23,59.9,ft^3/s,Approved,,2025-03-11 13:33:20.467623+00:00
-79.0955555555555,36.0711111111111,2bf55dc212734c469cd90fe8d976fadf,USGS-02085000,00060,00003,2018-11-22,62.0,ft^3/s,Approved,,2025-03-11 13:33:20.467623+00:00
-79.0955555555555,36.0711111111111,2bf55dc212734c469cd90fe8d976fadf,USGS-02085000,00060,00003,2018-11-21,68.3,ft^3/s,Approved,,2025-03-11 13:33:20.467623+00:00
-79.0955555555555,36.0711111111111,2bf55dc212734c469cd90fe8d976fadf,USGS-02085000,00060,00003,2018-11-20,82.0,ft^3/s,Approved,,2025-03-11 13:33:20.467623+00:00
-79.0955555555555,36.0711111111111,2bf55dc212734c469cd90fe8d976fadf,USGS-02085000,00060,00003,2018-11-19,95.9,ft^3/s,Approved,,2025-03-11 13:33:20.467623+00:00
-79.0955555555555,36.0711111111111,2bf55dc212734c469cd90fe8d976fadf,USGS-02085000,00060,00003,2018-11-18,122,ft^3/s,Approved,,2025-03-11 13:33:20.467623+00:00
-79.0955555555555,36.0711111111111,2bf55dc212734c469cd90fe8d976fadf,USGS-02085000,00060,00003,2018-11-17,191,ft^3/s,Approved,,2025-03-11 13:33:20.467623+00:00
-79.0955555555555,36.0711111111111,2bf55dc212734c469cd90fe8d976fadf,USGS-02085000,00060,00003,2018-11-16,685,ft^3/s,Approved,,2025-03-11 13:33:20.467623+00:00
-79.0955555555555,36.0711111111111,2bf55dc212734c469cd90fe8d976fadf,USGS-02085000,00060,00003,2018-11-15,1130,ft^3/s,Approved,,2025-03-11 13:33:20.467623+00:00
-79.0955555555555,36.0711111111111,2bf55dc212734c469cd90fe8d976fadf,USGS-02085000,00060,00003,2018-11-14,855,ft^3/s,Approved,,2025-03-11 13:33:20.467623+00:00
-79.0955555555555,36.0711111111111,2bf55dc212734c469cd90fe8d976fadf,USGS-02085000,00060,00003,2018-11-13,2160,ft^3/s,Approved,,2025-03-11 13:33:20.467623+00:00
-79.0955555555555,36.0711111111111,2bf55dc212734c469cd90fe8d976fadf,USGS-02085000,00060,00003,2018-11-12,430,ft^3/s,Approved,,2025-03-11 13:33:20.467623+00:00
-79.0955555555555,36.0711111111111,2bf55dc212734c469cd90fe8d976fadf,USGS-02085000,00060,00003,2018-11-11,125,ft^3/s,Approved,,2025-03-11 13:33:20.467623+00:00
-79.0955555555555,36.0711111111111,2bf55dc212734c469cd90fe8d976fadf,USGS-02085000,00060,00003,2018-11-10,181,ft^3/s,Approved,,2025-03-11 13:33:20.467623+00:00
-79.0955555555555,36.0711111111111,2bf55dc212734c469cd90fe8d976fadf,USGS-02085000,00060,00003,2018-11-09,131,ft^3/s,Approved,,2025-03-11 13:33:20.467623+00:00
-79.0955555555555,36.0711111111111,2bf55dc212734c469cd90fe8d976fadf,USGS-02085000,00060,00003,2018-11-08,129,ft^3/s,Approved,,2025-03-11 13:33:20.467623+00:00
-79.0955555555555,36.0711111111111,2bf55dc212734c469cd90fe8d976fadf,USGS-02085000,00060,00003,2018-11-07,172,ft^3/s,Approved,,2025-03-11 13:33:20.467623+00:00
-79.0955555555555,36.0711111111111,2bf55dc212734c469cd90fe8d976fadf,USGS-02085000,00060,00003,2018-11-06,317,ft^3/s,Approved,,2025-03-11 13:33:20.467623+00:00
-79.0955555555555,36.0711111111111,2bf55dc212734c469cd90fe8d976fadf,USGS-02085000,00060,00003,2018-11-05,651,ft^3/s,Approved,,2025-03-11 13:33:20.467623+00:00
-79.0955555555555,36.0711111111111,2bf55dc212734c469cd90fe8d976fadf,USGS-02085000,00060,00003,2018-11-04,30.2,ft^3/s,Approved,,2025-03-11 13:33:20.467623+00:00
-79.0955555555555,36.0711111111111,2bf55dc212734c469cd90fe8d976fadf,USGS-02085000,00060,00003,2018-11-03,32.9,ft^3/s,Approved,,2025-03-11 13:33:20.467623+00:00
-79.0955555555555,36.0711111111111,2bf55dc212734c469cd90fe8d976fadf,USGS-02085000,00060,00003,2018-11-02,33.6,ft^3/s,Approved,,2025-03-11 13:33:20.467623+00:00
-79.0955555555555,36.0711111111111,2bf55dc212734c469cd90fe8d976fadf,USGS-02085000,00060,00003,2018-11-01,32.1,ft^3/s,Approved,,2025-03-11 13:33:20.467623+00:00
-79.0955555555555,36.0711111111111,2bf55dc212734c469cd90fe8d976fadf,USGS-02085000,00060,00003,2018-10-31,40.1,ft^3/s,Approved,,2025-03-11 13:33:20.467623+00:00
-79.0955555555555,36.0711111111111,2bf55dc212734c469cd90fe8d976fadf,USGS-02085000,00060,00003,2018-10-30,50.5,ft^3/s,Approved,,2025-03-11 13:33:20.467623+00:00
-79.0955555555555,36.0711111111111,2bf55dc212734c469cd90fe8d976fadf,USGS-02085000,00060,00003,2018-10-29,70.9,ft^3/s,Approved,,2025-03-11 13:33:20.467623+00:00
-79.0955555555555,36.0711111111111,2bf55dc212734c469cd90fe8d976fadf,USGS-02085000,00060,00003,2018-10-28,135,ft^3/s,Approved,,2025-03-11 13:33:20.467623+00:00
-79.0955555555555,36.0711111111111,2bf55dc212734c469cd90fe8d976fadf,USGS-02085000,00060,00003,2018-10-27,518,ft^3/s,Approved,,2025-03-11 13:33:20.467623+00:00
-79.0955555555555,36.0711111111111,2bf55dc212734c469cd90fe8d976fadf,USGS-02085000,00060,00003,2018-10-26,246,ft^3/s,Approved,,2025-03-11 13:33:20.467623+00:00
-79.0955555555555,36.0711111111111,2bf55dc212734c469cd90fe8d976fadf,USGS-02085000,00060,00003,2018-10-25,12.3,ft^3/s,Approved,,2025-03-11 13:33:20.467623+00:00
-79.0955555555555,36.0711111111111,2bf55dc212734c469cd90fe8d976fadf,USGS-02085000,00060,00003,2018-10-24,12.6,ft^3/s,Approved,,2025-03-11 13:33:20.467623+00:00
-79.0955555555555,36.0711111111111,2bf55dc212734c469cd90fe8d976fadf,USGS-02085000,00060,00003,2018-10-23,12.8,ft^3/s,Approved,,2025-03-11 13:33:20.467623+00:00
-79.0955555555555,36.0711111111111,2bf55dc212734c469cd90fe8d976fadf,USGS-02085000,00060,00003,2018-10-22,12.4,ft^3/s,Approved,,2025-03-11 13:33:20.467623+00:00
-79.0955555555555,36.0711111111111,2bf55dc212734c469cd90fe8d976fadf,USGS-02085000,00060,00003,2018-10-21,15.3,ft^3/s,Approved,,2025-03-11 13:33:20.467623+00:00
-79.0955555555555,36.0711111111111,2bf55dc212734c469cd90fe8d976fadf,USGS-02085000,00060,00003,2018-10-20,16.3,ft^3/s,Approved,,2025-03-11 13:33:20.467623+00:00
-79.0955555555555,36.0711111111111,2bf55dc212734c469cd90fe8d976fadf,USGS-02085000,00060,00003,2018-10-19,15.5,ft^3/s,Approved,,2025-03-11 13:33:20.467623+00:00
-79.0955555555555,36.0711111111111,2bf55dc212734c469cd90fe8d976fadf,USGS-02085000,00060,00003,2018-10-18,19.8,ft^3/s,Approved,,2025-03-11 13:33:20.467623+00:00
-79.0955555555555,36.0711111111111,2bf55dc212734c469cd90fe8d976fadf,USGS-02085000,00060,00003,2018-10-17,26.7,ft^3/s,Approved,,2025-03-11 13:33:20.467623+00:00
-79.0955555555555,36.0711111111111,2bf55dc212734c469cd90fe8d976fadf,USGS-02085000,00060,00003,2018-10-16,29.1,ft^3/s,Approved,,2025-03-11 13:33:20.467623+00:00
-79.0955555555555,36.0711111111111,2bf55dc212734c469cd90fe8d976fadf,USGS-02085000,00060,00003,2018-10-15,32.2,ft^3/s,Approved,,2025-03-11 13:33:20.467623+00:00
-79.0955555555555,36.0711111111111,2bf55dc212734c469cd90fe8d976fadf,USGS-02085000,00060,00003,2018-10-14,44.8,ft^3/s,Approved,,2025-03-11 13:33:20.467623+00:00
-79.0955555555555,36.0711111111111,2bf55dc212734c469cd90fe8d976fadf,USGS-02085000,00060,00003,2018-10-13,88.5,ft^3/s,Approved,,2025-03-11 13:33:20.467623+00:00
-79.0955555555555,36.0711111111111,2bf55dc212734c469cd90fe8d976fadf,USGS-02085000,00060,00003,2018-10-12,379,ft^3/s,Approved,,2025-03-11 13:33:20.467623+00:00
-79.0955555555555,36.0711111111111,2bf55dc212734c469cd90fe8d976fadf,USGS-02085000,00060,00003,2018-10-11,558,ft^3/s,Approved,,2025-03-11 13:33:20.467623+00:00
-79.0955555555555,36.0711111111111,2bf55dc212734c469cd90fe8d976fadf,USGS-02085000,00060,00003,2018-10-10,15.8,ft^3/s,Approved,,2025-03-11 13:33:20.467623+00:00
-79.0955555555555,36.0711111111111,2bf55dc212734c469cd90fe8d976fadf,USGS-02085000,00060,00003,2018-10-09,7.86,ft^3/s,Approved,,2025-03-11 13:33:20.467623+00:00
-79.0955555555555,36.0711111111111,2bf55dc212734c469cd90fe8d976fadf,USGS-02085000,00060,00003,2018-10-08,8.48,ft^3/s,Approved,,2025-03-11 13:33:20.467623+00:00
-79.0955555555555,36.0711111111111,2bf55dc212734c469cd90fe8d976fadf,USGS-02085000,00060,00003,2018-10-07,8.98,ft^3/s,Approved,,2025-03-11 13:33:20.467623+00:00
-79.0955555555555,36.0711111111111,2bf55dc212734c469cd90fe8d976fadf,USGS-02085000,00060,00003,2018-10-06,8.56,ft^3/s,Approved,,2025-03-11 13:33:20.467623+00:00
-79.0955555555555,36.0711111111111,2bf55dc212734c469cd90fe8d976fadf,USGS-02085000,00060,00003,2018-10-05,9.09,ft^3/s,Approved,,2025-03-11 13:33:20.467623+00:00
-79.0955555555555,36.0711111111111,2bf55dc212734c469cd90fe8d976fadf,USGS-02085000,00060,00003,2018-10-04,10.0,ft^3/s,Approved,,2025-03-11 13:33:20.467623+00:00
-79.0955555555555,36.0711111111111,2bf55dc212734c469cd90fe8d976fadf,USGS-02085000,00060,00003,2018-10-03,11.1,ft^3/s,Approved,,2025-03-11 13:33:20.467623+00:00
-79.0955555555555,36.0711111111111,2bf55dc212734c469cd90fe8d976fadf,USGS-02085000,00060,00003,2018-10-02,11.7,ft^3/s,Approved,,2025-03-11 13:33:20.467623+00:00
-79.0955555555555,36.0711111111111,2bf55dc212734c469cd90fe8d976fadf,USGS-02085000,00060,00003,2018-10-01,13.4,ft^3/s,Approved,,2025-03-11 13:33:20.467623+00:00
-79.0955555555555,36.0711111111111,2bf55dc212734c469cd90fe8d976fadf,USGS-02085000,00060,00003,2018-09-30,14.3,ft^3/s,Approved,,2025-03-11 13:33:20.467623+00:00
-79.0955555555555,36.0711111111111,2bf55dc212734c469cd90fe8d976fadf,USGS-02085000,00060,00003,2018-09-29,17.9,ft^3/s,Approved,,2025-03-11 13:33:20.467623+00:00
-79.0955555555555,36.0711111111111,2bf55dc212734c469cd90fe8d976fadf,USGS-02085000,00060,00003,2018-09-28,28.0,ft^3/s,Approved,,2025-03-11 13:33:20.467623+00:00
-79.0955555555555,36.0711111111111,2bf55dc212734c469cd90fe8d976fadf,USGS-02085000,00060,00003,2018-09-27,16.9,ft^3/s,Approved,,2025-03-11 13:33:20.467623+00:00
-79.0955555555555,36.0711111111111,2bf55dc212734c469cd90fe8d976fadf,USGS-02085000,00060,00003,2018-09-26,14.8,ft^3/s,Approved,,2025-03-11 13:33:20.467623+00:00
-79.0955555555555,36.0711111111111,2bf55dc212734c469cd90fe8d976fadf,USGS-02085000,00060,00003,2018-09-25,16.3,ft^3/s,Approved,,2025-03-11 13:33:20.467623+00:00
-79.0955555555555,36.0711111111111,2bf55dc212734c469cd90fe8d976fadf,USGS-02085000,00060,00003,2018-09-24,17.1,ft^3/s,Approved,,2025-03-11 13:33:20.467623+00:00
-79.0955555555555,36.0711111111111,2bf55dc212734c469cd90fe8d976fadf,USGS-02085000,00060,00003,2018-09-23,21.0,ft^3/s,Approved,,2025-03-11 13:33:20.467623+00:00
-79.0955555555555,36.0711111111111,2bf55dc212734c469cd90fe8d976fadf,USGS-02085000,00060,00003,2018-09-22,27.0,ft^3/s,Approved,,2025-03-11 13:33:20.467623+00:00
-79.0955555555555,36.0711111111111,2bf55dc212734c469cd90fe8d976fadf,USGS-02085000,00060,00003,2018-09-21,36.4,ft^3/s,Approved,,2025-03-11 13:33:20.467623+00:00
-79.0955555555555,36.0711111111111,2bf55dc212734c469cd90fe8d976fadf,USGS-02085000,00060,00003,2018-09-20,60.4,ft^3/s,Approved,,2025-03-11 13:33:20.467623+00:00
-79.0955555555555,36.0711111111111,2bf55dc212734c469cd90fe8d976fadf,USGS-02085000,00060,00003,2018-09-19,134,ft^3/s,Approved,,2025-03-11 13:33:20.467623+00:00
-79.0955555555555,36.0711111111111,2bf55dc212734c469cd90fe8d976fadf,USGS-02085000,00060,00003,2018-09-18,520,ft^3/s,Approved,,2025-03-11 13:33:20.467623+00:00
-79.0955555555555,36.0711111111111,2bf55dc212734c469cd90fe8d976fadf,USGS-02085000,00060,00003,2018-09-17,1610,ft^3/s,Approved,,2025-03-11 13:33:20.467623+00:00
-79.0955555555555,36.0711111111111,2bf55dc212734c469cd90fe8d976fadf,USGS-02085000,00060,00003,2018-09-16,108,ft^3/s,Approved,,2025-03-11 13:33:20.467623+00:00
-79.0955555555555,36.0711111111111,2bf55dc212734c469cd90fe8d976fadf,USGS-02085000,00060,00003,2018-09-15,28.6,ft^3/s,Approved,,2025-03-11 13:33:20.467623+00:00
-79.0955555555555,36.0711111111111,2bf55dc212734c469cd90fe8d976fadf,USGS-02085000,00060,00003,2018-09-14,14.2,ft^3/s,Approved,,2025-03-11 13:33:20.467623+00:00
-79.0955555555555,36.0711111111111,2bf55dc212734c469cd90fe8d976fadf,USGS-02085000,00060,00003,2018-09-13,164,ft^3/s,Approved,,2025-03-11 13:33:20.467623+00:00
-79.0955555555555,36.0711111111111,2bf55dc212734c469cd90fe8d976fadf,USGS-02085000,00060,00003,2018-09-12,200,ft^3/s,Approved,,2025-03-11 13:33:20.467623+00:00
-79.0955555555555,36.0711111111111,2bf55dc212734c469cd90fe8d976fadf,USGS-02085000,00060,00003,2018-09-11,38.1,ft^3/s,Approved,,2025-03-11 13:33:20.467623+00:00
-79.0955555555555,36.0711111111111,2bf55dc212734c469cd90fe8d976fadf,USGS-02085000,00060,00003,2018-09-10,5.39,ft^3/s,Approved,,2025-03-11 13:33:20.467623+00:00
-79.0955555555555,36.0711111111111,2bf55dc212734c469cd90fe8d976fadf,USGS-02085000,00060,00003,2018-09-09,15.2,ft^3/s,Approved,,2025-03-11 13:33:20.467623+00:00
-79.0955555555555,36.0711111111111,2bf55dc212734c469cd90fe8d976fadf,USGS-02085000,00060,00003,2018-09-08,3.97,ft^3/s,Approved,,2025-03-11 13:33:20.467623+00:00
-79.0955555555555,36.0711111111111,2bf55dc212734c469cd90fe8d976fadf,USGS-02085000,00060,00003,2018-09-07,3.35,ft^3/s,Approved,,2025-03-11 13:33:20.467623+00:00
-79.0955555555555,36.0711111111111,2bf55dc212734c469cd90fe8d976fadf,USGS-02085000,00060,00003,2018-09-06,3.22,ft^3/s,Approved,,2025-03-11 13:33:20.467623+00:00
-79.0955555555555,36.0711111111111,2bf55dc212734c469cd90fe8d976fadf,USGS-02085000,00060,00003,2018-09-05,4.60,ft^3/s,Approved,,2025-03-11 13:33:20.467623+00:00
-79.0955555555555,36.0711111111111,2bf55dc212734c469cd90fe8d976fadf,USGS-02085000,00060,00003,2018-09-04,10.3,ft^3/s,Approved,,2025-03-11 13:33:20.467623+00:00
-79.0955555555555,36.0711111111111,2bf55dc212734c469cd90fe8d976fadf,USGS-02085000,00060,00003,2018-09-03,13.7,ft^3/s,Approved,,2025-03-11 13:33:20.467623+00:00
-79.0955555555555,36.0711111111111,2bf55dc212734c469cd90fe8d976fadf,USGS-02085000,00060,00003,2018-09-02,11.8,ft^3/s,Approved,,2025-03-11 13:33:20.467623+00:00
-79.0955555555555,36.0711111111111,2bf55dc212734c469cd90fe8d976fadf,USGS-02085000,00060,00003,2018-09-01,5.15,ft^3/s,Approved,,2025-03-11 13:33:20.467623+00:00
-79.0955555555555,36.0711111111111,2bf55dc212734c469cd90fe8d976fadf,USGS-02085000,00060,00003,2018-08-31,6.42,ft^3/s,Approved,,2025-03-11 13:33:20.467623+00:00
-79.0955555555555,36.0711111111111,2bf55dc212734c469cd90fe8d976fadf,USGS-02085000,00060,00003,2018-08-30,4.73,ft^3/s,Approved,,2025-03-11 13:33:20.467623+00:00
-79.0955555555555,36.0711111111111,2bf55dc212734c469cd90fe8d976fadf,USGS-02085000,00060,00003,2018-08-29,3.33,ft^3/s,Approved,,2025-03-11 13:33:20.467623+00:00
-79.0955555555555,36.0711111111111,2bf55dc212734c469cd90fe8d976fadf,USGS-02085000,00060,00003,2018-08-28,4.08,ft^3/s,Approved,,2025-03-11 13:33:20.467623+00:00
-79.0955555555555,36.0711111111111,2bf55dc212734c469cd90fe8d976fadf,USGS-02085000,00060,00003,2018-08-27,5.03,ft^3/s,Approved,,2025-03-11 13:33:20.467623+00:00
-79.0955555555555,36.0711111111111,2bf55dc212734c469cd90fe8d976fadf,USGS-02085000,00060,00003,2018-08-26,5.48,ft^3/s,Approved,,2025-03-11 13:33:20.467623+00:00
-79.0955555555555,36.0711111111111,2bf55dc212734c469cd90fe8d976fadf,USGS-02085000,00060,00003,2018-08-25,6.00,ft^3/s,Approved,,2025-03-11 13:33:20.467623+00:00
-79.0955555555555,36.0711111111111,2bf55dc212734c469cd90fe8d976fadf,USGS-02085000,00060,00003,2018-08-24,6.66,ft^3/s,Approved,,2025-03-11 13:33:20.467623+00:00
-79.0955555555555,36.0711111111111,2bf55dc212734c469cd90fe8d976fadf,USGS-02085000,00060,00003,2018-08-23,10.0,ft^3/s,Approved,,2025-03-11 13:33:20.467623+00:00
-79.0955555555555,36.0711111111111,2bf55dc212734c469cd90fe8d976fadf,USGS-02085000,00060,00003,2018-08-22,16.1,ft^3/s,Approved,,2025-03-11 13:33:20.467623+00:00
-79.0955555555555,36.0711111111111,2bf55dc212734c469cd90fe8d976fadf,USGS-02085000,00060,00003,2018-08-21,25.1,ft^3/s,Approved,,2025-03-11 13:33:20.467623+00:00
-79.0955555555555,36.0711111111111,2bf55dc212734c469cd90fe8d976fadf,USGS-02085000,00060,00003,2018-08-20,90.7,ft^3/s,Approved,,2025-03-11 13:33:20.467623+00:00
-79.0955555555555,36.0711111111111,2bf55dc212734c469cd90fe8d976fadf,USGS-02085000,00060,00003,2018-08-19,9.69,ft^3/s,Approved,,2025-03-11 13:33:20.467623+00:00
-79.0955555555555,36.0711111111111,2bf55dc212734c469cd90fe8d976fadf,USGS-02085000,00060,00003,2018-08-18,6.09,ft^3/s,Approved,,2025-03-11 13:33:20.467623+00:00
-79.0955555555555,36.0711111111111,2bf55dc212734c469cd90fe8d976fadf,USGS-02085000,00060,00003,2018-08-17,5.25,ft^3/s,Approved,,2025-03-11 13:33:20.467623+00:00
-79.0955555555555,36.0711111111111,2bf55dc212734c469cd90fe8d976fadf,USGS-02085000,00060,00003,2018-08-16,6.24,ft^3/s,Approved,,2025-03-11 13:33:20.467623+00:00
-79.0955555555555,36.0711111111111,2bf55dc212734c469cd90fe8d976fadf,USGS-02085000,00060,00003,2018-08-15,7.37,ft^3/s,Approved,,2025-03-11 13:33:20.467623+00:00
-79.0955555555555,36.0711111111111,2bf55dc212734c469cd90fe8d976fadf,USGS-02085000,00060,00003,2018-08-14,10.2,ft^3/s,Approved,,2025-03-11 13:33:20.467623+00:00
-79.0955555555555,36.0711111111111,2bf55dc212734c469cd90fe8d976fadf,USGS-02085000,00060,00003,2018-08-13,12.9,ft^3/s,Approved,,2025-03-11 13:33:20.467623+00:00
-79.0955555555555,36.0711111111111,2bf55dc212734c469cd90fe8d976fadf,USGS-02085000,00060,00003,2018-08-12,10.9,ft^3/s,Approved,,2025-03-11 13:33:20.467623+00:00
-79.0955555555555,36.0711111111111,2bf55dc212734c469cd90fe8d976fadf,USGS-02085000,00060,00003,2018-08-11,12.7,ft^3/s,Approved,,2025-03-11 13:33:20.467623+00:00
-79.0955555555555,36.0711111111111,2bf55dc212734c469cd90fe8d976fadf,USGS-02085000,00060,00003,2018-08-10,16.8,ft^3/s,Approved,,2025-03-11 13:33:20.467623+00:00
-79.0955555555555,36.0711111111111,2bf55dc212734c469cd90fe8d976fadf,USGS-02085000,00060,00003,2018-08-09,78.8,ft^3/s,Approved,,2025-03-11 13:33:20.467623+00:00
-79.0955555555555,36.0711111111111,2bf55dc212734c469cd90fe8d976fadf,USGS-02085000,00060,00003,2018-08-08,102,ft^3/s,Approved,,2025-03-11 13:33:20.467623+00:00
-79.0955555555555,36.0711111111111,2bf55dc212734c469cd90fe8d976fadf,USGS-02085000,00060,00003,2018-08-07,30.3,ft^3/s,Approved,,2025-03-11 13:33:20.467623+00:00
-79.0955555555555,36.0711111111111,2bf55dc212734c469cd90fe8d976fadf,USGS-02085000,00060,00003,2018-08-06,16.1,ft^3/s,Approved,,2025-03-11 13:33:20.467623+00:00
-79.0955555555555,36.0711111111111,2bf55dc212734c469cd90fe8d976fadf,USGS-02085000,00060,00003,2018-08-05,22.6,ft^3/s,Approved,,2025-03-11 13:33:20.467623+00:00
-79.0955555555555,36.0711111111111,2bf55dc212734c469cd90fe8d976fadf,USGS-02085000,00060,00003,2018-08-04,46.3,ft^3/s,Approved,,2025-03-11 13:33:20.467623+00:00
-79.0955555555555,36.0711111111111,2bf55dc212734c469cd90fe8d976fadf,USGS-02085000,00060,00003,2018-08-03,50.5,ft^3/s,Approved,,2025-03-11 13:33:20.467623+00:00
-79.0955555555555,36.0711111111111,2bf55dc212734c469cd90fe8d976fadf,USGS-02085000,00060,00003,2018-08-02,23.6,ft^3/s,Approved,,2025-03-11 13:33:20.467623+00:00
-79.0955555555555,36.0711111111111,2bf55dc212734c469cd90fe8d976fadf,USGS-02085000,00060,00003,2018-08-01,19.1,ft^3/s,Approved,,2025-03-11 13:33:20.467623+00:00
-79.0955555555555,36.0711111111111,2bf55dc212734c469cd90fe8d976fadf,USGS-02085000,00060,00003,2018-07-31,12.3,ft^3/s,Approved,,2025-03-11 13:33:20.467623+00:00
-79.0955555555555,36.0711111111111,2bf55dc212734c469cd90fe8d976fadf,USGS-02085000,00060,00003,2018-07-30,12.1,ft^3/s,Approved,,2025-03-11 13:33:20.467623+00:00
-79.0955555555555,36.0711111111111,2bf55dc212734c469cd90fe8d976fadf,USGS-02085000,00060,00003,2018-07-29,12.0,ft^3/s,Approved,,2025-03-11 13:33:20.467623+00:00
-79.0955555555555,36.0711111111111,2bf55dc212734c469cd90fe8d976fadf,USGS-02085000,00060,00003,2018-07-28,12.2,ft^3/s,Approved,,2025-03-11 13:33:20.467623+00:00
-79.0955555555555,36.0711111111111,2bf55dc212734c469cd90fe8d976fadf,USGS-02085000,00060,00003,2018-07-27,14.8,ft^3/s,Approved,,2025-03-11 13:33:20.467623+00:00
-79.0955555555555,36.0711111111111,2bf55dc212734c469cd90fe8d976fadf,USGS-02085000,00060,00003,2018-07-26,41.9,ft^3/s,Approved,,2025-03-11 13:33:20.467623+00:00
-79.0955555555555,36.0711111111111,2bf55dc212734c469cd90fe8d976fadf,USGS-02085000,00060,00003,2018-07-25,69.1,ft^3/s,Approved,,2025-03-11 13:33:20.467623+00:00
-79.0955555555555,36.0711111111111,2bf55dc212734c469cd90fe8d976fadf,USGS-02085000,00060,00003,2018-07-24,28.7,ft^3/s,Approved,,2025-03-11 13:33:20.467623+00:00
-79.0955555555555,36.0711111111111,2bf55dc212734c469cd90fe8d976fadf,USGS-02085000,00060,00003,2018-07-23,70.1,ft^3/s,Approved,,2025-03-11 13:33:20.467623+00:00
-79.0955555555555,36.0711111111111,2bf55dc212734c469cd90fe8d976fadf,USGS-02085000,00060,00003,2018-07-22,96.2,ft^3/s,Approved,,2025-03-11 13:33:20.467623+00:00
-79.0955555555555,36.0711111111111,2bf55dc212734c469cd90fe8d976fadf,USGS-02085000,00060,00003,2018-07-21,1.97,ft^3/s,Approved,,2025-03-11 13:33:20.467623+00:00
-79.0955555555555,36.0711111111111,2bf55dc212734c469cd90fe8d976fadf,USGS-02085000,00060,00003,2018-07-20,2.73,ft^3/s,Approved,,2025-03-11 13:33:20.467623+00:00
-79.0955555555555,36.0711111111111,2bf55dc212734c469cd90fe8d976fadf,USGS-02085000,00060,00003,2018-07-19,3.09,ft^3/s,Approved,,2025-03-11 13:33:20.467623+00:00
-79.0955555555555,36.0711111111111,2bf55dc212734c469cd90fe8d976fadf,USGS-02085000,00060,00003,2018-07-18,2.68,ft^3/s,Approved,,2025-03-11 13:33:20.467623+00:00
-79.0955555555555,36.0711111111111,2bf55dc212734c469cd90fe8d976fadf,USGS-02085000,00060,00003,2018-07-17,2.42,ft^3/s,Approved,,2025-03-11 13:33:20.467623+00:00
-79.0955555555555,36.0711111111111,2bf55dc212734c469cd90fe8d976fadf,USGS-02085000,00060,00003,2018-07-16,2.61,ft^3/s,Approved,,2025-03-11 13:33:20.467623+00:00
-79.0955555555555,36.0711111111111,2bf55dc212734c469cd90fe8d976fadf,USGS-02085000,00060,00003,2018-07-15,2.72,ft^3/s,Approved,,2025-03-11 13:33:20.467623+00:00
-79.0955555555555,36.0711111111111,2bf55dc212734c469cd90fe8d976fadf,USGS-02085000,00060,00003,2018-07-14,3.03,ft^3/s,Approved,,2025-03-11 13:33:20.467623+00:00
-79.0955555555555,36.0711111111111,2bf55dc212734c469cd90fe8d976fadf,USGS-02085000,00060,00003,2018-07-13,3.02,ft^3/s,Approved,,2025-03-11 13:33:20.467623+00:00
-79.0955555555555,36.0711111111111,2bf55dc212734c469cd90fe8d976fadf,USGS-02085000,00060,00003,2018-07-12,3.41,ft^3/s,Approved,,2025-03-11 13:33:20.467623+00:00
-79.0955555555555,36.0711111111111,2bf55dc212734c469cd90fe8d976fadf,USGS-02085000,00060,00003,2018-07-11,3.04,ft^3/s,Approved,,2025-03-11 13:33:20.467623+00:00
-79.0955555555555,36.0711111111111,2bf55dc212734c469cd90fe8d976fadf,USGS-02085000,00060,00003,2018-07-10,3.33,ft^3/s,Approved,,2025-03-11 13:33:20.467623+00:00
-79.0955555555555,36.0711111111111,2bf55dc212734c469cd90fe8d976fadf,USGS-02085000,00060,00003,2018-07-09,4.73,ft^3/s,Approved,,2025-03-11 13:33:20.467623+00:00
-79.0955555555555,36.0711111111111,2bf55dc212734c469cd90fe8d976fadf,USGS-02085000,00060,00003,2018-07-08,8.49,ft^3/s,Approved,,2025-03-11 13:33:20.467623+00:00
-79.0955555555555,36.0711111111111,2bf55dc212734c469cd90fe8d976fadf,USGS-02085000,00060,00003,2018-07-07,17.9,ft^3/s,Approved,,2025-03-11 13:33:20.467623+00:00
-79.0955555555555,36.0711111111111,2bf55dc212734c469cd90fe8d976fadf,USGS-02085000,00060,00003,2018-07-06,4.28,ft^3/s,Approved,,2025-03-11 13:33:20.467623+00:00
-79.0955555555555,36.0711111111111,2bf55dc212734c469cd90fe8d976fadf,USGS-02085000,00060,00003,2018-07-05,3.87,ft^3/s,Approved,,2025-03-11 13:33:20.467623+00:00
-79.0955555555555,36.0711111111111,2bf55dc212734c469cd90fe8d976fadf,USGS-02085000,00060,00003,2018-07-04,4.23,ft^3/s,Approved,,2025-03-11 13:33:20.467623+00:00
-79.0955555555555,36.0711111111111,2bf55dc212734c469cd90fe8d976fadf,USGS-02085000,00060,00003,2018-07-03,4.85,ft^3/s,Approved,,2025-03-11 13:33:20.467623+00:00
-79.0955555555555,36.0711111111111,2bf55dc212734c469cd90fe8d976fadf,USGS-02085000,00060,00003,2018-07-02,6.33,ft^3/s,Approved,,2025-03-11 13:33:20.467623+00:00
-79.0955555555555,36.0711111111111,2bf55dc212734c469cd90fe8d976fadf,USGS-02085000,00060,00003,2018-07-01,8.25,ft^3/s,Approved,,2025-03-11 13:33:20.467623+00:00
-79.0955555555555,36.0711111111111,2bf55dc212734c469cd90fe8d976fadf,USGS-02085000,00060,00003,2018-06-30,11.0,ft^3/s,Approved,,2025-03-11 13:33:20.467623+00:00
-79.0955555555555,36.0711111111111,2bf55dc212734c469cd90fe8d976fadf,USGS-02085000,00060,00003,2018-06-29,14.4,ft^3/s,Approved,,2025-03-11 13:33:20.467623+00:00
-79.0955555555555,36.0711111111111,2bf55dc212734c469cd90fe8d976fadf,USGS-02085000,00060,00003,2018-06-28,21.6,ft^3/s,Approved,,2025-03-11 13:33:20.467623+00:00
-79.0955555555555,36.0711111111111,2bf55dc212734c469cd90fe8d976fadf,USGS-02085000,00060,00003,2018-06-27,48.8,ft^3/s,Approved,,2025-03-11 13:33:20.467623+00:00
-79.0955555555555,36.0711111111111,2bf55dc212734c469cd90fe8d976fadf,USGS-02085000,00060,00003,2018-06-26,181,ft^3/s,Approved,,2025-03-11 13:33:20.467623+00:00
-79.0955555555555,36.0711111111111,2bf55dc212734c469cd90fe8d976fadf,USGS-02085000,00060,00003,2018-06-25,4.90,ft^3/s,Approved,,2025-03-11 13:33:20.467623+00:00
-79.0955555555555,36.0711111111111,2bf55dc212734c469cd90fe8d976fadf,USGS-02085000,00060,00003,2018-06-24,5.44,ft^3/s,Approved,,2025-03-11 13:33:20.467623+00:00
-79.0955555555555,36.0711111111111,2bf55dc212734c469cd90fe8d976fadf,USGS-02085000,00060,00003,2018-06-23,5.59,ft^3/s,Approved,,2025-03-11 13:33:20.467623+00:00
-79.0955555555555,36.0711111111111,2bf55dc212734c469cd90fe8d976fadf,USGS-02085000,00060,00003,2018-06-22,6.05,ft^3/s,Approved,,2025-03-11 13:33:20.467623+00:00
-79.0955555555555,36.0711111111111,2bf55dc212734c469cd90fe8d976fadf,USGS-02085000,00060,00003,2018-06-21,5.90,ft^3/s,Approved,,2025-03-11 13:33:20.467623+00:00
-79.0955555555555,36.0711111111111,2bf55dc212734c469cd90fe8d976fadf,USGS-02085000,00060,00003,2018-06-20,6.29,ft^3/s,Approved,,2025-03-11 13:33:20.467623+00:00
-79.0955555555555,36.0711111111111,2bf55dc212734c469cd90fe8d976fadf,USGS-02085000,00060,00003,2018-06-19,7.28,ft^3/s,Approved,,2025-03-11 13:33:20.467623+00:00
-79.0955555555555,36.0711111111111,2bf55dc212734c469cd90fe8d976fadf,USGS-02085000,00060,00003,2018-06-18,8.44,ft^3/s,Approved,,2025-03-11 13:33:20.467623+00:00
-79.0955555555555,36.0711111111111,2bf55dc212734c469cd90fe8d976fadf,USGS-02085000,00060,00003,2018-06-17,10.1,ft^3/s,Approved,,2025-03-11 13:33:20.467623+00:00
-79.0955555555555,36.0711111111111,2bf55dc212734c469cd90fe8d976fadf,USGS-02085000,00060,00003,2018-06-16,13.4,ft^3/s,Approved,,2025-03-11 13:33:20.467623+00:00
-79.0955555555555,36.0711111111111,2bf55dc212734c469cd90fe8d976fadf,USGS-02085000,00060,00003,2018-06-15,16.2,ft^3/s,Approved,,2025-03-11 13:33:20.467623+00:00
-79.0955555555555,36.0711111111111,2bf55dc212734c469cd90fe8d976fadf,USGS-02085000,00060,00003,2018-06-14,20.9,ft^3/s,Approved,,2025-03-11 13:33:20.467623+00:00
-79.0955555555555,36.0711111111111,2bf55dc212734c469cd90fe8d976fadf,USGS-02085000,00060,00003,2018-06-13,36.6,ft^3/s,Approved,,2025-03-11 13:33:20.467623+00:00
-79.0955555555555,36.0711111111111,2bf55dc212734c469cd90fe8d976fadf,USGS-02085000,00060,00003,2018-06-12,168,ft^3/s,Approved,,2025-03-11 13:33:20.467623+00:00
-79.0955555555555,36.0711111111111,2bf55dc212734c469cd90fe8d976fadf,USGS-02085000,00060,00003,2018-06-11,65.8,ft^3/s,Approved,,2025-03-11 13:33:20.467623+00:00
-79.0955555555555,36.0711111111111,2bf55dc212734c469cd90fe8d976fadf,USGS-02085000,00060,00003,2018-06-10,9.08,ft^3/s,Approved,,2025-03-11 13:33:20.467623+00:00
-79.0955555555555,36.0711111111111,2bf55dc212734c469cd90fe8d976fadf,USGS-02085000,00060,00003,2018-06-09,7.98,ft^3/s,Approved,,2025-03-11 13:33:20.467623+00:00
-79.0955555555555,36.0711111111111,2bf55dc212734c469cd90fe8d976fadf,USGS-02085000,00060,00003,2018-06-08,8.26,ft^3/s,Approved,,2025-03-11 13:33:20.467623+00:00
-79.0955555555555,36.0711111111111,2bf55dc212734c469cd90fe8d976fadf,USGS-02085000,00060,00003,2018-06-07,9.51,ft^3/s,Approved,,2025-03-11 13:33:20.467623+00:00
-79.0955555555555,36.0711111111111,2bf55dc212734c469cd90fe8d976fadf,USGS-02085000,00060,00003,2018-06-06,9.51,ft^3/s,Approved,,2025-03-11 13:33:20.467623+00:00
-79.0955555555555,36.0711111111111,2bf55dc212734c469cd90fe8d976fadf,USGS-02085000,00060,00003,2018-06-05,10.9,ft^3/s,Approved,,2025-03-11 13:33:20.467623+00:00
-79.0955555555555,36.0711111111111,2bf55dc212734c469cd90fe8d976fadf,USGS-02085000,00060,00003,2018-06-04,14.2,ft^3/s,Approved,,2025-03-11 13:33:20.467623+00:00
-79.0955555555555,36.0711111111111,2bf55dc212734c469cd90fe8d976fadf,USGS-02085000,00060,00003,2018-06-03,18.6,ft^3/s,Approved,,2025-03-11 13:33:20.467623+00:00
-79.0955555555555,36.0711111111111,2bf55dc212734c469cd90fe8d976fadf,USGS-02085000,00060,00003,2018-06-02,18.1,ft^3/s,Approved,,2025-03-11 13:33:20.467623+00:00
-79.0955555555555,36.0711111111111,2bf55dc212734c469cd90fe8d976fadf,USGS-02085000,00060,00003,2018-06-01,21.9,ft^3/s,Approved,,2025-03-11 13:33:20.467623+00:00
-79.0955555555555,36.0711111111111,2bf55dc212734c469cd90fe8d976fadf,USGS-02085000,00060,00003,2018-05-31,50.2,ft^3/s,Approved,,2025-03-11 13:33:20.467623+00:00
-79.0955555555555,36.0711111111111,2bf55dc212734c469cd90fe8d976fadf,USGS-02085000,00060,00003,2018-05-30,57.8,ft^3/s,Approved,,2025-03-11 13:33:20.467623+00:00
-79.0955555555555,36.0711111111111,2bf55dc212734c469cd90fe8d976fadf,USGS-02085000,00060,00003,2018-05-29,67.5,ft^3/s,Approved,,2025-03-11 13:33:20.467623+00:00
-79.0955555555555,36.0711111111111,2bf55dc212734c469cd90fe8d976fadf,USGS-02085000,00060,00003,2018-05-28,56.0,ft^3/s,Approved,,2025-03-11 13:33:20.467623+00:00
-79.0955555555555,36.0711111111111,2bf55dc212734c469cd90fe8d976fadf,USGS-02085000,00060,00003,2018-05-27,59.7,ft^3/s,Approved,,2025-03-11 13:33:20.467623+00:00
-79.0955555555555,36.0711111111111,2bf55dc212734c469cd90fe8d976fadf,USGS-02085000,00060,00003,2018-05-26,60.8,ft^3/s,Approved,,2025-03-11 13:33:20.467623+00:00
-79.0955555555555,36.0711111111111,2bf55dc212734c469cd90fe8d976fadf,USGS-02085000,00060,00003,2018-05-25,60.1,ft^3/s,Approved,,2025-03-11 13:33:20.467623+00:00
-79.0955555555555,36.0711111111111,2bf55dc212734c469cd90fe8d976fadf,USGS-02085000,00060,00003,2018-05-24,70.3,ft^3/s,Approved,,2025-03-11 13:33:20.467623+00:00
-79.0955555555555,36.0711111111111,2bf55dc212734c469cd90fe8d976fadf,USGS-02085000,00060,00003,2018-05-23,89.8,ft^3/s,Approved,,2025-03-11 13:33:20.467623+00:00
-79.0955555555555,36.0711111111111,2bf55dc212734c469cd90fe8d976fadf,USGS-02085000,00060,00003,2018-05-22,102,ft^3/s,Approved,,2025-03-11 13:33:20.467623+00:00
-79.0955555555555,36.0711111111111,2bf55dc212734c469cd90fe8d976fadf,USGS-02085000,00060,00003,2018-05-21,105,ft^3/s,Approved,,2025-03-11 13:33:20.467623+00:00
-79.0955555555555,36.0711111111111,2bf55dc212734c469cd90fe8d976fadf,USGS-02085000,00060,00003,2018-05-20,164,ft^3/s,Approved,,2025-03-11 13:33:20.467623+00:00
-79.0955555555555,36.0711111111111,2bf55dc212734c469cd90fe8d976fadf,USGS-02085000,00060,00003,2018-05-19,345,ft^3/s,Approved,,2025-03-11 13:33:20.467623+00:00
-79.0955555555555,36.0711111111111,2bf55dc212734c469cd90fe8d976fadf,USGS-02085000,00060,00003,2018-05-18,221,ft^3/s,Approved,,2025-03-11 13:33:20.467623+00:00
-79.0955555555555,36.0711111111111,2bf55dc212734c469cd90fe8d976fadf,USGS-02085000,00060,00003,2018-05-17,249,ft^3/s,Approved,,2025-03-11 13:33:20.467623+00:00
-79.0955555555555,36.0711111111111,2bf55dc212734c469cd90fe8d976fadf,USGS-02085000,00060,00003,2018-05-16,122,ft^3/s,Approved,,2025-03-11 13:33:20.467623+00:00
-79.0955555555555,36.0711111111111,2bf55dc212734c469cd90fe8d976fadf,USGS-02085000,00060,00003,2018-05-15,15.9,ft^3/s,Approved,,2025-03-11 13:33:20.467623+00:00
-79.0955555555555,36.0711111111111,2bf55dc212734c469cd90fe8d976fadf,USGS-02085000,00060,00003,2018-05-14,17.6,ft^3/s,Approved,,2025-03-11 13:33:20.467623+00:00
-79.0955555555555,36.0711111111111,2bf55dc212734c469cd90fe8d976fadf,USGS-02085000,00060,00003,2018-05-13,19.1,ft^3/s,Approved,,2025-03-11 13:33:20.467623+00:00
-79.0955555555555,36.0711111111111,2bf55dc212734c469cd90fe8d976fadf,USGS-02085000,00060,00003,2018-05-12,23.2,ft^3/s,Approved,,2025-03-11 13:33:20.467623+00:00
-79.0955555555555,36.0711111111111,2bf55dc212734c469cd90fe8d976fadf,USGS-02085000,00060,00003,2018-05-11,27.5,ft^3/s,Approved,,2025-03-11 13:33:20.467623+00:00
-79.0955555555555,36.0711111111111,2bf55dc212734c469cd90fe8d976fadf,USGS-02085000,00060,00003,2018-05-10,17.4,ft^3/s,Approved,,2025-03-11 13:33:20.467623+00:00
-79.0955555555555,36.0711111111111,2bf55dc212734c469cd90fe8d976fadf,USGS-02085000,00060,00003,2018-05-09,17.8,ft^3/s,Approved,,2025-03-11 13:33:20.467623+00:00
-79.0955555555555,36.0711111111111,2bf55dc212734c469cd90fe8d976fadf,USGS-02085000,00060,00003,2018-05-08,22.5,ft^3/s,Approved,,2025-03-11 13:33:20.467623+00:00
-79.0955555555555,36.0711111111111,2bf55dc212734c469cd90fe8d976fadf,USGS-02085000,00060,00003,2018-05-07,59.4,ft^3/s,Approved,,2025-03-11 13:33:20.467623+00:00
-79.0955555555555,36.0711111111111,2bf55dc212734c469cd90fe8d976fadf,USGS-02085000,00060,00003,2018-05-06,68.3,ft^3/s,Approved,,2025-03-11 13:33:20.467623+00:00
-79.0955555555555,36.0711111111111,2bf55dc212734c469cd90fe8d976fadf,USGS-02085000,00060,00003,2018-05-05,67.9,ft^3/s,Approved,,2025-03-11 13:33:20.467623+00:00
-79.0955555555555,36.0711111111111,2bf55dc212734c469cd90fe8d976fadf,USGS-02085000,00060,00003,2018-05-04,72.0,ft^3/s,Approved,,2025-03-11 13:33:20.467623+00:00
-79.0955555555555,36.0711111111111,2bf55dc212734c469cd90fe8d976fadf,USGS-02085000,00060,00003,2018-05-03,79.6,ft^3/s,Approved,,2025-03-11 13:33:20.467623+00:00
-79.0955555555555,36.0711111111111,2bf55dc212734c469cd90fe8d976fadf,USGS-02085000,00060,00003,2018-05-02,85.6,ft^3/s,Approved,,2025-03-11 13:33:20.467623+00:00
-79.0955555555555,36.0711111111111,2bf55dc212734c469cd90fe8d976fadf,USGS-02085000,00060,00003,2018-05-01,90.3,ft^3/s,Approved,,2025-03-11 13:33:20.467623+00:00
-79.0955555555555,36.0711111111111,2bf55dc212734c469cd90fe8d976fadf,USGS-02085000,00060,00003,2018-04-30,94.3,ft^3/s,Approved,,2025-03-11 13:33:20.467623+00:00
-79.0955555555555,36.0711111111111,2bf55dc212734c469cd90fe8d976fadf,USGS-02085000,00060,00003,2018-04-29,106,ft^3/s,Approved,,2025-03-11 13:33:20.467623+00:00
-79.0955555555555,36.0711111111111,2bf55dc212734c469cd90fe8d976fadf,USGS-02085000,00060,00003,2018-04-28,130,ft^3/s,Approved,,2025-03-11 13:33:20.467623+00:00
-79.0955555555555,36.0711111111111,2bf55dc212734c469cd90fe8d976fadf,USGS-02085000,00060,00003,2018-04-27,157,ft^3/s,Approved,,2025-03-11 13:33:20.467623+00:00
-79.0955555555555,36.0711111111111,2bf55dc212734c469cd90fe8d976fadf,USGS-02085000,00060,00003,2018-04-26,103,ft^3/s,Approved,,2025-03-11 13:33:20.467623+00:00
-79.0955555555555,36.0711111111111,2bf55dc212734c469cd90fe8d976fadf,USGS-02085000,00060,00003,2018-04-25,137,ft^3/s,Approved,,2025-03-11 13:33:20.467623+00:00
-79.0955555555555,36.0711111111111,2bf55dc212734c469cd90fe8d976fadf,USGS-02085000,00060,00003,2018-04-24,129,ft^3/s,Approved,,2025-03-11 13:33:20.467623+00:00
-79.0955555555555,36.0711111111111,2bf55dc212734c469cd90fe8d976fadf,USGS-02085000,00060,00003,2018-04-23,48.8,ft^3/s,Approved,,2025-03-11 13:33:20.467623+00:00
-79.0955555555555,36.0711111111111,2bf55dc212734c469cd90fe8d976fadf,USGS-02085000,00060,00003,2018-04-22,51.4,ft^3/s,Approved,,2025-03-11 13:33:20.467623+00:00
-79.0955555555555,36.0711111111111,2bf55dc212734c469cd90fe8d976fadf,USGS-02085000,00060,00003,2018-04-21,54.7,ft^3/s,Approved,,2025-03-11 13:33:20.467623+00:00
-79.0955555555555,36.0711111111111,2bf55dc212734c469cd90fe8d976fadf,USGS-02085000,00060,00003,2018-04-20,60.9,ft^3/s,Approved,,2025-03-11 13:33:20.467623+00:00
-79.0955555555555,36.0711111111111,2bf55dc212734c469cd90fe8d976fadf,USGS-02085000,00060,00003,2018-04-19,79.6,ft^3/s,Approved,,2025-03-11 13:33:20.467623+00:00
-79.0955555555555,36.0711111111111,2bf55dc212734c469cd90fe8d976fadf,USGS-02085000,00060,00003,2018-04-18,105,ft^3/s,Approved,,2025-03-11 13:33:20.467623+00:00
-79.0955555555555,36.0711111111111,2bf55dc212734c469cd90fe8d976fadf,USGS-02085000,00060,00003,2018-04-17,168,ft^3/s,Approved,,2025-03-11 13:33:20.467623+00:00
-79.0955555555555,36.0711111111111,2bf55dc212734c469cd90fe8d976fadf,USGS-02085000,00060,00003,2018-04-16,646,ft^3/s,Approved,,2025-03-11 13:33:20.467623+00:00
-79.0955555555555,36.0711111111111,2bf55dc212734c469cd90fe8d976fadf,USGS-02085000,00060,00003,2018-04-15,88.9,ft^3/s,Approved,,2025-03-11 13:33:20.467623+00:00
-79.0955555555555,36.0711111111111,2bf55dc212734c469cd90fe8d976fadf,USGS-02085000,00060,00003,2018-04-14,44.7,ft^3/s,Approved,,2025-03-11 13:33:20.467623+00:00
-79.0955555555555,36.0711111111111,2bf55dc212734c469cd90fe8d976fadf,USGS-02085000,00060,00003,2018-04-13,33.3,ft^3/s,Approved,,2025-03-11 13:33:20.467623+00:00
-79.0955555555555,36.0711111111111,2bf55dc212734c469cd90fe8d976fadf,USGS-02085000,00060,00003,2018-04-12,34.5,ft^3/s,Approved,,2025-03-11 13:33:20.467623+00:00
-79.0955555555555,36.0711111111111,2bf55dc212734c469cd90fe8d976fadf,USGS-02085000,00060,00003,2018-04-11,40.4,ft^3/s,Approved,,2025-03-11 13:33:20.467623+00:00
-79.0955555555555,36.0711111111111,2bf55dc212734c469cd90fe8d976fadf,USGS-02085000,00060,00003,2018-04-10,49.2,ft^3/s,Approved,,2025-03-11 13:33:20.467623+00:00
-79.0955555555555,36.0711111111111,2bf55dc212734c469cd90fe8d976fadf,USGS-02085000,00060,00003,2018-04-09,61.6,ft^3/s,Approved,,2025-03-11 13:33:20.467623+00:00
-79.0955555555555,36.0711111111111,2bf55dc212734c469cd90fe8d976fadf,USGS-02085000,00060,00003,2018-04-08,89.8,ft^3/s,Approved,,2025-03-11 13:33:20.467623+00:00
-79.0955555555555,36.0711111111111,2bf55dc212734c469cd90fe8d976fadf,USGS-02085000,00060,00003,2018-04-07,46.0,ft^3/s,Approved,,2025-03-11 13:33:20.467623+00:00
-79.0955555555555,36.0711111111111,2bf55dc212734c469cd90fe8d976fadf,USGS-02085000,00060,00003,2018-04-06,24.8,ft^3/s,Approved,,2025-03-11 13:33:20.467623+00:00
-79.0955555555555,36.0711111111111,2bf55dc212734c469cd90fe8d976fadf,USGS-02085000,00060,00003,2018-04-05,24.6,ft^3/s,Approved,,2025-03-11 13:33:20.467623+00:00
-79.0955555555555,36.0711111111111,2bf55dc212734c469cd90fe8d976fadf,USGS-02085000,00060,00003,2018-04-04,26.1,ft^3/s,Approved,,2025-03-11 13:33:20.467623+00:00
-79.0955555555555,36.0711111111111,2bf55dc212734c469cd90fe8d976fadf,USGS-02085000,00060,00003,2018-04-03,25.8,ft^3/s,Approved,,2025-03-11 13:33:20.467623+00:00
-79.0955555555555,36.0711111111111,2bf55dc212734c469cd90fe8d976fadf,USGS-02085000,00060,00003,2018-04-02,27.7,ft^3/s,Approved,,2025-03-11 13:33:20.467623+00:00
-79.0955555555555,36.0711111111111,2bf55dc212734c469cd90fe8d976fadf,USGS-02085000,00060,00003,2018-04-01,29.4,ft^3/s,Approved,,2025-03-11 13:33:20.467623+00:00
-79.0955555555555,36.0711111111111,2bf55dc212734c469cd90fe8d976fadf,USGS-02085000,00060,00003,2018-03-31,34.7,ft^3/s,Approved,,2025-03-11 13:33:20.467623+00:00
-79.0955555555555,36.0711111111111,2bf55dc212734c469cd90fe8d976fadf,USGS-02085000,00060,00003,2018-03-30,40.3,ft^3/s,Approved,,2025-03-11 13:33:20.467623+00:00
-79.0955555555555,36.0711111111111,2bf55dc212734c469cd90fe8d976fadf,USGS-02085000,00060,00003,2018-03-29,49.3,ft^3/s,Approved,,2025-03-11 13:33:20.467623+00:00
-79.0955555555555,36.0711111111111,2bf55dc212734c469cd90fe8d976fadf,USGS-02085000,00060,00003,2018-03-28,59.9,ft^3/s,Approved,,2025-03-11 13:33:20.467623+00:00
-79.0955555555555,36.0711111111111,2bf55dc212734c469cd90fe8d976fadf,USGS-02085000,00060,00003,2018-03-27,82.3,ft^3/s,Approved,,2025-03-11 13:33:20.467623+00:00
-79.0955555555555,36.0711111111111,2bf55dc212734c469cd90fe8d976fadf,USGS-02085000,00060,00003,2018-03-26,161,ft^3/s,Approved,,2025-03-11 13:33:20.467623+00:00
-79.0955555555555,36.0711111111111,2bf55dc212734c469cd90fe8d976fadf,USGS-02085000,00060,00003,2018-03-25,452,ft^3/s,Approved,,2025-03-11 13:33:20.467623+00:00
-79.0955555555555,36.0711111111111,2bf55dc212734c469cd90fe8d976fadf,USGS-02085000,00060,00003,2018-03-24,45.7,ft^3/s,Approved,,2025-03-11 13:33:20.467623+00:00
-79.0955555555555,36.0711111111111,2bf55dc212734c469cd90fe8d976fadf,USGS-02085000,00060,00003,2018-03-23,54.3,ft^3/s,Approved,,2025-03-11 13:33:20.467623+00:00
-79.0955555555555,36.0711111111111,2bf55dc212734c469cd90fe8d976fadf,USGS-02085000,00060,00003,2018-03-22,94.0,ft^3/s,Approved,,2025-03-11 13:33:20.467623+00:00
-79.0955555555555,36.0711111111111,2bf55dc212734c469cd90fe8d976fadf,USGS-02085000,00060,00003,2018-03-21,178,ft^3/s,Approved,,2025-03-11 13:33:20.467623+00:00
-79.0955555555555,36.0711111111111,2bf55dc212734c469cd90fe8d976fadf,USGS-02085000,00060,00003,2018-03-20,77.2,ft^3/s,Approved,,2025-03-11 13:33:20.467623+00:00
-79.0955555555555,36.0711111111111,2bf55dc212734c469cd90fe8d976fadf,USGS-02085000,00060,00003,2018-03-19,23.9,ft^3/s,Approved,,2025-03-11 13:33:20.467623+00:00
-79.0955555555555,36.0711111111111,2bf55dc212734c469cd90fe8d976fadf,USGS-02085000,00060,00003,2018-03-18,24.7,ft^3/s,Approved,,2025-03-11 13:33:20.467623+00:00
-79.0955555555555,36.0711111111111,2bf55dc212734c469cd90fe8d976fadf,USGS-02085000,00060,00003,2018-03-17,24.5,ft^3/s,Approved,,2025-03-11 13:33:20.467623+00:00
-79.0955555555555,36.0711111111111,2bf55dc212734c469cd90fe8d976fadf,USGS-02085000,00060,00003,2018-03-16,29.8,ft^3/s,Approved,,2025-03-11 13:33:20.467623+00:00
-79.0955555555555,36.0711111111111,2bf55dc212734c469cd90fe8d976fadf,USGS-02085000,00060,00003,2018-03-15,41.6,ft^3/s,Approved,,2025-03-11 13:33:20.467623+00:00
-79.0955555555555,36.0711111111111,2bf55dc212734c469cd90fe8d976fadf,USGS-02085000,00060,00003,2018-03-14,63.6,ft^3/s,Approved,,2025-03-11 13:33:20.467623+00:00
-79.0955555555555,36.0711111111111,2bf55dc212734c469cd90fe8d976fadf,USGS-02085000,00060,00003,2018-03-13,109,ft^3/s,Approved,,2025-03-11 13:33:20.467623+00:00
-79.0955555555555,36.0711111111111,2bf55dc212734c469cd90fe8d976fadf,USGS-02085000,00060,00003,2018-03-12,59.4,ft^3/s,Approved,,2025-03-11 13:33:20.467623+00:00
-79.0955555555555,36.0711111111111,2bf55dc212734c469cd90fe8d976fadf,USGS-02085000,00060,00003,2018-03-11,21.7,ft^3/s,Approved,,2025-03-11 13:33:20.467623+00:00
-79.0955555555555,36.0711111111111,2bf55dc212734c469cd90fe8d976fadf,USGS-02085000,00060,00003,2018-03-10,23.0,ft^3/s,Approved,,2025-03-11 13:33:20.467623+00:00
-79.0955555555555,36.0711111111111,2bf55dc212734c469cd90fe8d976fadf,USGS-02085000,00060,00003,2018-03-09,29.2,ft^3/s,Approved,,2025-03-11 13:33:20.467623+00:00
-79.0955555555555,36.0711111111111,2bf55dc212734c469cd90fe8d976fadf,USGS-02085000,00060,00003,2018-03-08,45.5,ft^3/s,Approved,,2025-03-11 13:33:20.467623+00:00
-79.0955555555555,36.0711111111111,2bf55dc212734c469cd90fe8d976fadf,USGS-02085000,00060,00003,2018-03-07,81.3,ft^3/s,Approved,,2025-03-11 13:33:20.467623+00:00
-79.0955555555555,36.0711111111111,2bf55dc212734c469cd90fe8d976fadf,USGS-02085000,00060,00003,2018-03-06,20.0,ft^3/s,Approved,,2025-03-11 13:33:20.467623+00:00
-79.0955555555555,36.0711111111111,2bf55dc212734c469cd90fe8d976fadf,USGS-02085000,00060,00003,2018-03-05,14.8,ft^3/s,Approved,,2025-03-11 13:33:20.467623+00:00
-79.0955555555555,36.0711111111111,2bf55dc212734c469cd90fe8d976fadf,USGS-02085000,00060,00003,2018-03-04,17.8,ft^3/s,Approved,,2025-03-11 13:33:20.467623+00:00
-79.0955555555555,36.0711111111111,2bf55dc212734c469cd90fe8d976fadf,USGS-02085000,00060,00003,2018-03-03,25.0,ft^3/s,Approved,,2025-03-11 13:33:20.467623+00:00
-79.0955555555555,36.0711111111111,2bf55dc212734c469cd90fe8d976fadf,USGS-02085000,00060,00003,2018-03-02,39.5,ft^3/s,Approved,,2025-03-11 13:33:20.467623+00:00
-79.0955555555555,36.0711111111111,2bf55dc212734c469cd90fe8d976fadf,USGS-02085000,00060,00003,2018-03-01,18.8,ft^3/s,Approved,,2025-03-11 13:33:20.467623+00:00
-79.0955555555555,36.0711111111111,2bf55dc212734c469cd90fe8d976fadf,USGS-02085000,00060,00003,2018-02-28,11.8,ft^3/s,Approved,,2025-03-11 13:33:20.467623+00:00
-79.0955555555555,36.0711111111111,2bf55dc212734c469cd90fe8d976fadf,USGS-02085000,00060,00003,2018-02-27,13.7,ft^3/s,Approved,,2025-03-11 13:33:20.467623+00:00
-79.0955555555555,36.0711111111111,2bf55dc212734c469cd90fe8d976fadf,USGS-02085000,00060,00003,2018-02-26,14.0,ft^3/s,Approved,,2025-03-11 13:33:20.467623+00:00
-79.0955555555555,36.0711111111111,2bf55dc212734c469cd90fe8d976fadf,USGS-02085000,00060,00003,2018-02-25,13.8,ft^3/s,Approved,,2025-03-11 13:33:20.467623+00:00
-79.0955555555555,36.0711111111111,2bf55dc212734c469cd90fe8d976fadf,USGS-02085000,00060,00003,2018-02-24,14.3,ft^3/s,Approved,,2025-03-11 13:33:20.467623+00:00
-79.0955555555555,36.0711111111111,2bf55dc212734c469cd90fe8d976fadf,USGS-02085000,00060,00003,2018-02-23,14.7,ft^3/s,Approved,,2025-03-11 13:33:20.467623+00:00
-79.0955555555555,36.0711111111111,2bf55dc212734c469cd90fe8d976fadf,USGS-02085000,00060,00003,2018-02-22,15.4,ft^3/s,Approved,,2025-03-11 13:33:20.467623+00:00
-79.0955555555555,36.0711111111111,2bf55dc212734c469cd90fe8d976fadf,USGS-02085000,00060,00003,2018-02-21,16.1,ft^3/s,Approved,,2025-03-11 13:33:20.467623+00:00
-79.0955555555555,36.0711111111111,2bf55dc212734c469cd90fe8d976fadf,USGS-02085000,00060,00003,2018-02-20,17.2,ft^3/s,Approved,,2025-03-11 13:33:20.467623+00:00
-79.0955555555555,36.0711111111111,2bf55dc212734c469cd90fe8d976fadf,USGS-02085000,00060,00003,2018-02-19,16.7,ft^3/s,Approved,,2025-03-11 13:33:20.467623+00:00
-79.0955555555555,36.0711111111111,2bf55dc212734c469cd90fe8d976fadf,USGS-02085000,00060,00003,2018-02-18,17.4,ft^3/s,Approved,,2025-03-11 13:33:20.467623+00:00
-79.0955555555555,36.0711111111111,2bf55dc212734c469cd90fe8d976fadf,USGS-02085000,00060,00003,2018-02-17,17.2,ft^3/s,Approved,,2025-03-11 13:33:20.467623+00:00
-79.0955555555555,36.0711111111111,2bf55dc212734c469cd90fe8d976fadf,USGS-02085000,00060,00003,2018-02-16,18.5,ft^3/s,Approved,,2025-03-11 13:33:20.467623+00:00
-79.0955555555555,36.0711111111111,2bf55dc212734c469cd90fe8d976fadf,USGS-02085000,00060,00003,2018-02-15,19.7,ft^3/s,Approved,,2025-03-11 13:33:20.467623+00:00
-79.0955555555555,36.0711111111111,2bf55dc212734c469cd90fe8d976fadf,USGS-02085000,00060,00003,2018-02-14,22.9,ft^3/s,Approved,,2025-03-11 13:33:20.467623+00:00
-79.0955555555555,36.0711111111111,2bf55dc212734c469cd90fe8d976fadf,USGS-02085000,00060,00003,2018-02-13,29.9,ft^3/s,Approved,,2025-03-11 13:33:20.467623+00:00
-79.0955555555555,36.0711111111111,2bf55dc212734c469cd90fe8d976fadf,USGS-02085000,00060,00003,2018-02-12,38.0,ft^3/s,Approved,,2025-03-11 13:33:20.467623+00:00
-79.0955555555555,36.0711111111111,2bf55dc212734c469cd90fe8d976fadf,USGS-02085000,00060,00003,2018-02-11,40.6,ft^3/s,Approved,,2025-03-11 13:33:20.467623+00:00
-79.0955555555555,36.0711111111111,2bf55dc212734c469cd90fe8d976fadf,USGS-02085000,00060,00003,2018-02-10,32.6,ft^3/s,Approved,,2025-03-11 13:33:20.467623+00:00
-79.0955555555555,36.0711111111111,2bf55dc212734c469cd90fe8d976fadf,USGS-02085000,00060,00003,2018-02-09,34.4,ft^3/s,Approved,,2025-03-11 13:33:20.467623+00:00
-79.0955555555555,36.0711111111111,2bf55dc212734c469cd90fe8d976fadf,USGS-02085000,00060,00003,2018-02-08,48.7,ft^3/s,Approved,,2025-03-11 13:33:20.467623+00:00
-79.0955555555555,36.0711111111111,2bf55dc212734c469cd90fe8d976fadf,USGS-02085000,00060,00003,2018-02-07,41.7,ft^3/s,Approved,,2025-03-11 13:33:20.467623+00:00
-79.0955555555555,36.0711111111111,2bf55dc212734c469cd90fe8d976fadf,USGS-02085000,00060,00003,2018-02-06,62.7,ft^3/s,Approved,,2025-03-11 13:33:20.467623+00:00
-79.0955555555555,36.0711111111111,2bf55dc212734c469cd90fe8d976fadf,USGS-02085000,00060,00003,2018-02-05,175,ft^3/s,Approved,,2025-03-11 13:33:20.467623+00:00
-79.0955555555555,36.0711111111111,2bf55dc212734c469cd90fe8d976fadf,USGS-02085000,00060,00003,2018-02-04,101,ft^3/s,Approved,,2025-03-11 13:33:20.467623+00:00
-79.0955555555555,36.0711111111111,2bf55dc212734c469cd90fe8d976fadf,USGS-02085000,00060,00003,2018-02-03,20.3,ft^3/s,Approved,,2025-03-11 13:33:20.467623+00:00
-79.0955555555555,36.0711111111111,2bf55dc212734c469cd90fe8d976fadf,USGS-02085000,00060,00003,2018-02-02,25.2,ft^3/s,Approved,,2025-03-11 13:33:20.467623+00:00
-79.0955555555555,36.0711111111111,2bf55dc212734c469cd90fe8d976fadf,USGS-02085000,00060,00003,2018-02-01,28.8,ft^3/s,Approved,,2025-03-11 13:33:20.467623+00:00
-79.0955555555555,36.0711111111111,2bf55dc212734c469cd90fe8d976fadf,USGS-02085000,00060,00003,2018-01-31,44.4,ft^3/s,Approved,,2025-03-11 13:33:20.467623+00:00
-79.0955555555555,36.0711111111111,2bf55dc212734c469cd90fe8d976fadf,USGS-02085000,00060,00003,2018-01-30,95.6,ft^3/s,Approved,,2025-03-11 13:33:20.467623+00:00
-79.0955555555555,36.0711111111111,2bf55dc212734c469cd90fe8d976fadf,USGS-02085000,00060,00003,2018-01-29,268,ft^3/s,Approved,,2025-03-11 13:33:20.467623+00:00
-79.0955555555555,36.0711111111111,2bf55dc212734c469cd90fe8d976fadf,USGS-02085000,00060,00003,2018-01-28,26.8,ft^3/s,Approved,,2025-03-11 13:33:20.467623+00:00
-79.0955555555555,36.0711111111111,2bf55dc212734c469cd90fe8d976fadf,USGS-02085000,00060,00003,2018-01-27,9.43,ft^3/s,Approved,,2025-03-11 13:33:20.467623+00:00
-79.0955555555555,36.0711111111111,2bf55dc212734c469cd90fe8d976fadf,USGS-02085000,00060,00003,2018-01-26,11.4,ft^3/s,Approved,,2025-03-11 13:33:20.467623+00:00
-79.0955555555555,36.0711111111111,2bf55dc212734c469cd90fe8d976fadf,USGS-02085000,00060,00003,2018-01-25,15.7,ft^3/s,Approved,,2025-03-11 13:33:20.467623+00:00
-79.0955555555555,36.0711111111111,2bf55dc212734c469cd90fe8d976fadf,USGS-02085000,00060,00003,2018-01-24,37.5,ft^3/s,Approved,,2025-03-11 13:33:20.467623+00:00
-79.0955555555555,36.0711111111111,2bf55dc212734c469cd90fe8d976fadf,USGS-02085000,00060,00003,2018-01-23,114,ft^3/s,Approved,,2025-03-11 13:33:20.467623+00:00
-79.0955555555555,36.0711111111111,2bf55dc212734c469cd90fe8d976fadf,USGS-02085000,00060,00003,2018-01-22,13.1,ft^3/s,Approved,,2025-03-11 13:33:20.467623+00:00
-79.0955555555555,36.0711111111111,2bf55dc212734c469cd90fe8d976fadf,USGS-02085000,00060,00003,2018-01-21,9.63,ft^3/s,Approved,,2025-03-11 13:33:20.467623+00:00
-79.0955555555555,36.0711111111111,2bf55dc212734c469cd90fe8d976fadf,USGS-02085000,00060,00003,2018-01-20,7.47,ft^3/s,Approved,,2025-03-11 13:33:20.467623+00:00
-79.0955555555555,36.0711111111111,2bf55dc212734c469cd90fe8d976fadf,USGS-02085000,00060,00003,2018-01-19,7.05,ft^3/s,Approved,,2025-03-11 13:33:20.467623+00:00
-79.0955555555555,36.0711111111111,2bf55dc212734c469cd90fe8d976fadf,USGS-02085000,00060,00003,2018-01-18,8.55,ft^3/s,Approved,,2025-03-11 13:33:20.467623+00:00
-79.0955555555555,36.0711111111111,2bf55dc212734c469cd90fe8d976fadf,USGS-02085000,00060,00003,2018-01-17,7.18,ft^3/s,Approved,,2025-03-11 13:33:20.467623+00:00
-79.0955555555555,36.0711111111111,2bf55dc212734c469cd90fe8d976fadf,USGS-02085000,00060,00003,2018-01-16,5.95,ft^3/s,Approved,,2025-03-11 13:33:20.467623+00:00
-79.0955555555555,36.0711111111111,2bf55dc212734c469cd90fe8d976fadf,USGS-02085000,00060,00003,2018-01-15,7.89,ft^3/s,Approved,,2025-03-11 13:33:20.467623+00:00
-79.0955555555555,36.0711111111111,2bf55dc212734c469cd90fe8d976fadf,USGS-02085000,00060,00003,2018-01-14,12.6,ft^3/s,Approved,,2025-03-11 13:33:20.467623+00:00
-79.0955555555555,36.0711111111111,2bf55dc212734c469cd90fe8d976fadf,USGS-02085000,00060,00003,2018-01-13,25.3,ft^3/s,Approved,,2025-03-11 13:33:20.467623+00:00
-79.0955555555555,36.0711111111111,2bf55dc212734c469cd90fe8d976fadf,USGS-02085000,00060,00003,2018-01-12,10.6,ft^3/s,Approved,,2025-03-11 13:33:20.467623+00:00
-79.0955555555555,36.0711111111111,2bf55dc212734c469cd90fe8d976fadf,USGS-02085000,00060,00003,2018-01-11,4.42,ft^3/s,Approved,,2025-03-11 13:33:20.467623+00:00
-79.0955555555555,36.0711111111111,2bf55dc212734c469cd90fe8d976fadf,USGS-02085000,00060,00003,2018-01-10,4.58,ft^3/s,Approved,,2025-03-11 13:33:20.467623+00:00
-79.0955555555555,36.0711111111111,2bf55dc212734c469cd90fe8d976fadf,USGS-02085000,00060,00003,2018-01-09,2.91,ft^3/s,Approved,,2025-03-11 13:33:20.467623+00:00
-79.0955555555555,36.0711111111111,2bf55dc212734c469cd90fe8d976fadf,USGS-02085000,00060,00003,2018-01-08,3.29,ft^3/s,Approved,,2025-03-11 13:33:20.467623+00:00
-79.0955555555555,36.0711111111111,2bf55dc212734c469cd90fe8d976fadf,USGS-02085000,00060,00003,2018-01-07,3.38,ft^3/s,Approved,,2025-03-11 13:33:20.467623+00:00
-79.0955555555555,36.0711111111111,2bf55dc212734c469cd90fe8d976fadf,USGS-02085000,00060,00003,2018-01-06,3.45,ft^3/s,Approved,,2025-03-11 13:33:20.467623+00:00
-79.0955555555555,36.0711111111111,2bf55dc212734c469cd90fe8d976fadf,USGS-02085000,00060,00003,2018-01-05,3.83,ft^3/s,Approved,,2025-03-11 13:33:20.467623+00:00
-79.0955555555555,36.0711111111111,2bf55dc212734c469cd90fe8d976fadf,USGS-02085000,00060,00003,2018-01-04,3.57,ft^3/s,Approved,,2025-03-11 13:33:20.467623+00:00
-79.0955555555555,36.0711111111111,2bf55dc212734c469cd90fe8d976fadf,USGS-02085000,00060,00003,2018-01-03,3.42,ft^3/s,Approved,,2025-03-11 13:33:20.467623+00:00
-79.0955555555555,36.0711111111111,2bf55dc212734c469cd90fe8d976fadf,USGS-02085000,00060,00003,2018-01-02,3.65,ft^3/s,Approved,,2025-03-11 13:33:20.467623+00:00
-79.0955555555555,36.0711111111111,2bf55dc212734c469cd90fe8d976fadf,USGS-02085000,00060,00003,2018-01-01,4.14,ft^3/s,Approved,,2025-03-11 13:33:20.467623+00:00
-79.0955555555555,36.0711111111111,2bf55dc212734c469cd90fe8d976fadf,USGS-02085000,00060,00003,2017-12-31,4.11,ft^3/s,Approved,,2025-03-11 13:33:20.467623+00:00
-79.0955555555555,36.0711111111111,2bf55dc212734c469cd90fe8d976fadf,USGS-02085000,00060,00003,2017-12-30,3.88,ft^3/s,Approved,,2025-03-11 13:33:20.467623+00:00
-79.0955555555555,36.0711111111111,2bf55dc212734c469cd90fe8d976fadf,USGS-02085000,00060,00003,2017-12-29,3.83,ft^3/s,Approved,,2025-03-11 13:33:20.467623+00:00
-79.0955555555555,36.0711111111111,2bf55dc212734c469cd90fe8d976fadf,USGS-02085000,00060,00003,2017-12-28,3.82,ft^3/s,Approved,,2025-03-11 13:33:20.467623+00:00
-79.0955555555555,36.0711111111111,2bf55dc212734c469cd90fe8d976fadf,USGS-02085000,00060,00003,2017-12-27,3.74,ft^3/s,Approved,,2025-03-11 13:33:20.467623+00:00
-79.0955555555555,36.0711111111111,2bf55dc212734c469cd90fe8d976fadf,USGS-02085000,00060,00003,2017-12-26,4.00,ft^3/s,Approved,,2025-03-11 13:33:20.467623+00:00
-79.0955555555555,36.0711111111111,2bf55dc212734c469cd90fe8d976fadf,USGS-02085000,00060,00003,2017-12-25,4.59,ft^3/s,Approved,,2025-03-11 13:33:20.467623+00:00
-79.0955555555555,36.0711111111111,2bf55dc212734c469cd90fe8d976fadf,USGS-02085000,00060,00003,2017-12-24,4.31,ft^3/s,Approved,,2025-03-11 13:33:20.467623+00:00
-79.0955555555555,36.0711111111111,2bf55dc212734c469cd90fe8d976fadf,USGS-02085000,00060,00003,2017-12-23,3.83,ft^3/s,Approved,,2025-03-11 13:33:20.467623+00:00
-79.0955555555555,36.0711111111111,2bf55dc212734c469cd90fe8d976fadf,USGS-02085000,00060,00003,2017-12-22,3.97,ft^3/s,Approved,,2025-03-11 13:33:20.467623+00:00
-79.0955555555555,36.0711111111111,2bf55dc212734c469cd90fe8d976fadf,USGS-02085000,00060,00003,2017-12-21,3.95,ft^3/s,Approved,,2025-03-11 13:33:20.467623+00:00
-79.0955555555555,36.0711111111111,2bf55dc212734c469cd90fe8d976fadf,USGS-02085000,00060,00003,2017-12-20,3.35,ft^3/s,Approved,,2025-03-11 13:33:20.467623+00:00
-79.0955555555555,36.0711111111111,2bf55dc212734c469cd90fe8d976fadf,USGS-02085000,00060,00003,2017-12-19,2.86,ft^3/s,Approved,,2025-03-11 13:33:20.467623+00:00
-79.0955555555555,36.0711111111111,2bf55dc212734c469cd90fe8d976fadf,USGS-02085000,00060,00003,2017-12-18,3.00,ft^3/s,Approved,,2025-03-11 13:33:20.467623+00:00
-79.0955555555555,36.0711111111111,2bf55dc212734c469cd90fe8d976fadf,USGS-02085000,00060,00003,2017-12-17,2.97,ft^3/s,Approved,,2025-03-11 13:33:20.467623+00:00
-79.0955555555555,36.0711111111111,2bf55dc212734c469cd90fe8d976fadf,USGS-02085000,00060,00003,2017-12-16,2.77,ft^3/s,Approved,,2025-03-11 13:33:20.467623+00:00
-79.0955555555555,36.0711111111111,2bf55dc212734c469cd90fe8d976fadf,USGS-02085000,00060,00003,2017-12-15,2.97,ft^3/s,Approved,,2025-03-11 13:33:20.467623+00:00
-79.0955555555555,36.0711111111111,2bf55dc212734c469cd90fe8d976fadf,USGS-02085000,00060,00003,2017-12-14,2.98,ft^3/s,Approved,,2025-03-11 13:33:20.467623+00:00
-79.0955555555555,36.0711111111111,2bf55dc212734c469cd90fe8d976fadf,USGS-02085000,00060,00003,2017-12-13,3.37,ft^3/s,Approved,,2025-03-11 13:33:20.467623+00:00
-79.0955555555555,36.0711111111111,2bf55dc212734c469cd90fe8d976fadf,USGS-02085000,00060,00003,2017-12-12,4.67,ft^3/s,Approved,,2025-03-11 13:33:20.467623+00:00
-79.0955555555555,36.0711111111111,2bf55dc212734c469cd90fe8d976fadf,USGS-02085000,00060,00003,2017-12-11,6.39,ft^3/s,Approved,,2025-03-11 13:33:20.467623+00:00
-79.0955555555555,36.0711111111111,2bf55dc212734c469cd90fe8d976fadf,USGS-02085000,00060,00003,2017-12-10,11.9,ft^3/s,Approved,,2025-03-11 13:33:20.467623+00:00
-79.0955555555555,36.0711111111111,2bf55dc212734c469cd90fe8d976fadf,USGS-02085000,00060,00003,2017-12-09,18.6,ft^3/s,Approved,,2025-03-11 13:33:20.467623+00:00
-79.0955555555555,36.0711111111111,2bf55dc212734c469cd90fe8d976fadf,USGS-02085000,00060,00003,2017-12-08,6.20,ft^3/s,Approved,,2025-03-11 13:33:20.467623+00:00
-79.0955555555555,36.0711111111111,2bf55dc212734c469cd90fe8d976fadf,USGS-02085000,00060,00003,2017-12-07,3.91,ft^3/s,Approved,,2025-03-11 13:33:20.467623+00:00
-79.0955555555555,36.0711111111111,2bf55dc212734c469cd90fe8d976fadf,USGS-02085000,00060,00003,2017-12-06,4.41,ft^3/s,Approved,,2025-03-11 13:33:20.467623+00:00
-79.0955555555555,36.0711111111111,2bf55dc212734c469cd90fe8d976fadf,USGS-02085000,00060,00003,2017-12-05,4.11,ft^3/s,Approved,,2025-03-11 13:33:20.467623+00:00
-79.0955555555555,36.0711111111111,2bf55dc212734c469cd90fe8d976fadf,USGS-02085000,00060,00003,2017-12-04,3.46,ft^3/s,Approved,,2025-03-11 13:33:20.467623+00:00
-79.0955555555555,36.0711111111111,2bf55dc212734c469cd90fe8d976fadf,USGS-02085000,00060,00003,2017-12-03,3.76,ft^3/s,Approved,,2025-03-11 13:33:20.467623+00:00
-79.0955555555555,36.0711111111111,2bf55dc212734c469cd90fe8d976fadf,USGS-02085000,00060,00003,2017-12-02,3.48,ft^3/s,Approved,,2025-03-11 13:33:20.467623+00:00
-79.0955555555555,36.0711111111111,2bf55dc212734c469cd90fe8d976fadf,USGS-02085000,00060,00003,2017-12-01,3.59,ft^3/s,Approved,,2025-03-11 13:33:20.467623+00:00
-79.0955555555555,36.0711111111111,2bf55dc212734c469cd90fe8d976fadf,USGS-02085000,00060,00003,2017-11-30,3.67,ft^3/s,Approved,,2025-03-11 13:33:20.467623+00:00
-79.0955555555555,36.0711111111111,2bf55dc212734c469cd90fe8d976fadf,USGS-02085000,00060,00003,2017-11-29,3.63,ft^3/s,Approved,,2025-03-11 13:33:20.467623+00:00
-79.0955555555555,36.0711111111111,2bf55dc212734c469cd90fe8d976fadf,USGS-02085000,00060,00003,2017-11-28,3.33,ft^3/s,Approved,,2025-03-11 13:33:20.467623+00:00
-79.0955555555555,36.0711111111111,2bf55dc212734c469cd90fe8d976fadf,USGS-02085000,00060,00003,2017-11-27,3.65,ft^3/s,Approved,,2025-03-11 13:33:20.467623+00:00
-79.0955555555555,36.0711111111111,2bf55dc212734c469cd90fe8d976fadf,USGS-02085000,00060,00003,2017-11-26,3.76,ft^3/s,Approved,,2025-03-11 13:33:20.467623+00:00
-79.0955555555555,36.0711111111111,2bf55dc212734c469cd90fe8d976fadf,USGS-02085000,00060,00003,2017-11-25,4.03,ft^3/s,Approved,,2025-03-11 13:33:20.467623+00:00
-79.0955555555555,36.0711111111111,2bf55dc212734c469cd90fe8d976fadf,USGS-02085000,00060,00003,2017-11-24,4.09,ft^3/s,Approved,,2025-03-11 13:33:20.467623+00:00
-79.0955555555555,36.0711111111111,2bf55dc212734c469cd90fe8d976fadf,USGS-02085000,00060,00003,2017-11-23,3.68,ft^3/s,Approved,,2025-03-11 13:33:20.467623+00:00
-79.0955555555555,36.0711111111111,2bf55dc212734c469cd90fe8d976fadf,USGS-02085000,00060,00003,2017-11-22,3.59,ft^3/s,Approved,,2025-03-11 13:33:20.467623+00:00
-79.0955555555555,36.0711111111111,2bf55dc212734c469cd90fe8d976fadf,USGS-02085000,00060,00003,2017-11-21,3.55,ft^3/s,Approved,,2025-03-11 13:33:20.467623+00:00
-79.0955555555555,36.0711111111111,2bf55dc212734c469cd90fe8d976fadf,USGS-02085000,00060,00003,2017-11-20,4.40,ft^3/s,Approved,,2025-03-11 13:33:20.467623+00:00
-79.0955555555555,36.0711111111111,2bf55dc212734c469cd90fe8d976fadf,USGS-02085000,00060,00003,2017-11-19,5.24,ft^3/s,Approved,,2025-03-11 13:33:20.467623+00:00
-79.0955555555555,36.0711111111111,2bf55dc212734c469cd90fe8d976fadf,USGS-02085000,00060,00003,2017-11-18,4.44,ft^3/s,Approved,,2025-03-11 13:33:20.467623+00:00
-79.0955555555555,36.0711111111111,2bf55dc212734c469cd90fe8d976fadf,USGS-02085000,00060,00003,2017-11-17,4.41,ft^3/s,Approved,,2025-03-11 13:33:20.467623+00:00
-79.0955555555555,36.0711111111111,2bf55dc212734c469cd90fe8d976fadf,USGS-02085000,00060,00003,2017-11-16,4.93,ft^3/s,Approved,,2025-03-11 13:33:20.467623+00:00
-79.0955555555555,36.0711111111111,2bf55dc212734c469cd90fe8d976fadf,USGS-02085000,00060,00003,2017-11-15,6.13,ft^3/s,Approved,,2025-03-11 13:33:20.467623+00:00
-79.0955555555555,36.0711111111111,2bf55dc212734c469cd90fe8d976fadf,USGS-02085000,00060,00003,2017-11-14,6.40,ft^3/s,Approved,,2025-03-11 13:33:20.467623+00:00
-79.0955555555555,36.0711111111111,2bf55dc212734c469cd90fe8d976fadf,USGS-02085000,00060,00003,2017-11-13,9.65,ft^3/s,Approved,,2025-03-11 13:33:20.467623+00:00
-79.0955555555555,36.0711111111111,2bf55dc212734c469cd90fe8d976fadf,USGS-02085000,00060,00003,2017-11-12,5.52,ft^3/s,Approved,,2025-03-11 13:33:20.467623+00:00
-79.0955555555555,36.0711111111111,2bf55dc212734c469cd90fe8d976fadf,USGS-02085000,00060,00003,2017-11-11,5.30,ft^3/s,Approved,,2025-03-11 13:33:20.467623+00:00
-79.0955555555555,36.0711111111111,2bf55dc212734c469cd90fe8d976fadf,USGS-02085000,00060,00003,2017-11-10,5.97,ft^3/s,Approved,,2025-03-11 13:33:20.467623+00:00
-79.0955555555555,36.0711111111111,2bf55dc212734c469cd90fe8d976fadf,USGS-02085000,00060,00003,2017-11-09,7.51,ft^3/s,Approved,,2025-03-11 13:33:20.467623+00:00
-79.0955555555555,36.0711111111111,2bf55dc212734c469cd90fe8d976fadf,USGS-02085000,00060,00003,2017-11-08,4.45,ft^3/s,Approved,,2025-03-11 13:33:20.467623+00:00
-79.0955555555555,36.0711111111111,2bf55dc212734c469cd90fe8d976fadf,USGS-02085000,00060,00003,2017-11-07,3.84,ft^3/s,Approved,,2025-03-11 13:33:20.467623+00:00
-79.0955555555555,36.0711111111111,2bf55dc212734c469cd90fe8d976fadf,USGS-02085000,00060,00003,2017-11-06,4.45,ft^3/s,Approved,,2025-03-11 13:33:20.467623+00:00
-79.0955555555555,36.0711111111111,2bf55dc212734c469cd90fe8d976fadf,USGS-02085000,00060,00003,2017-11-05,4.26,ft^3/s,Approved,,2025-03-11 13:33:20.467623+00:00
-79.0955555555555,36.0711111111111,2bf55dc212734c469cd90fe8d976fadf,USGS-02085000,00060,00003,2017-11-04,3.70,ft^3/s,Approved,,2025-03-11 13:33:20.467623+00:00
-79.0955555555555,36.0711111111111,2bf55dc212734c469cd90fe8d976fadf,USGS-02085000,00060,00003,2017-11-03,3.95,ft^3/s,Approved,,2025-03-11 13:33:20.467623+00:00
-79.0955555555555,36.0711111111111,2bf55dc212734c469cd90fe8d976fadf,USGS-02085000,00060,00003,2017-11-02,3.89,ft^3/s,Approved,,2025-03-11 13:33:20.467623+00:00
-79.0955555555555,36.0711111111111,2bf55dc212734c469cd90fe8d976fadf,USGS-02085000,00060,00003,2017-11-01,4.30,ft^3/s,Approved,,2025-03-11 13:33:20.467623+00:00
-79.0955555555555,36.0711111111111,2bf55dc212734c469cd90fe8d976fadf,USGS-02085000,00060,00003,2017-10-31,4.88,ft^3/s,Approved,,2025-03-11 13:33:20.467623+00:00
-79.0955555555555,36.0711111111111,2bf55dc212734c469cd90fe8d976fadf,USGS-02085000,00060,00003,2017-10-30,5.66,ft^3/s,Approved,,2025-03-11 13:33:20.467623+00:00
-79.0955555555555,36.0711111111111,2bf55dc212734c469cd90fe8d976fadf,USGS-02085000,00060,00003,2017-10-29,5.96,ft^3/s,Approved,,2025-03-11 13:33:20.467623+00:00
-79.0955555555555,36.0711111111111,2bf55dc212734c469cd90fe8d976fadf,USGS-02085000,00060,00003,2017-10-28,4.05,ft^3/s,Approved,,2025-03-11 13:33:20.467623+00:00
-79.0955555555555,36.0711111111111,2bf55dc212734c469cd90fe8d976fadf,USGS-02085000,00060,00003,2017-10-27,3.68,ft^3/s,Approved,,2025-03-11 13:33:20.467623+00:00
-79.0955555555555,36.0711111111111,2bf55dc212734c469cd90fe8d976fadf,USGS-02085000,00060,00003,2017-10-26,3.97,ft^3/s,Approved,,2025-03-11 13:33:20.467623+00:00
-79.0955555555555,36.0711111111111,2bf55dc212734c469cd90fe8d976fadf,USGS-02085000,00060,00003,2017-10-25,5.20,ft^3/s,Approved,,2025-03-11 13:33:20.467623+00:00
-79.0955555555555,36.0711111111111,2bf55dc212734c469cd90fe8d976fadf,USGS-02085000,00060,00003,2017-10-24,11.3,ft^3/s,Approved,,2025-03-11 13:33:20.467623+00:00
-79.0955555555555,36.0711111111111,2bf55dc212734c469cd90fe8d976fadf,USGS-02085000,00060,00003,2017-10-23,8.55,ft^3/s,Approved,,2025-03-11 13:33:20.467623+00:00
-79.0955555555555,36.0711111111111,2bf55dc212734c469cd90fe8d976fadf,USGS-02085000,00060,00003,2017-10-22,4.84,ft^3/s,Approved,,2025-03-11 13:33:20.467623+00:00
-79.0955555555555,36.0711111111111,2bf55dc212734c469cd90fe8d976fadf,USGS-02085000,00060,00003,2017-10-21,4.11,ft^3/s,Approved,,2025-03-11 13:33:20.467623+00:00
-79.0955555555555,36.0711111111111,2bf55dc212734c469cd90fe8d976fadf,USGS-02085000,00060,00003,2017-10-20,3.74,ft^3/s,Approved,,2025-03-11 13:33:20.467623+00:00
-79.0955555555555,36.0711111111111,2bf55dc212734c469cd90fe8d976fadf,USGS-02085000,00060,00003,2017-10-19,5.48,ft^3/s,Approved,,2025-03-11 13:33:20.467623+00:00
-79.0955555555555,36.0711111111111,2bf55dc212734c469cd90fe8d976fadf,USGS-02085000,00060,00003,2017-10-18,4.02,ft^3/s,Approved,,2025-03-11 13:33:20.467623+00:00
-79.0955555555555,36.0711111111111,2bf55dc212734c469cd90fe8d976fadf,USGS-02085000,00060,00003,2017-10-17,4.74,ft^3/s,Approved,,2025-03-11 13:33:20.467623+00:00
-79.0955555555555,36.0711111111111,2bf55dc212734c469cd90fe8d976fadf,USGS-02085000,00060,00003,2017-10-16,4.35,ft^3/s,Approved,,2025-03-11 13:33:20.467623+00:00
-79.0955555555555,36.0711111111111,2bf55dc212734c469cd90fe8d976fadf,USGS-02085000,00060,00003,2017-10-15,5.36,ft^3/s,Approved,,2025-03-11 13:33:20.467623+00:00
-79.0955555555555,36.0711111111111,2bf55dc212734c469cd90fe8d976fadf,USGS-02085000,00060,00003,2017-10-14,5.24,ft^3/s,Approved,,2025-03-11 13:33:20.467623+00:00
-79.0955555555555,36.0711111111111,2bf55dc212734c469cd90fe8d976fadf,USGS-02085000,00060,00003,2017-10-13,4.89,ft^3/s,Approved,,2025-03-11 13:33:20.467623+00:00
-79.0955555555555,36.0711111111111,2bf55dc212734c469cd90fe8d976fadf,USGS-02085000,00060,00003,2017-10-12,4.94,ft^3/s,Approved,,2025-03-11 13:33:20.467623+00:00
-79.0955555555555,36.0711111111111,2bf55dc212734c469cd90fe8d976fadf,USGS-02085000,00060,00003,2017-10-11,4.91,ft^3/s,Approved,,2025-03-11 13:33:20.467623+00:00
-79.0955555555555,36.0711111111111,2bf55dc212734c469cd90fe8d976fadf,USGS-02085000,00060,00003,2017-10-10,4.30,ft^3/s,Approved,,2025-03-11 13:33:20.467623+00:00
-79.0955555555555,36.0711111111111,2bf55dc212734c469cd90fe8d976fadf,USGS-02085000,00060,00003,2017-10-09,5.15,ft^3/s,Approved,,2025-03-11 13:33:20.467623+00:00
-79.0955555555555,36.0711111111111,2bf55dc212734c469cd90fe8d976fadf,USGS-02085000,00060,00003,2017-10-08,6.06,ft^3/s,Approved,,2025-03-11 13:33:20.467623+00:00
-79.0955555555555,36.0711111111111,2bf55dc212734c469cd90fe8d976fadf,USGS-02085000,00060,00003,2017-10-07,5.25,ft^3/s,Approved,,2025-03-11 13:33:20.467623+00:00
-79.0955555555555,36.0711111111111,2bf55dc212734c469cd90fe8d976fadf,USGS-02085000,00060,00003,2017-10-06,4.49,ft^3/s,Approved,,2025-03-11 13:33:20.467623+00:00
-79.0955555555555,36.0711111111111,2bf55dc212734c469cd90fe8d976fadf,USGS-02085000,00060,00003,2017-10-05,4.02,ft^3/s,Approved,,2025-03-11 13:33:20.467623+00:00
-79.0955555555555,36.0711111111111,2bf55dc212734c469cd90fe8d976fadf,USGS-02085000,00060,00003,2017-10-04,3.86,ft^3/s,Approved,,2025-03-11 13:33:20.467623+00:00
-79.0955555555555,36.0711111111111,2bf55dc212734c469cd90fe8d976fadf,USGS-02085000,00060,00003,2017-10-03,3.74,ft^3/s,Approved,,2025-03-11 13:33:20.467623+00:00
-79.0955555555555,36.0711111111111,2bf55dc212734c469cd90fe8d976fadf,USGS-02085000,00060,00003,2017-10-02,4.45,ft^3/s,Approved,,2025-03-11 13:33:20.467623+00:00
-79.0955555555555,36.0711111111111,2bf55dc212734c469cd90fe8d976fadf,USGS-02085000,00060,00003,2017-10-01,4.04,ft^3/s,Approved,,2025-03-11 13:33:20.467623+00:00
-79.0955555555555,36.0711111111111,2bf55dc212734c469cd90fe8d976fadf,USGS-02085000,00060,00003,2017-09-30,4.09,ft^3/s,Approved,,2025-03-11 13:33:20.467623+00:00
-79.0955555555555,36.0711111111111,2bf55dc212734c469cd90fe8d976fadf,USGS-02085000,00060,00003,2017-09-29,3.42,ft^3/s,Approved,,2025-03-11 13:33:20.467623+00:00
-79.0955555555555,36.0711111111111,2bf55dc212734c469cd90fe8d976fadf,USGS-02085000,00060,00003,2017-09-28,3.39,ft^3/s,Approved,,2025-03-11 13:33:20.467623+00:00
-79.0955555555555,36.0711111111111,2bf55dc212734c469cd90fe8d976fadf,USGS-02085000,00060,00003,2017-09-27,4.19,ft^3/s,Approved,,2025-03-11 13:33:20.467623+00:00
-79.0955555555555,36.0711111111111,2bf55dc212734c469cd90fe8d976fadf,USGS-02085000,00060,00003,2017-09-26,3.43,ft^3/s,Approved,,2025-03-11 13:33:20.467623+00:00
-79.0955555555555,36.0711111111111,2bf55dc212734c469cd90fe8d976fadf,USGS-02085000,00060,00003,2017-09-25,3.71,ft^3/s,Approved,,2025-03-11 13:33:20.467623+00:00
-79.0955555555555,36.0711111111111,2bf55dc212734c469cd90fe8d976fadf,USGS-02085000,00060,00003,2017-09-24,3.90,ft^3/s,Approved,,2025-03-11 13:33:20.467623+00:00
-79.0955555555555,36.0711111111111,2bf55dc212734c469cd90fe8d976fadf,USGS-02085000,00060,00003,2017-09-23,4.50,ft^3/s,Approved,,2025-03-11 13:33:20.467623+00:00
-79.0955555555555,36.0711111111111,2bf55dc212734c469cd90fe8d976fadf,USGS-02085000,00060,00003,2017-09-22,4.10,ft^3/s,Approved,,2025-03-11 13:33:20.467623+00:00
-79.0955555555555,36.0711111111111,2bf55dc212734c469cd90fe8d976fadf,USGS-02085000,00060,00003,2017-09-21,4.01,ft^3/s,Approved,,2025-03-11 13:33:20.467623+00:00
-79.0955555555555,36.0711111111111,2bf55dc212734c469cd90fe8d976fadf,USGS-02085000,00060,00003,2017-09-20,4.17,ft^3/s,Approved,,2025-03-11 13:33:20.467623+00:00
-79.0955555555555,36.0711111111111,2bf55dc212734c469cd90fe8d976fadf,USGS-02085000,00060,00003,2017-09-19,3.13,ft^3/s,Approved,,2025-03-11 13:33:20.467623+00:00
-79.0955555555555,36.0711111111111,2bf55dc212734c469cd90fe8d976fadf,USGS-02085000,00060,00003,2017-09-18,3.32,ft^3/s,Approved,,2025-03-11 13:33:20.467623+00:00
-79.0955555555555,36.0711111111111,2bf55dc212734c469cd90fe8d976fadf,USGS-02085000,00060,00003,2017-09-17,3.02,ft^3/s,Approved,,2025-03-11 13:33:20.467623+00:00
-79.0955555555555,36.0711111111111,2bf55dc212734c469cd90fe8d976fadf,USGS-02085000,00060,00003,2017-09-16,3.71,ft^3/s,Approved,,2025-03-11 13:33:20.467623+00:00
-79.0955555555555,36.0711111111111,2bf55dc212734c469cd90fe8d976fadf,USGS-02085000,00060,00003,2017-09-15,4.70,ft^3/s,Approved,,2025-03-11 13:33:20.467623+00:00
-79.0955555555555,36.0711111111111,2bf55dc212734c469cd90fe8d976fadf,USGS-02085000,00060,00003,2017-09-14,4.80,ft^3/s,Approved,,2025-03-11 13:33:20.467623+00:00
-79.0955555555555,36.0711111111111,2bf55dc212734c469cd90fe8d976fadf,USGS-02085000,00060,00003,2017-09-13,5.44,ft^3/s,Approved,,2025-03-11 13:33:20.467623+00:00
-79.0955555555555,36.0711111111111,2bf55dc212734c469cd90fe8d976fadf,USGS-02085000,00060,00003,2017-09-12,5.62,ft^3/s,Approved,,2025-03-11 13:33:20.467623+00:00
-79.0955555555555,36.0711111111111,2bf55dc212734c469cd90fe8d976fadf,USGS-02085000,00060,00003,2017-09-11,4.22,ft^3/s,Approved,,2025-03-11 13:33:20.467623+00:00
-79.0955555555555,36.0711111111111,2bf55dc212734c469cd90fe8d976fadf,USGS-02085000,00060,00003,2017-09-10,4.10,ft^3/s,Approved,,2025-03-11 13:33:20.467623+00:00
-79.0955555555555,36.0711111111111,2bf55dc212734c469cd90fe8d976fadf,USGS-02085000,00060,00003,2017-09-09,4.69,ft^3/s,Approved,,2025-03-11 13:33:20.467623+00:00
-79.0955555555555,36.0711111111111,2bf55dc212734c469cd90fe8d976fadf,USGS-02085000,00060,00003,2017-09-08,5.08,ft^3/s,Approved,,2025-03-11 13:33:20.467623+00:00
-79.0955555555555,36.0711111111111,2bf55dc212734c469cd90fe8d976fadf,USGS-02085000,00060,00003,2017-09-07,6.45,ft^3/s,Approved,,2025-03-11 13:33:20.467623+00:00
-79.0955555555555,36.0711111111111,2bf55dc212734c469cd90fe8d976fadf,USGS-02085000,00060,00003,2017-09-06,5.24,ft^3/s,Approved,,2025-03-11 13:33:20.467623+00:00
-79.0955555555555,36.0711111111111,2bf55dc212734c469cd90fe8d976fadf,USGS-02085000,00060,00003,2017-09-05,4.76,ft^3/s,Approved,,2025-03-11 13:33:20.467623+00:00
-79.0955555555555,36.0711111111111,2bf55dc212734c469cd90fe8d976fadf,USGS-02085000,00060,00003,2017-09-04,6.09,ft^3/s,Approved,,2025-03-11 13:33:20.467623+00:00
-79.0955555555555,36.0711111111111,2bf55dc212734c469cd90fe8d976fadf,USGS-02085000,00060,00003,2017-09-03,8.59,ft^3/s,Approved,,2025-03-11 13:33:20.467623+00:00
-79.0955555555555,36.0711111111111,2bf55dc212734c469cd90fe8d976fadf,USGS-02085000,00060,00003,2017-09-02,11.8,ft^3/s,Approved,,2025-03-11 13:33:20.467623+00:00
-79.0955555555555,36.0711111111111,2bf55dc212734c469cd90fe8d976fadf,USGS-02085000,00060,00003,2017-09-01,16.2,ft^3/s,Approved,,2025-03-11 13:33:20.467623+00:00
-79.0955555555555,36.0711111111111,2bf55dc212734c469cd90fe8d976fadf,USGS-02085000,00060,00003,2017-08-31,4.26,ft^3/s,Approved,,2025-03-11 13:33:20.467623+00:00
-79.0955555555555,36.0711111111111,2bf55dc212734c469cd90fe8d976fadf,USGS-02085000,00060,00003,2017-08-30,5.21,ft^3/s,Approved,,2025-03-11 13:33:20.467623+00:00
-79.0955555555555,36.0711111111111,2bf55dc212734c469cd90fe8d976fadf,USGS-02085000,00060,00003,2017-08-29,4.71,ft^3/s,Approved,,2025-03-11 13:33:20.467623+00:00
-79.0955555555555,36.0711111111111,2bf55dc212734c469cd90fe8d976fadf,USGS-02085000,00060,00003,2017-08-28,3.79,ft^3/s,Approved,,2025-03-11 13:33:20.467623+00:00
-79.0955555555555,36.0711111111111,2bf55dc212734c469cd90fe8d976fadf,USGS-02085000,00060,00003,2017-08-27,4.55,ft^3/s,Approved,,2025-03-11 13:33:20.467623+00:00
-79.0955555555555,36.0711111111111,2bf55dc212734c469cd90fe8d976fadf,USGS-02085000,00060,00003,2017-08-26,3.91,ft^3/s,Approved,,2025-03-11 13:33:20.467623+00:00
-79.0955555555555,36.0711111111111,2bf55dc212734c469cd90fe8d976fadf,USGS-02085000,00060,00003,2017-08-25,3.88,ft^3/s,Approved,,2025-03-11 13:33:20.467623+00:00
-79.0955555555555,36.0711111111111,2bf55dc212734c469cd90fe8d976fadf,USGS-02085000,00060,00003,2017-08-24,4.37,ft^3/s,Approved,,2025-03-11 13:33:20.467623+00:00
-79.0955555555555,36.0711111111111,2bf55dc212734c469cd90fe8d976fadf,USGS-02085000,00060,00003,2017-08-23,4.40,ft^3/s,Approved,,2025-03-11 13:33:20.467623+00:00
-79.0955555555555,36.0711111111111,2bf55dc212734c469cd90fe8d976fadf,USGS-02085000,00060,00003,2017-08-22,4.74,ft^3/s,Approved,,2025-03-11 13:33:20.467623+00:00
-79.0955555555555,36.0711111111111,2bf55dc212734c469cd90fe8d976fadf,USGS-02085000,00060,00003,2017-08-21,5.58,ft^3/s,Approved,,2025-03-11 13:33:20.467623+00:00
-79.0955555555555,36.0711111111111,2bf55dc212734c469cd90fe8d976fadf,USGS-02085000,00060,00003,2017-08-20,6.17,ft^3/s,Approved,,2025-03-11 13:33:20.467623+00:00
-79.0955555555555,36.0711111111111,2bf55dc212734c469cd90fe8d976fadf,USGS-02085000,00060,00003,2017-08-19,6.68,ft^3/s,Approved,,2025-03-11 13:33:20.467623+00:00
-79.0955555555555,36.0711111111111,2bf55dc212734c469cd90fe8d976fadf,USGS-02085000,00060,00003,2017-08-18,7.39,ft^3/s,Approved,,2025-03-11 13:33:20.467623+00:00
-79.0955555555555,36.0711111111111,2bf55dc212734c469cd90fe8d976fadf,USGS-02085000,00060,00003,2017-08-17,7.90,ft^3/s,Approved,,2025-03-11 13:33:20.467623+00:00
-79.0955555555555,36.0711111111111,2bf55dc212734c469cd90fe8d976fadf,USGS-02085000,00060,00003,2017-08-16,9.00,ft^3/s,Approved,,2025-03-11 13:33:20.467623+00:00
-79.0955555555555,36.0711111111111,2bf55dc212734c469cd90fe8d976fadf,USGS-02085000,00060,00003,2017-08-15,11.6,ft^3/s,Approved,,2025-03-11 13:33:20.467623+00:00
-79.0955555555555,36.0711111111111,2bf55dc212734c469cd90fe8d976fadf,USGS-02085000,00060,00003,2017-08-14,13.3,ft^3/s,Approved,,2025-03-11 13:33:20.467623+00:00
-79.0955555555555,36.0711111111111,2bf55dc212734c469cd90fe8d976fadf,USGS-02085000,00060,00003,2017-08-13,16.2,ft^3/s,Approved,,2025-03-11 13:33:20.467623+00:00
-79.0955555555555,36.0711111111111,2bf55dc212734c469cd90fe8d976fadf,USGS-02085000,00060,00003,2017-08-12,43.7,ft^3/s,Approved,,2025-03-11 13:33:20.467623+00:00
-79.0955555555555,36.0711111111111,2bf55dc212734c469cd90fe8d976fadf,USGS-02085000,00060,00003,2017-08-11,10.2,ft^3/s,Approved,,2025-03-11 13:33:20.467623+00:00
-79.0955555555555,36.0711111111111,2bf55dc212734c469cd90fe8d976fadf,USGS-02085000,00060,00003,2017-08-10,9.69,ft^3/s,Approved,,2025-03-11 13:33:20.467623+00:00
-79.0955555555555,36.0711111111111,2bf55dc212734c469cd90fe8d976fadf,USGS-02085000,00060,00003,2017-08-09,13.1,ft^3/s,Approved,,2025-03-11 13:33:20.467623+00:00
-79.0955555555555,36.0711111111111,2bf55dc212734c469cd90fe8d976fadf,USGS-02085000,00060,00003,2017-08-08,14.3,ft^3/s,Approved,,2025-03-11 13:33:20.467623+00:00
-79.0955555555555,36.0711111111111,2bf55dc212734c469cd90fe8d976fadf,USGS-02085000,00060,00003,2017-08-07,6.25,ft^3/s,Approved,,2025-03-11 13:33:20.467623+00:00
-79.0955555555555,36.0711111111111,2bf55dc212734c469cd90fe8d976fadf,USGS-02085000,00060,00003,2017-08-06,5.82,ft^3/s,Approved,,2025-03-11 13:33:20.467623+00:00
-79.0955555555555,36.0711111111111,2bf55dc212734c469cd90fe8d976fadf,USGS-02085000,00060,00003,2017-08-05,6.03,ft^3/s,Approved,,2025-03-11 13:33:20.467623+00:00
-79.0955555555555,36.0711111111111,2bf55dc212734c469cd90fe8d976fadf,USGS-02085000,00060,00003,2017-08-04,5.90,ft^3/s,Approved,,2025-03-11 13:33:20.467623+00:00
-79.0955555555555,36.0711111111111,2bf55dc212734c469cd90fe8d976fadf,USGS-02085000,00060,00003,2017-08-03,6.50,ft^3/s,Approved,,2025-03-11 13:33:20.467623+00:00
-79.0955555555555,36.0711111111111,2bf55dc212734c469cd90fe8d976fadf,USGS-02085000,00060,00003,2017-08-02,6.87,ft^3/s,Approved,,2025-03-11 13:33:20.467623+00:00
-79.0955555555555,36.0711111111111,2bf55dc212734c469cd90fe8d976fadf,USGS-02085000,00060,00003,2017-08-01,8.21,ft^3/s,Approved,,2025-03-11 13:33:20.467623+00:00
-79.0955555555555,36.0711111111111,2bf55dc212734c469cd90fe8d976fadf,USGS-02085000,00060,00003,2017-07-31,9.60,ft^3/s,Approved,,2025-03-11 13:33:20.467623+00:00
-79.0955555555555,36.0711111111111,2bf55dc212734c469cd90fe8d976fadf,USGS-02085000,00060,00003,2017-07-30,13.7,ft^3/s,Approved,,2025-03-11 13:33:20.467623+00:00
-79.0955555555555,36.0711111111111,2bf55dc212734c469cd90fe8d976fadf,USGS-02085000,00060,00003,2017-07-29,19.2,ft^3/s,Approved,,2025-03-11 13:33:20.467623+00:00
-79.0955555555555,36.0711111111111,2bf55dc212734c469cd90fe8d976fadf,USGS-02085000,00060,00003,2017-07-28,19.6,ft^3/s,Approved,,2025-03-11 13:33:20.467623+00:00
-79.0955555555555,36.0711111111111,2bf55dc212734c469cd90fe8d976fadf,USGS-02085000,00060,00003,2017-07-27,10.8,ft^3/s,Approved,,2025-03-11 13:33:20.467623+00:00
-79.0955555555555,36.0711111111111,2bf55dc212734c469cd90fe8d976fadf,USGS-02085000,00060,00003,2017-07-26,8.10,ft^3/s,Approved,,2025-03-11 13:33:20.467623+00:00
-79.0955555555555,36.0711111111111,2bf55dc212734c469cd90fe8d976fadf,USGS-02085000,00060,00003,2017-07-25,8.73,ft^3/s,Approved,,2025-03-11 13:33:20.467623+00:00
-79.0955555555555,36.0711111111111,2bf55dc212734c469cd90fe8d976fadf,USGS-02085000,00060,00003,2017-07-24,7.99,ft^3/s,Approved,,2025-03-11 13:33:20.467623+00:00
-79.0955555555555,36.0711111111111,2bf55dc212734c469cd90fe8d976fadf,USGS-02085000,00060,00003,2017-07-23,4.95,ft^3/s,Approved,,2025-03-11 13:33:20.467623+00:00
-79.0955555555555,36.0711111111111,2bf55dc212734c469cd90fe8d976fadf,USGS-02085000,00060,00003,2017-07-22,6.30,ft^3/s,Approved,,2025-03-11 13:33:20.467623+00:00
-79.0955555555555,36.0711111111111,2bf55dc212734c469cd90fe8d976fadf,USGS-02085000,00060,00003,2017-07-21,6.88,ft^3/s,Approved,,2025-03-11 13:33:20.467623+00:00
-79.0955555555555,36.0711111111111,2bf55dc212734c469cd90fe8d976fadf,USGS-02085000,00060,00003,2017-07-20,9.69,ft^3/s,Approved,,2025-03-11 13:33:20.467623+00:00
-79.0955555555555,36.0711111111111,2bf55dc212734c469cd90fe8d976fadf,USGS-02085000,00060,00003,2017-07-19,13.2,ft^3/s,Approved,,2025-03-11 13:33:20.467623+00:00
-79.0955555555555,36.0711111111111,2bf55dc212734c469cd90fe8d976fadf,USGS-02085000,00060,00003,2017-07-18,7.72,ft^3/s,Approved,,2025-03-11 13:33:20.467623+00:00
-79.0955555555555,36.0711111111111,2bf55dc212734c469cd90fe8d976fadf,USGS-02085000,00060,00003,2017-07-17,8.84,ft^3/s,Approved,,2025-03-11 13:33:20.467623+00:00
-79.0955555555555,36.0711111111111,2bf55dc212734c469cd90fe8d976fadf,USGS-02085000,00060,00003,2017-07-16,11.2,ft^3/s,Approved,,2025-03-11 13:33:20.467623+00:00
-79.0955555555555,36.0711111111111,2bf55dc212734c469cd90fe8d976fadf,USGS-02085000,00060,00003,2017-07-15,15.4,ft^3/s,Approved,,2025-03-11 13:33:20.467623+00:00
-79.0955555555555,36.0711111111111,2bf55dc212734c469cd90fe8d976fadf,USGS-02085000,00060,00003,2017-07-14,20.7,ft^3/s,Approved,,2025-03-11 13:33:20.467623+00:00
-79.0955555555555,36.0711111111111,2bf55dc212734c469cd90fe8d976fadf,USGS-02085000,00060,00003,2017-07-13,10.6,ft^3/s,Approved,,2025-03-11 13:33:20.467623+00:00
-79.0955555555555,36.0711111111111,2bf55dc212734c469cd90fe8d976fadf,USGS-02085000,00060,00003,2017-07-12,13.0,ft^3/s,Approved,,2025-03-11 13:33:20.467623+00:00
-79.0955555555555,36.0711111111111,2bf55dc212734c469cd90fe8d976fadf,USGS-02085000,00060,00003,2017-07-11,16.3,ft^3/s,Approved,,2025-03-11 13:33:20.467623+00:00
-79.0955555555555,36.0711111111111,2bf55dc212734c469cd90fe8d976fadf,USGS-02085000,00060,00003,2017-07-10,23.8,ft^3/s,Approved,,2025-03-11 13:33:20.467623+00:00
-79.0955555555555,36.0711111111111,2bf55dc212734c469cd90fe8d976fadf,USGS-02085000,00060,00003,2017-07-09,52.2,ft^3/s,Approved,,2025-03-11 13:33:20.467623+00:00
-79.0955555555555,36.0711111111111,2bf55dc212734c469cd90fe8d976fadf,USGS-02085000,00060,00003,2017-07-08,17.2,ft^3/s,Approved,,2025-03-11 13:33:20.467623+00:00
-79.0955555555555,36.0711111111111,2bf55dc212734c469cd90fe8d976fadf,USGS-02085000,00060,00003,2017-07-07,22.8,ft^3/s,Approved,,2025-03-11 13:33:20.467623+00:00
-79.0955555555555,36.0711111111111,2bf55dc212734c469cd90fe8d976fadf,USGS-02085000,00060,00003,2017-07-06,39.7,ft^3/s,Approved,,2025-03-11 13:33:20.467623+00:00
-79.0955555555555,36.0711111111111,2bf55dc212734c469cd90fe8d976fadf,USGS-02085000,00060,00003,2017-07-05,24.2,ft^3/s,Approved,,2025-03-11 13:33:20.467623+00:00
-79.0955555555555,36.0711111111111,2bf55dc212734c469cd90fe8d976fadf,USGS-02085000,00060,00003,2017-07-04,21.8,ft^3/s,Approved,,2025-03-11 13:33:20.467623+00:00
-79.0955555555555,36.0711111111111,2bf55dc212734c469cd90fe8d976fadf,USGS-02085000,00060,00003,2017-07-03,25.7,ft^3/s,Approved,,2025-03-11 13:33:20.467623+00:00
-79.0955555555555,36.0711111111111,2bf55dc212734c469cd90fe8d976fadf,USGS-02085000,00060,00003,2017-07-02,29.7,ft^3/s,Approved,,2025-03-11 13:33:20.467623+00:00
-79.0955555555555,36.0711111111111,2bf55dc212734c469cd90fe8d976fadf,USGS-02085000,00060,00003,2017-07-01,34.2,ft^3/s,Approved,,2025-03-11 13:33:20.467623+00:00
-79.0955555555555,36.0711111111111,2bf55dc212734c469cd90fe8d976fadf,USGS-02085000,00060,00003,2017-06-30,31.9,ft^3/s,Approved,,2025-03-11 13:33:20.467623+00:00
-79.0955555555555,36.0711111111111,2bf55dc212734c469cd90fe8d976fadf,USGS-02085000,00060,00003,2017-06-29,33.3,ft^3/s,Approved,,2025-03-11 13:33:20.467623+00:00
-79.0955555555555,36.0711111111111,2bf55dc212734c469cd90fe8d976fadf,USGS-02085000,00060,00003,2017-06-28,40.4,ft^3/s,Approved,,2025-03-11 13:33:20.467623+00:00
-79.0955555555555,36.0711111111111,2bf55dc212734c469cd90fe8d976fadf,USGS-02085000,00060,00003,2017-06-27,54.2,ft^3/s,Approved,,2025-03-11 13:33:20.467623+00:00
-79.0955555555555,36.0711111111111,2bf55dc212734c469cd90fe8d976fadf,USGS-02085000,00060,00003,2017-06-26,87.9,ft^3/s,Approved,,2025-03-11 13:33:20.467623+00:00
-79.0955555555555,36.0711111111111,2bf55dc212734c469cd90fe8d976fadf,USGS-02085000,00060,00003,2017-06-25,199,ft^3/s,Approved,,2025-03-11 13:33:20.467623+00:00
-79.0955555555555,36.0711111111111,2bf55dc212734c469cd90fe8d976fadf,USGS-02085000,00060,00003,2017-06-24,206,ft^3/s,Approved,,2025-03-11 13:33:20.467623+00:00
-79.0955555555555,36.0711111111111,2bf55dc212734c469cd90fe8d976fadf,USGS-02085000,00060,00003,2017-06-23,84.4,ft^3/s,Approved,,2025-03-11 13:33:20.467623+00:00
-79.0955555555555,36.0711111111111,2bf55dc212734c469cd90fe8d976fadf,USGS-02085000,00060,00003,2017-06-22,141,ft^3/s,Approved,,2025-03-11 13:33:20.467623+00:00
-79.0955555555555,36.0711111111111,2bf55dc212734c469cd90fe8d976fadf,USGS-02085000,00060,00003,2017-06-21,324,ft^3/s,Approved,,2025-03-11 13:33:20.467623+00:00
-79.0955555555555,36.0711111111111,2bf55dc212734c469cd90fe8d976fadf,USGS-02085000,00060,00003,2017-06-20,2290,ft^3/s,Approved,,2025-03-11 13:33:20.467623+00:00
-79.0955555555555,36.0711111111111,2bf55dc212734c469cd90fe8d976fadf,USGS-02085000,00060,00003,2017-06-19,109,ft^3/s,Approved,,2025-03-11 13:33:20.467623+00:00
-79.0955555555555,36.0711111111111,2bf55dc212734c469cd90fe8d976fadf,USGS-02085000,00060,00003,2017-06-18,29.4,ft^3/s,Approved,,2025-03-11 13:33:20.467623+00:00
-79.0955555555555,36.0711111111111,2bf55dc212734c469cd90fe8d976fadf,USGS-02085000,00060,00003,2017-06-17,30.9,ft^3/s,Approved,,2025-03-11 13:33:20.467623+00:00
-79.0955555555555,36.0711111111111,2bf55dc212734c469cd90fe8d976fadf,USGS-02085000,00060,00003,2017-06-16,16.9,ft^3/s,Approved,,2025-03-11 13:33:20.467623+00:00
-79.0955555555555,36.0711111111111,2bf55dc212734c469cd90fe8d976fadf,USGS-02085000,00060,00003,2017-06-15,15.3,ft^3/s,Approved,,2025-03-11 13:33:20.467623+00:00
-79.0955555555555,36.0711111111111,2bf55dc212734c469cd90fe8d976fadf,USGS-02085000,00060,00003,2017-06-14,16.4,ft^3/s,Approved,,2025-03-11 13:33:20.467623+00:00
-79.0955555555555,36.0711111111111,2bf55dc212734c469cd90fe8d976fadf,USGS-02085000,00060,00003,2017-06-13,17.9,ft^3/s,Approved,,2025-03-11 13:33:20.467623+00:00
-79.0955555555555,36.0711111111111,2bf55dc212734c469cd90fe8d976fadf,USGS-02085000,00060,00003,2017-06-12,19.7,ft^3/s,Approved,,2025-03-11 13:33:20.467623+00:00
-79.0955555555555,36.0711111111111,2bf55dc212734c469cd90fe8d976fadf,USGS-02085000,00060,00003,2017-06-11,21.7,ft^3/s,Approved,,2025-03-11 13:33:20.467623+00:00
-79.0955555555555,36.0711111111111,2bf55dc212734c469cd90fe8d976fadf,USGS-02085000,00060,00003,2017-06-10,25.5,ft^3/s,Approved,,2025-03-11 13:33:20.467623+00:00
-79.0955555555555,36.0711111111111,2bf55dc212734c469cd90fe8d976fadf,USGS-02085000,00060,00003,2017-06-09,29.8,ft^3/s,Approved,,2025-03-11 13:33:20.467623+00:00
-79.0955555555555,36.0711111111111,2bf55dc212734c469cd90fe8d976fadf,USGS-02085000,00060,00003,2017-06-08,37.4,ft^3/s,Approved,,2025-03-11 13:33:20.467623+00:00
-79.0955555555555,36.0711111111111,2bf55dc212734c469cd90fe8d976fadf,USGS-02085000,00060,00003,2017-06-07,58.0,ft^3/s,Approved,,2025-03-11 13:33:20.467623+00:00
-79.0955555555555,36.0711111111111,2bf55dc212734c469cd90fe8d976fadf,USGS-02085000,00060,00003,2017-06-06,141,ft^3/s,Approved,,2025-03-11 13:33:20.467623+00:00
-79.0955555555555,36.0711111111111,2bf55dc212734c469cd90fe8d976fadf,USGS-02085000,00060,00003,2017-06-05,123,ft^3/s,Approved,,2025-03-11 13:33:20.467623+00:00
-79.0955555555555,36.0711111111111,2bf55dc212734c469cd90fe8d976fadf,USGS-02085000,00060,00003,2017-06-04,24.1,ft^3/s,Approved,,2025-03-11 13:33:20.467623+00:00
-79.0955555555555,36.0711111111111,2bf55dc212734c469cd90fe8d976fadf,USGS-02085000,00060,00003,2017-06-03,26.4,ft^3/s,Approved,,2025-03-11 13:33:20.467623+00:00
-79.0955555555555,36.0711111111111,2bf55dc212734c469cd90fe8d976fadf,USGS-02085000,00060,00003,2017-06-02,31.2,ft^3/s,Approved,,2025-03-11 13:33:20.467623+00:00
-79.0955555555555,36.0711111111111,2bf55dc212734c469cd90fe8d976fadf,USGS-02085000,00060,00003,2017-06-01,35.4,ft^3/s,Approved,,2025-03-11 13:33:20.467623+00:00
-79.0955555555555,36.0711111111111,2bf55dc212734c469cd90fe8d976fadf,USGS-02085000,00060,00003,2017-05-31,46.8,ft^3/s,Approved,,2025-03-11 13:33:20.467623+00:00
-79.0955555555555,36.0711111111111,2bf55dc212734c469cd90fe8d976fadf,USGS-02085000,00060,00003,2017-05-30,60.7,ft^3/s,Approved,,2025-03-11 13:33:20.467623+00:00
-79.0955555555555,36.0711111111111,2bf55dc212734c469cd90fe8d976fadf,USGS-02085000,00060,00003,2017-05-29,72.7,ft^3/s,Approved,,2025-03-11 13:33:20.467623+00:00
-79.0955555555555,36.0711111111111,2bf55dc212734c469cd90fe8d976fadf,USGS-02085000,00060,00003,2017-05-28,101,ft^3/s,Approved,,2025-03-11 13:33:20.467623+00:00
-79.0955555555555,36.0711111111111,2bf55dc212734c469cd90fe8d976fadf,USGS-02085000,00060,00003,2017-05-27,108,ft^3/s,Approved,,2025-03-11 13:33:20.467623+00:00
-79.0955555555555,36.0711111111111,2bf55dc212734c469cd90fe8d976fadf,USGS-02085000,00060,00003,2017-05-26,229,ft^3/s,Approved,,2025-03-11 13:33:20.467623+00:00
-79.0955555555555,36.0711111111111,2bf55dc212734c469cd90fe8d976fadf,USGS-02085000,00060,00003,2017-05-25,776,ft^3/s,Approved,,2025-03-11 13:33:20.467623+00:00
-79.0955555555555,36.0711111111111,2bf55dc212734c469cd90fe8d976fadf,USGS-02085000,00060,00003,2017-05-24,290,ft^3/s,Approved,,2025-03-11 13:33:20.467623+00:00
-79.0955555555555,36.0711111111111,2bf55dc212734c469cd90fe8d976fadf,USGS-02085000,00060,00003,2017-05-23,173,ft^3/s,Approved,,2025-03-11 13:33:20.467623+00:00
-79.0955555555555,36.0711111111111,2bf55dc212734c469cd90fe8d976fadf,USGS-02085000,00060,00003,2017-05-22,45.1,ft^3/s,Approved,,2025-03-11 13:33:20.467623+00:00
-79.0955555555555,36.0711111111111,2bf55dc212734c469cd90fe8d976fadf,USGS-02085000,00060,00003,2017-05-21,46.4,ft^3/s,Approved,,2025-03-11 13:33:20.467623+00:00
-79.0955555555555,36.0711111111111,2bf55dc212734c469cd90fe8d976fadf,USGS-02085000,00060,00003,2017-05-20,124,ft^3/s,Approved,,2025-03-11 13:33:20.467623+00:00
-79.0955555555555,36.0711111111111,2bf55dc212734c469cd90fe8d976fadf,USGS-02085000,00060,00003,2017-05-19,43.4,ft^3/s,Approved,,2025-03-11 13:33:20.467623+00:00
-79.0955555555555,36.0711111111111,2bf55dc212734c469cd90fe8d976fadf,USGS-02085000,00060,00003,2017-05-18,24.1,ft^3/s,Approved,,2025-03-11 13:33:20.467623+00:00
-79.0955555555555,36.0711111111111,2bf55dc212734c469cd90fe8d976fadf,USGS-02085000,00060,00003,2017-05-17,28.2,ft^3/s,Approved,,2025-03-11 13:33:20.467623+00:00
-79.0955555555555,36.0711111111111,2bf55dc212734c469cd90fe8d976fadf,USGS-02085000,00060,00003,2017-05-16,36.6,ft^3/s,Approved,,2025-03-11 13:33:20.467623+00:00
-79.0955555555555,36.0711111111111,2bf55dc212734c469cd90fe8d976fadf,USGS-02085000,00060,00003,2017-05-15,50.2,ft^3/s,Approved,,2025-03-11 13:33:20.467623+00:00
-79.0955555555555,36.0711111111111,2bf55dc212734c469cd90fe8d976fadf,USGS-02085000,00060,00003,2017-05-14,80.0,ft^3/s,Approved,,2025-03-11 13:33:20.467623+00:00
-79.0955555555555,36.0711111111111,2bf55dc212734c469cd90fe8d976fadf,USGS-02085000,00060,00003,2017-05-13,122,ft^3/s,Approved,,2025-03-11 13:33:20.467623+00:00
-79.0955555555555,36.0711111111111,2bf55dc212734c469cd90fe8d976fadf,USGS-02085000,00060,00003,2017-05-12,155,ft^3/s,Approved,,2025-03-11 13:33:20.467623+00:00
-79.0955555555555,36.0711111111111,2bf55dc212734c469cd90fe8d976fadf,USGS-02085000,00060,00003,2017-05-11,50.3,ft^3/s,Approved,,2025-03-11 13:33:20.467623+00:00
-79.0955555555555,36.0711111111111,2bf55dc212734c469cd90fe8d976fadf,USGS-02085000,00060,00003,2017-05-10,57.1,ft^3/s,Approved,,2025-03-11 13:33:20.467623+00:00
-79.0955555555555,36.0711111111111,2bf55dc212734c469cd90fe8d976fadf,USGS-02085000,00060,00003,2017-05-09,40.4,ft^3/s,Approved,,2025-03-11 13:33:20.467623+00:00
-79.0955555555555,36.0711111111111,2bf55dc212734c469cd90fe8d976fadf,USGS-02085000,00060,00003,2017-05-08,52.7,ft^3/s,Approved,,2025-03-11 13:33:20.467623+00:00
-79.0955555555555,36.0711111111111,2bf55dc212734c469cd90fe8d976fadf,USGS-02085000,00060,00003,2017-05-07,86.1,ft^3/s,Approved,,2025-03-11 13:33:20.467623+00:00
-79.0955555555555,36.0711111111111,2bf55dc212734c469cd90fe8d976fadf,USGS-02085000,00060,00003,2017-05-06,186,ft^3/s,Approved,,2025-03-11 13:33:20.467623+00:00
-79.0955555555555,36.0711111111111,2bf55dc212734c469cd90fe8d976fadf,USGS-02085000,00060,00003,2017-05-05,422,ft^3/s,Approved,,2025-03-11 13:33:20.467623+00:00
-79.0955555555555,36.0711111111111,2bf55dc212734c469cd90fe8d976fadf,USGS-02085000,00060,00003,2017-05-04,38.9,ft^3/s,Approved,,2025-03-11 13:33:20.467623+00:00
-79.0955555555555,36.0711111111111,2bf55dc212734c469cd90fe8d976fadf,USGS-02085000,00060,00003,2017-05-03,47.5,ft^3/s,Approved,,2025-03-11 13:33:20.467623+00:00
-79.0955555555555,36.0711111111111,2bf55dc212734c469cd90fe8d976fadf,USGS-02085000,00060,00003,2017-05-02,73.3,ft^3/s,Approved,,2025-03-11 13:33:20.467623+00:00
-79.0955555555555,36.0711111111111,2bf55dc212734c469cd90fe8d976fadf,USGS-02085000,00060,00003,2017-05-01,55.5,ft^3/s,Approved,,2025-03-11 13:33:20.467623+00:00
-79.0955555555555,36.0711111111111,2bf55dc212734c469cd90fe8d976fadf,USGS-02085000,00060,00003,2017-04-30,66.7,ft^3/s,Approved,,2025-03-11 13:33:20.467623+00:00
-79.0955555555555,36.0711111111111,2bf55dc212734c469cd90fe8d976fadf,USGS-02085000,00060,00003,2017-04-29,98.5,ft^3/s,Approved,,2025-03-11 13:33:20.467623+00:00
-79.0955555555555,36.0711111111111,2bf55dc212734c469cd90fe8d976fadf,USGS-02085000,00060,00003,2017-04-28,221,ft^3/s,Approved,,2025-03-11 13:33:20.467623+00:00
-79.0955555555555,36.0711111111111,2bf55dc212734c469cd90fe8d976fadf,USGS-02085000,00060,00003,2017-04-27,349,ft^3/s,Approved,,2025-03-11 13:33:20.467623+00:00
-79.0955555555555,36.0711111111111,2bf55dc212734c469cd90fe8d976fadf,USGS-02085000,00060,00003,2017-04-26,681,ft^3/s,Approved,,2025-03-11 13:33:20.467623+00:00
-79.0955555555555,36.0711111111111,2bf55dc212734c469cd90fe8d976fadf,USGS-02085000,00060,00003,2017-04-25,3270,ft^3/s,Approved,,2025-03-11 13:33:20.467623+00:00
-79.0955555555555,36.0711111111111,2bf55dc212734c469cd90fe8d976fadf,USGS-02085000,00060,00003,2017-04-24,713,ft^3/s,Approved,,2025-03-11 13:33:20.467623+00:00
-79.0955555555555,36.0711111111111,2bf55dc212734c469cd90fe8d976fadf,USGS-02085000,00060,00003,2017-04-23,43.7,ft^3/s,Approved,,2025-03-11 13:33:20.467623+00:00
-79.0955555555555,36.0711111111111,2bf55dc212734c469cd90fe8d976fadf,USGS-02085000,00060,00003,2017-04-22,19.9,ft^3/s,Approved,,2025-03-11 13:33:20.467623+00:00
-79.0955555555555,36.0711111111111,2bf55dc212734c469cd90fe8d976fadf,USGS-02085000,00060,00003,2017-04-21,14.9,ft^3/s,Approved,,2025-03-11 13:33:20.467623+00:00
-79.0955555555555,36.0711111111111,2bf55dc212734c469cd90fe8d976fadf,USGS-02085000,00060,00003,2017-04-20,15.2,ft^3/s,Approved,,2025-03-11 13:33:20.467623+00:00
-79.0955555555555,36.0711111111111,2bf55dc212734c469cd90fe8d976fadf,USGS-02085000,00060,00003,2017-04-19,14.4,ft^3/s,Approved,,2025-03-11 13:33:20.467623+00:00
-79.0955555555555,36.0711111111111,2bf55dc212734c469cd90fe8d976fadf,USGS-02085000,00060,00003,2017-04-18,14.7,ft^3/s,Approved,,2025-03-11 13:33:20.467623+00:00
-79.0955555555555,36.0711111111111,2bf55dc212734c469cd90fe8d976fadf,USGS-02085000,00060,00003,2017-04-17,15.3,ft^3/s,Approved,,2025-03-11 13:33:20.467623+00:00
-79.0955555555555,36.0711111111111,2bf55dc212734c469cd90fe8d976fadf,USGS-02085000,00060,00003,2017-04-16,16.4,ft^3/s,Approved,,2025-03-11 13:33:20.467623+00:00
-79.0955555555555,36.0711111111111,2bf55dc212734c469cd90fe8d976fadf,USGS-02085000,00060,00003,2017-04-15,18.1,ft^3/s,Approved,,2025-03-11 13:33:20.467623+00:00
-79.0955555555555,36.0711111111111,2bf55dc212734c469cd90fe8d976fadf,USGS-02085000,00060,00003,2017-04-14,19.2,ft^3/s,Approved,,2025-03-11 13:33:20.467623+00:00
-79.0955555555555,36.0711111111111,2bf55dc212734c469cd90fe8d976fadf,USGS-02085000,00060,00003,2017-04-13,21.7,ft^3/s,Approved,,2025-03-11 13:33:20.467623+00:00
-79.0955555555555,36.0711111111111,2bf55dc212734c469cd90fe8d976fadf,USGS-02085000,00060,00003,2017-04-12,24.1,ft^3/s,Approved,,2025-03-11 13:33:20.467623+00:00
-79.0955555555555,36.0711111111111,2bf55dc212734c469cd90fe8d976fadf,USGS-02085000,00060,00003,2017-04-11,27.2,ft^3/s,Approved,,2025-03-11 13:33:20.467623+00:00
-79.0955555555555,36.0711111111111,2bf55dc212734c469cd90fe8d976fadf,USGS-02085000,00060,00003,2017-04-10,32.2,ft^3/s,Approved,,2025-03-11 13:33:20.467623+00:00
-79.0955555555555,36.0711111111111,2bf55dc212734c469cd90fe8d976fadf,USGS-02085000,00060,00003,2017-04-09,41.0,ft^3/s,Approved,,2025-03-11 13:33:20.467623+00:00
-79.0955555555555,36.0711111111111,2bf55dc212734c469cd90fe8d976fadf,USGS-02085000,00060,00003,2017-04-08,59.6,ft^3/s,Approved,,2025-03-11 13:33:20.467623+00:00
-79.0955555555555,36.0711111111111,2bf55dc212734c469cd90fe8d976fadf,USGS-02085000,00060,00003,2017-04-07,115,ft^3/s,Approved,,2025-03-11 13:33:20.467623+00:00
-79.0955555555555,36.0711111111111,2bf55dc212734c469cd90fe8d976fadf,USGS-02085000,00060,00003,2017-04-06,182,ft^3/s,Approved,,2025-03-11 13:33:20.467623+00:00
-79.0955555555555,36.0711111111111,2bf55dc212734c469cd90fe8d976fadf,USGS-02085000,00060,00003,2017-04-05,60.5,ft^3/s,Approved,,2025-03-11 13:33:20.467623+00:00
-79.0955555555555,36.0711111111111,2bf55dc212734c469cd90fe8d976fadf,USGS-02085000,00060,00003,2017-04-04,99.2,ft^3/s,Approved,,2025-03-11 13:33:20.467623+00:00
-79.0955555555555,36.0711111111111,2bf55dc212734c469cd90fe8d976fadf,USGS-02085000,00060,00003,2017-04-03,40.4,ft^3/s,Approved,,2025-03-11 13:33:20.467623+00:00
-79.0955555555555,36.0711111111111,2bf55dc212734c469cd90fe8d976fadf,USGS-02085000,00060,00003,2017-04-02,53.2,ft^3/s,Approved,,2025-03-11 13:33:20.467623+00:00
-79.0955555555555,36.0711111111111,2bf55dc212734c469cd90fe8d976fadf,USGS-02085000,00060,00003,2017-04-01,114,ft^3/s,Approved,,2025-03-11 13:33:20.467623+00:00
-79.0955555555555,36.0711111111111,2bf55dc212734c469cd90fe8d976fadf,USGS-02085000,00060,00003,2017-03-31,119,ft^3/s,Approved,,2025-03-11 13:33:20.467623+00:00
-79.0955555555555,36.0711111111111,2bf55dc212734c469cd90fe8d976fadf,USGS-02085000,00060,00003,2017-03-30,15.6,ft^3/s,Approved,,2025-03-11 13:33:20.467623+00:00
-79.0955555555555,36.0711111111111,2bf55dc212734c469cd90fe8d976fadf,USGS-02085000,00060,00003,2017-03-29,18.7,ft^3/s,Approved,,2025-03-11 13:33:20.467623+00:00
-79.0955555555555,36.0711111111111,2bf55dc212734c469cd90fe8d976fadf,USGS-02085000,00060,00003,2017-03-28,18.1,ft^3/s,Approved,,2025-03-11 13:33:20.467623+00:00
-79.0955555555555,36.0711111111111,2bf55dc212734c469cd90fe8d976fadf,USGS-02085000,00060,00003,2017-03-27,16.1,ft^3/s,Approved,,2025-03-11 13:33:20.467623+00:00
-79.0955555555555,36.0711111111111,2bf55dc212734c469cd90fe8d976fadf,USGS-02085000,00060,00003,2017-03-26,16.0,ft^3/s,Approved,,2025-03-11 13:33:20.467623+00:00
-79.0955555555555,36.0711111111111,2bf55dc212734c469cd90fe8d976fadf,USGS-02085000,00060,00003,2017-03-25,15.3,ft^3/s,Approved,,2025-03-11 13:33:20.467623+00:00
-79.0955555555555,36.0711111111111,2bf55dc212734c469cd90fe8d976fadf,USGS-02085000,00060,00003,2017-03-24,13.7,ft^3/s,Approved,,2025-03-11 13:33:20.467623+00:00
-79.0955555555555,36.0711111111111,2bf55dc212734c469cd90fe8d976fadf,USGS-02085000,00060,00003,2017-03-23,16.9,ft^3/s,Approved,,2025-03-11 13:33:20.467623+00:00
-79.0955555555555,36.0711111111111,2bf55dc212734c469cd90fe8d976fadf,USGS-02085000,00060,00003,2017-03-22,18.2,ft^3/s,Approved,,2025-03-11 13:33:20.467623+00:00
-79.0955555555555,36.0711111111111,2bf55dc212734c469cd90fe8d976fadf,USGS-02085000,00060,00003,2017-03-21,17.2,ft^3/s,Approved,,2025-03-11 13:33:20.467623+00:00
-79.0955555555555,36.0711111111111,2bf55dc212734c469cd90fe8d976fadf,USGS-02085000,00060,00003,2017-03-20,18.6,ft^3/s,Approved,,2025-03-11 13:33:20.467623+00:00
-79.0955555555555,36.0711111111111,2bf55dc212734c469cd90fe8d976fadf,USGS-02085000,00060,00003,2017-03-19,22.8,ft^3/s,Approved,,2025-03-11 13:33:20.467623+00:00
-79.0955555555555,36.0711111111111,2bf55dc212734c469cd90fe8d976fadf,USGS-02085000,00060,00003,2017-03-18,20.6,ft^3/s,Approved,,2025-03-11 13:33:20.467623+00:00
-79.0955555555555,36.0711111111111,2bf55dc212734c469cd90fe8d976fadf,USGS-02085000,00060,00003,2017-03-17,16.7,ft^3/s,Approved,,2025-03-11 13:33:20.467623+00:00
-79.0955555555555,36.0711111111111,2bf55dc212734c469cd90fe8d976fadf,USGS-02085000,00060,00003,2017-03-16,19.4,ft^3/s,Approved,,2025-03-11 13:33:20.467623+00:00
-79.0955555555555,36.0711111111111,2bf55dc212734c469cd90fe8d976fadf,USGS-02085000,00060,00003,2017-03-15,27.2,ft^3/s,Approved,,2025-03-11 13:33:20.467623+00:00
-79.0955555555555,36.0711111111111,2bf55dc212734c469cd90fe8d976fadf,USGS-02085000,00060,00003,2017-03-14,28.0,ft^3/s,Approved,,2025-03-11 13:33:20.467623+00:00
-79.0955555555555,36.0711111111111,2bf55dc212734c469cd90fe8d976fadf,USGS-02085000,00060,00003,2017-03-13,15.4,ft^3/s,Approved,,2025-03-11 13:33:20.467623+00:00
-79.0955555555555,36.0711111111111,2bf55dc212734c469cd90fe8d976fadf,USGS-02085000,00060,00003,2017-03-12,15.8,ft^3/s,Approved,,2025-03-11 13:33:20.467623+00:00
-79.0955555555555,36.0711111111111,2bf55dc212734c469cd90fe8d976fadf,USGS-02085000,00060,00003,2017-03-11,16.6,ft^3/s,Approved,,2025-03-11 13:33:20.467623+00:00
-79.0955555555555,36.0711111111111,2bf55dc212734c469cd90fe8d976fadf,USGS-02085000,00060,00003,2017-03-10,16.6,ft^3/s,Approved,,2025-03-11 13:33:20.467623+00:00
-79.0955555555555,36.0711111111111,2bf55dc212734c469cd90fe8d976fadf,USGS-02085000,00060,00003,2017-03-09,19.0,ft^3/s,Approved,,2025-03-11 13:33:20.467623+00:00
-79.0955555555555,36.0711111111111,2bf55dc212734c469cd90fe8d976fadf,USGS-02085000,00060,00003,2017-03-08,19.8,ft^3/s,Approved,,2025-03-11 13:33:20.467623+00:00
-79.0955555555555,36.0711111111111,2bf55dc212734c469cd90fe8d976fadf,USGS-02085000,00060,00003,2017-03-07,19.5,ft^3/s,Approved,,2025-03-11 13:33:20.467623+00:00
-79.0955555555555,36.0711111111111,2bf55dc212734c469cd90fe8d976fadf,USGS-02085000,00060,00003,2017-03-06,19.3,ft^3/s,Approved,,2025-03-11 13:33:20.467623+00:00
-79.0955555555555,36.0711111111111,2bf55dc212734c469cd90fe8d976fadf,USGS-02085000,00060,00003,2017-03-05,23.0,ft^3/s,Approved,,2025-03-11 13:33:20.467623+00:00
-79.0955555555555,36.0711111111111,2bf55dc212734c469cd90fe8d976fadf,USGS-02085000,00060,00003,2017-03-04,26.4,ft^3/s,Approved,,2025-03-11 13:33:20.467623+00:00
-79.0955555555555,36.0711111111111,2bf55dc212734c469cd90fe8d976fadf,USGS-02085000,00060,00003,2017-03-03,40.5,ft^3/s,Approved,,2025-03-11 13:33:20.467623+00:00
-79.0955555555555,36.0711111111111,2bf55dc212734c469cd90fe8d976fadf,USGS-02085000,00060,00003,2017-03-02,105,ft^3/s,Approved,,2025-03-11 13:33:20.467623+00:00
-79.0955555555555,36.0711111111111,2bf55dc212734c469cd90fe8d976fadf,USGS-02085000,00060,00003,2017-03-01,25.9,ft^3/s,Approved,,2025-03-11 13:33:20.467623+00:00
-79.0955555555555,36.0711111111111,2bf55dc212734c469cd90fe8d976fadf,USGS-02085000,00060,00003,2017-02-28,15.3,ft^3/s,Approved,,2025-03-11 13:33:20.467623+00:00
-79.0955555555555,36.0711111111111,2bf55dc212734c469cd90fe8d976fadf,USGS-02085000,00060,00003,2017-02-27,16.5,ft^3/s,Approved,,2025-03-11 13:33:20.467623+00:00
-79.0955555555555,36.0711111111111,2bf55dc212734c469cd90fe8d976fadf,USGS-02085000,00060,00003,2017-02-26,18.5,ft^3/s,Approved,,2025-03-11 13:33:20.467623+00:00
-79.0955555555555,36.0711111111111,2bf55dc212734c469cd90fe8d976fadf,USGS-02085000,00060,00003,2017-02-25,20.2,ft^3/s,Approved,,2025-03-11 13:33:20.467623+00:00
-79.0955555555555,36.0711111111111,2bf55dc212734c469cd90fe8d976fadf,USGS-02085000,00060,00003,2017-02-24,20.3,ft^3/s,Approved,,2025-03-11 13:33:20.467623+00:00
-79.0955555555555,36.0711111111111,2bf55dc212734c469cd90fe8d976fadf,USGS-02085000,00060,00003,2017-02-23,21.4,ft^3/s,Approved,,2025-03-11 13:33:20.467623+00:00
-79.0955555555555,36.0711111111111,2bf55dc212734c469cd90fe8d976fadf,USGS-02085000,00060,00003,2017-02-22,19.1,ft^3/s,Approved,,2025-03-11 13:33:20.467623+00:00
-79.0955555555555,36.0711111111111,2bf55dc212734c469cd90fe8d976fadf,USGS-02085000,00060,00003,2017-02-21,19.2,ft^3/s,Approved,,2025-03-11 13:33:20.467623+00:00
-79.0955555555555,36.0711111111111,2bf55dc212734c469cd90fe8d976fadf,USGS-02085000,00060,00003,2017-02-20,20.7,ft^3/s,Approved,,2025-03-11 13:33:20.467623+00:00
-79.0955555555555,36.0711111111111,2bf55dc212734c469cd90fe8d976fadf,USGS-02085000,00060,00003,2017-02-19,21.5,ft^3/s,Approved,,2025-03-11 13:33:20.467623+00:00
-79.0955555555555,36.0711111111111,2bf55dc212734c469cd90fe8d976fadf,USGS-02085000,00060,00003,2017-02-18,21.9,ft^3/s,Approved,,2025-03-11 13:33:20.467623+00:00
-79.0955555555555,36.0711111111111,2bf55dc212734c469cd90fe8d976fadf,USGS-02085000,00060,00003,2017-02-17,23.6,ft^3/s,Approved,,2025-03-11 13:33:20.467623+00:00
-79.0955555555555,36.0711111111111,2bf55dc212734c469cd90fe8d976fadf,USGS-02085000,00060,00003,2017-02-16,27.2,ft^3/s,Approved,,2025-03-11 13:33:20.467623+00:00
-79.0955555555555,36.0711111111111,2bf55dc212734c469cd90fe8d976fadf,USGS-02085000,00060,00003,2017-02-15,24.1,ft^3/s,Approved,,2025-03-11 13:33:20.467623+00:00
-79.0955555555555,36.0711111111111,2bf55dc212734c469cd90fe8d976fadf,USGS-02085000,00060,00003,2017-02-14,20.0,ft^3/s,Approved,,2025-03-11 13:33:20.467623+00:00
-79.0955555555555,36.0711111111111,2bf55dc212734c469cd90fe8d976fadf,USGS-02085000,00060,00003,2017-02-13,23.2,ft^3/s,Approved,,2025-03-11 13:33:20.467623+00:00
-79.0955555555555,36.0711111111111,2bf55dc212734c469cd90fe8d976fadf,USGS-02085000,00060,00003,2017-02-12,24.3,ft^3/s,Approved,,2025-03-11 13:33:20.467623+00:00
-79.0955555555555,36.0711111111111,2bf55dc212734c469cd90fe8d976fadf,USGS-02085000,00060,00003,2017-02-11,24.1,ft^3/s,Approved,,2025-03-11 13:33:20.467623+00:00
-79.0955555555555,36.0711111111111,2bf55dc212734c469cd90fe8d976fadf,USGS-02085000,00060,00003,2017-02-10,31.5,ft^3/s,Approved,,2025-03-11 13:33:20.467623+00:00
-79.0955555555555,36.0711111111111,2bf55dc212734c469cd90fe8d976fadf,USGS-02085000,00060,00003,2017-02-09,42.0,ft^3/s,Approved,,2025-03-11 13:33:20.467623+00:00
-79.0955555555555,36.0711111111111,2bf55dc212734c469cd90fe8d976fadf,USGS-02085000,00060,00003,2017-02-08,23.8,ft^3/s,Approved,,2025-03-11 13:33:20.467623+00:00
-79.0955555555555,36.0711111111111,2bf55dc212734c469cd90fe8d976fadf,USGS-02085000,00060,00003,2017-02-07,21.4,ft^3/s,Approved,,2025-03-11 13:33:20.467623+00:00
-79.0955555555555,36.0711111111111,2bf55dc212734c469cd90fe8d976fadf,USGS-02085000,00060,00003,2017-02-06,21.4,ft^3/s,Approved,,2025-03-11 13:33:20.467623+00:00
-79.0955555555555,36.0711111111111,2bf55dc212734c469cd90fe8d976fadf,USGS-02085000,00060,00003,2017-02-05,22.1,ft^3/s,Approved,,2025-03-11 13:33:20.467623+00:00
-79.0955555555555,36.0711111111111,2bf55dc212734c469cd90fe8d976fadf,USGS-02085000,00060,00003,2017-02-04,21.4,ft^3/s,Approved,,2025-03-11 13:33:20.467623+00:00
-79.0955555555555,36.0711111111111,2bf55dc212734c469cd90fe8d976fadf,USGS-02085000,00060,00003,2017-02-03,22.9,ft^3/s,Approved,,2025-03-11 13:33:20.467623+00:00
-79.0955555555555,36.0711111111111,2bf55dc212734c469cd90fe8d976fadf,USGS-02085000,00060,00003,2017-02-02,25.1,ft^3/s,Approved,,2025-03-11 13:33:20.467623+00:00
-79.0955555555555,36.0711111111111,2bf55dc212734c469cd90fe8d976fadf,USGS-02085000,00060,00003,2017-02-01,24.9,ft^3/s,Approved,,2025-03-11 13:33:20.467623+00:00
-79.0955555555555,36.0711111111111,2bf55dc212734c469cd90fe8d976fadf,USGS-02085000,00060,00003,2017-01-31,27.6,ft^3/s,Approved,,2025-03-11 13:33:20.467623+00:00
-79.0955555555555,36.0711111111111,2bf55dc212734c469cd90fe8d976fadf,USGS-02085000,00060,00003,2017-01-30,30.7,ft^3/s,Approved,,2025-03-11 13:33:20.467623+00:00
-79.0955555555555,36.0711111111111,2bf55dc212734c469cd90fe8d976fadf,USGS-02085000,00060,00003,2017-01-29,35.2,ft^3/s,Approved,,2025-03-11 13:33:20.467623+00:00
-79.0955555555555,36.0711111111111,2bf55dc212734c469cd90fe8d976fadf,USGS-02085000,00060,00003,2017-01-28,40.8,ft^3/s,Approved,,2025-03-11 13:33:20.467623+00:00
-79.0955555555555,36.0711111111111,2bf55dc212734c469cd90fe8d976fadf,USGS-02085000,00060,00003,2017-01-27,51.2,ft^3/s,Approved,,2025-03-11 13:33:20.467623+00:00
-79.0955555555555,36.0711111111111,2bf55dc212734c469cd90fe8d976fadf,USGS-02085000,00060,00003,2017-01-26,72.5,ft^3/s,Approved,,2025-03-11 13:33:20.467623+00:00
-79.0955555555555,36.0711111111111,2bf55dc212734c469cd90fe8d976fadf,USGS-02085000,00060,00003,2017-01-25,111,ft^3/s,Approved,,2025-03-11 13:33:20.467623+00:00
-79.0955555555555,36.0711111111111,2bf55dc212734c469cd90fe8d976fadf,USGS-02085000,00060,00003,2017-01-24,261,ft^3/s,Approved,,2025-03-11 13:33:20.467623+00:00
-79.0955555555555,36.0711111111111,2bf55dc212734c469cd90fe8d976fadf,USGS-02085000,00060,00003,2017-01-23,570,ft^3/s,Approved,,2025-03-11 13:33:20.467623+00:00
-79.0955555555555,36.0711111111111,2bf55dc212734c469cd90fe8d976fadf,USGS-02085000,00060,00003,2017-01-22,115,ft^3/s,Approved,,2025-03-11 13:33:20.467623+00:00
-79.0955555555555,36.0711111111111,2bf55dc212734c469cd90fe8d976fadf,USGS-02085000,00060,00003,2017-01-21,34.3,ft^3/s,Approved,,2025-03-11 13:33:20.467623+00:00
-79.0955555555555,36.0711111111111,2bf55dc212734c469cd90fe8d976fadf,USGS-02085000,00060,00003,2017-01-20,24.6,ft^3/s,Approved,,2025-03-11 13:33:20.467623+00:00
-79.0955555555555,36.0711111111111,2bf55dc212734c469cd90fe8d976fadf,USGS-02085000,00060,00003,2017-01-19,24.2,ft^3/s,Approved,,2025-03-11 13:33:20.467623+00:00
-79.0955555555555,36.0711111111111,2bf55dc212734c469cd90fe8d976fadf,USGS-02085000,00060,00003,2017-01-18,26.8,ft^3/s,Approved,,2025-03-11 13:33:20.467623+00:00
-79.0955555555555,36.0711111111111,2bf55dc212734c469cd90fe8d976fadf,USGS-02085000,00060,00003,2017-01-17,25.7,ft^3/s,Approved,,2025-03-11 13:33:20.467623+00:00
-79.0955555555555,36.0711111111111,2bf55dc212734c469cd90fe8d976fadf,USGS-02085000,00060,00003,2017-01-16,29.7,ft^3/s,Approved,,2025-03-11 13:33:20.467623+00:00
-79.0955555555555,36.0711111111111,2bf55dc212734c469cd90fe8d976fadf,USGS-02085000,00060,00003,2017-01-15,35.8,ft^3/s,Approved,,2025-03-11 13:33:20.467623+00:00
-79.0955555555555,36.0711111111111,2bf55dc212734c469cd90fe8d976fadf,USGS-02085000,00060,00003,2017-01-14,47.8,ft^3/s,Approved,,2025-03-11 13:33:20.467623+00:00
-79.0955555555555,36.0711111111111,2bf55dc212734c469cd90fe8d976fadf,USGS-02085000,00060,00003,2017-01-13,75.7,ft^3/s,Approved,,2025-03-11 13:33:20.467623+00:00
-79.0955555555555,36.0711111111111,2bf55dc212734c469cd90fe8d976fadf,USGS-02085000,00060,00003,2017-01-12,100,ft^3/s,Approved,,2025-03-11 13:33:20.467623+00:00
-79.0955555555555,36.0711111111111,2bf55dc212734c469cd90fe8d976fadf,USGS-02085000,00060,00003,2017-01-11,27.1,ft^3/s,Approved,,2025-03-11 13:33:20.467623+00:00
-79.0955555555555,36.0711111111111,2bf55dc212734c469cd90fe8d976fadf,USGS-02085000,00060,00003,2017-01-10,19.3,ft^3/s,Approved,,2025-03-11 13:33:20.467623+00:00
-79.0955555555555,36.0711111111111,2bf55dc212734c469cd90fe8d976fadf,USGS-02085000,00060,00003,2017-01-09,21.4,ft^3/s,Approved,,2025-03-11 13:33:20.467623+00:00
-79.0955555555555,36.0711111111111,2bf55dc212734c469cd90fe8d976fadf,USGS-02085000,00060,00003,2017-01-08,31.7,ft^3/s,Approved,,2025-03-11 13:33:20.467623+00:00
-79.0955555555555,36.0711111111111,2bf55dc212734c469cd90fe8d976fadf,USGS-02085000,00060,00003,2017-01-07,41.9,ft^3/s,Approved,,2025-03-11 13:33:20.467623+00:00
-79.0955555555555,36.0711111111111,2bf55dc212734c469cd90fe8d976fadf,USGS-02085000,00060,00003,2017-01-06,30.6,ft^3/s,Approved,,2025-03-11 13:33:20.467623+00:00
-79.0955555555555,36.0711111111111,2bf55dc212734c469cd90fe8d976fadf,USGS-02085000,00060,00003,2017-01-05,51.0,ft^3/s,Approved,,2025-03-11 13:33:20.467623+00:00
-79.0955555555555,36.0711111111111,2bf55dc212734c469cd90fe8d976fadf,USGS-02085000,00060,00003,2017-01-04,103,ft^3/s,Approved,,2025-03-11 13:33:20.467623+00:00
-79.0955555555555,36.0711111111111,2bf55dc212734c469cd90fe8d976fadf,USGS-02085000,00060,00003,2017-01-03,129,ft^3/s,Approved,,2025-03-11 13:33:20.467623+00:00
-79.0955555555555,36.0711111111111,2bf55dc212734c469cd90fe8d976fadf,USGS-02085000,00060,00003,2017-01-02,99.9,ft^3/s,Approved,,2025-03-11 13:33:20.467623+00:00
-79.0955555555555,36.0711111111111,2bf55dc212734c469cd90fe8d976fadf,USGS-02085000,00060,00003,2017-01-01,9.98,ft^3/s,Approved,,2025-03-11 13:33:20.467623+00:00
-79.0955555555555,36.0711111111111,2bf55dc212734c469cd90fe8d976fadf,USGS-02085000,00060,00003,2016-12-31,10.0,ft^3/s,Approved,,2025-03-11 13:33:20.467623+00:00
-79.0955555555555,36.0711111111111,2bf55dc212734c469cd90fe8d976fadf,USGS-02085000,00060,00003,2016-12-30,12.9,ft^3/s,Approved,,2025-03-11 13:33:20.467623+00:00
-79.0955555555555,36.0711111111111,2bf55dc212734c469cd90fe8d976fadf,USGS-02085000,00060,00003,2016-12-29,11.1,ft^3/s,Approved,,2025-03-11 13:33:20.467623+00:00
-79.0955555555555,36.0711111111111,2bf55dc212734c469cd90fe8d976fadf,USGS-02085000,00060,00003,2016-12-28,9.68,ft^3/s,Approved,,2025-03-11 13:33:20.467623+00:00
-79.0955555555555,36.0711111111111,2bf55dc212734c469cd90fe8d976fadf,USGS-02085000,00060,00003,2016-12-27,9.69,ft^3/s,Approved,,2025-03-11 13:33:20.467623+00:00
-79.0955555555555,36.0711111111111,2bf55dc212734c469cd90fe8d976fadf,USGS-02085000,00060,00003,2016-12-26,10.9,ft^3/s,Approved,,2025-03-11 13:33:20.467623+00:00
-79.0955555555555,36.0711111111111,2bf55dc212734c469cd90fe8d976fadf,USGS-02085000,00060,00003,2016-12-25,10.2,ft^3/s,Approved,,2025-03-11 13:33:20.467623+00:00
-79.0955555555555,36.0711111111111,2bf55dc212734c469cd90fe8d976fadf,USGS-02085000,00060,00003,2016-12-24,9.40,ft^3/s,Approved,,2025-03-11 13:33:20.467623+00:00
-79.0955555555555,36.0711111111111,2bf55dc212734c469cd90fe8d976fadf,USGS-02085000,00060,00003,2016-12-23,9.45,ft^3/s,Approved,,2025-03-11 13:33:20.467623+00:00
-79.0955555555555,36.0711111111111,2bf55dc212734c469cd90fe8d976fadf,USGS-02085000,00060,00003,2016-12-22,9.03,ft^3/s,Approved,,2025-03-11 13:33:20.467623+00:00
-79.0955555555555,36.0711111111111,2bf55dc212734c469cd90fe8d976fadf,USGS-02085000,00060,00003,2016-12-21,9.15,ft^3/s,Approved,,2025-03-11 13:33:20.467623+00:00
-79.0955555555555,36.0711111111111,2bf55dc212734c469cd90fe8d976fadf,USGS-02085000,00060,00003,2016-12-20,9.71,ft^3/s,Approved,,2025-03-11 13:33:20.467623+00:00
-79.0955555555555,36.0711111111111,2bf55dc212734c469cd90fe8d976fadf,USGS-02085000,00060,00003,2016-12-19,10.3,ft^3/s,Approved,,2025-03-11 13:33:20.467623+00:00
-79.0955555555555,36.0711111111111,2bf55dc212734c469cd90fe8d976fadf,USGS-02085000,00060,00003,2016-12-18,10.1,ft^3/s,Approved,,2025-03-11 13:33:20.467623+00:00
-79.0955555555555,36.0711111111111,2bf55dc212734c469cd90fe8d976fadf,USGS-02085000,00060,00003,2016-12-17,8.52,ft^3/s,Approved,,2025-03-11 13:33:20.467623+00:00
-79.0955555555555,36.0711111111111,2bf55dc212734c469cd90fe8d976fadf,USGS-02085000,00060,00003,2016-12-16,9.36,ft^3/s,Approved,,2025-03-11 13:33:20.467623+00:00
-79.0955555555555,36.0711111111111,2bf55dc212734c469cd90fe8d976fadf,USGS-02085000,00060,00003,2016-12-15,10.5,ft^3/s,Approved,,2025-03-11 13:33:20.467623+00:00
-79.0955555555555,36.0711111111111,2bf55dc212734c469cd90fe8d976fadf,USGS-02085000,00060,00003,2016-12-14,10.4,ft^3/s,Approved,,2025-03-11 13:33:20.467623+00:00
-79.0955555555555,36.0711111111111,2bf55dc212734c469cd90fe8d976fadf,USGS-02085000,00060,00003,2016-12-13,10.5,ft^3/s,Approved,,2025-03-11 13:33:20.467623+00:00
-79.0955555555555,36.0711111111111,2bf55dc212734c469cd90fe8d976fadf,USGS-02085000,00060,00003,2016-12-12,10.1,ft^3/s,Approved,,2025-03-11 13:33:20.467623+00:00
-79.0955555555555,36.0711111111111,2bf55dc212734c469cd90fe8d976fadf,USGS-02085000,00060,00003,2016-12-11,10.7,ft^3/s,Approved,,2025-03-11 13:33:20.467623+00:00
-79.0955555555555,36.0711111111111,2bf55dc212734c469cd90fe8d976fadf,USGS-02085000,00060,00003,2016-12-10,11.3,ft^3/s,Approved,,2025-03-11 13:33:20.467623+00:00
-79.0955555555555,36.0711111111111,2bf55dc212734c469cd90fe8d976fadf,USGS-02085000,00060,00003,2016-12-09,13.0,ft^3/s,Approved,,2025-03-11 13:33:20.467623+00:00
-79.0955555555555,36.0711111111111,2bf55dc212734c469cd90fe8d976fadf,USGS-02085000,00060,00003,2016-12-08,16.6,ft^3/s,Approved,,2025-03-11 13:33:20.467623+00:00
-79.0955555555555,36.0711111111111,2bf55dc212734c469cd90fe8d976fadf,USGS-02085000,00060,00003,2016-12-07,23.9,ft^3/s,Approved,,2025-03-11 13:33:20.467623+00:00
-79.0955555555555,36.0711111111111,2bf55dc212734c469cd90fe8d976fadf,USGS-02085000,00060,00003,2016-12-06,22.1,ft^3/s,Approved,,2025-03-11 13:33:20.467623+00:00
-79.0955555555555,36.0711111111111,2bf55dc212734c469cd90fe8d976fadf,USGS-02085000,00060,00003,2016-12-05,18.0,ft^3/s,Approved,,2025-03-11 13:33:20.467623+00:00
-79.0955555555555,36.0711111111111,2bf55dc212734c469cd90fe8d976fadf,USGS-02085000,00060,00003,2016-12-04,10.1,ft^3/s,Approved,,2025-03-11 13:33:20.467623+00:00
-79.0955555555555,36.0711111111111,2bf55dc212734c469cd90fe8d976fadf,USGS-02085000,00060,00003,2016-12-03,9.82,ft^3/s,Approved,,2025-03-11 13:33:20.467623+00:00
-79.0955555555555,36.0711111111111,2bf55dc212734c469cd90fe8d976fadf,USGS-02085000,00060,00003,2016-12-02,10.9,ft^3/s,Approved,,2025-03-11 13:33:20.467623+00:00
-79.0955555555555,36.0711111111111,2bf55dc212734c469cd90fe8d976fadf,USGS-02085000,00060,00003,2016-12-01,11.5,ft^3/s,Approved,,2025-03-11 13:33:20.467623+00:00
-79.0955555555555,36.0711111111111,2bf55dc212734c469cd90fe8d976fadf,USGS-02085000,00060,00003,2016-11-30,9.70,ft^3/s,Approved,,2025-03-11 13:33:20.467623+00:00
-79.0955555555555,36.0711111111111,2bf55dc212734c469cd90fe8d976fadf,USGS-02085000,00060,00003,2016-11-29,8.90,ft^3/s,Approved,,2025-03-11 13:33:20.467623+00:00
-79.0955555555555,36.0711111111111,2bf55dc212734c469cd90fe8d976fadf,USGS-02085000,00060,00003,2016-11-28,8.41,ft^3/s,Approved,,2025-03-11 13:33:20.467623+00:00
-79.0955555555555,36.0711111111111,2bf55dc212734c469cd90fe8d976fadf,USGS-02085000,00060,00003,2016-11-27,9.33,ft^3/s,Approved,,2025-03-11 13:33:20.467623+00:00
-79.0955555555555,36.0711111111111,2bf55dc212734c469cd90fe8d976fadf,USGS-02085000,00060,00003,2016-11-26,11.9,ft^3/s,Approved,,2025-03-11 13:33:20.467623+00:00
-79.0955555555555,36.0711111111111,2bf55dc212734c469cd90fe8d976fadf,USGS-02085000,00060,00003,2016-11-25,11.8,ft^3/s,Approved,,2025-03-11 13:33:20.467623+00:00
-79.0955555555555,36.0711111111111,2bf55dc212734c469cd90fe8d976fadf,USGS-02085000,00060,00003,2016-11-24,8.86,ft^3/s,Approved,,2025-03-11 13:33:20.467623+00:00
-79.0955555555555,36.0711111111111,2bf55dc212734c469cd90fe8d976fadf,USGS-02085000,00060,00003,2016-11-23,8.14,ft^3/s,Approved,,2025-03-11 13:33:20.467623+00:00
-79.0955555555555,36.0711111111111,2bf55dc212734c469cd90fe8d976fadf,USGS-02085000,00060,00003,2016-11-22,7.85,ft^3/s,Approved,,2025-03-11 13:33:20.467623+00:00
-79.0955555555555,36.0711111111111,2bf55dc212734c469cd90fe8d976fadf,USGS-02085000,00060,00003,2016-11-21,8.25,ft^3/s,Approved,,2025-03-11 13:33:20.467623+00:00
-79.0955555555555,36.0711111111111,2bf55dc212734c469cd90fe8d976fadf,USGS-02085000,00060,00003,2016-11-20,8.18,ft^3/s,Approved,,2025-03-11 13:33:20.467623+00:00
-79.0955555555555,36.0711111111111,2bf55dc212734c469cd90fe8d976fadf,USGS-02085000,00060,00003,2016-11-19,10.6,ft^3/s,Approved,,2025-03-11 13:33:20.467623+00:00
-79.0955555555555,36.0711111111111,2bf55dc212734c469cd90fe8d976fadf,USGS-02085000,00060,00003,2016-11-18,10.9,ft^3/s,Approved,,2025-03-11 13:33:20.467623+00:00
-79.0955555555555,36.0711111111111,2bf55dc212734c469cd90fe8d976fadf,USGS-02085000,00060,00003,2016-11-17,10.8,ft^3/s,Approved,,2025-03-11 13:33:20.467623+00:00
-79.0955555555555,36.0711111111111,2bf55dc212734c469cd90fe8d976fadf,USGS-02085000,00060,00003,2016-11-16,11.7,ft^3/s,Approved,,2025-03-11 13:33:20.467623+00:00
-79.0955555555555,36.0711111111111,2bf55dc212734c469cd90fe8d976fadf,USGS-02085000,00060,00003,2016-11-15,14.5,ft^3/s,Approved,,2025-03-11 13:33:20.467623+00:00
-79.0955555555555,36.0711111111111,2bf55dc212734c469cd90fe8d976fadf,USGS-02085000,00060,00003,2016-11-14,10.3,ft^3/s,Approved,,2025-03-11 13:33:20.467623+00:00
-79.0955555555555,36.0711111111111,2bf55dc212734c469cd90fe8d976fadf,USGS-02085000,00060,00003,2016-11-13,7.97,ft^3/s,Approved,,2025-03-11 13:33:20.467623+00:00
-79.0955555555555,36.0711111111111,2bf55dc212734c469cd90fe8d976fadf,USGS-02085000,00060,00003,2016-11-12,7.87,ft^3/s,Approved,,2025-03-11 13:33:20.467623+00:00
-79.0955555555555,36.0711111111111,2bf55dc212734c469cd90fe8d976fadf,USGS-02085000,00060,00003,2016-11-11,7.30,ft^3/s,Approved,,2025-03-11 13:33:20.467623+00:00
-79.0955555555555,36.0711111111111,2bf55dc212734c469cd90fe8d976fadf,USGS-02085000,00060,00003,2016-11-10,8.21,ft^3/s,Approved,,2025-03-11 13:33:20.467623+00:00
-79.0955555555555,36.0711111111111,2bf55dc212734c469cd90fe8d976fadf,USGS-02085000,00060,00003,2016-11-09,9.21,ft^3/s,Approved,,2025-03-11 13:33:20.467623+00:00
-79.0955555555555,36.0711111111111,2bf55dc212734c469cd90fe8d976fadf,USGS-02085000,00060,00003,2016-11-08,9.14,ft^3/s,Approved,,2025-03-11 13:33:20.467623+00:00
-79.0955555555555,36.0711111111111,2bf55dc212734c469cd90fe8d976fadf,USGS-02085000,00060,00003,2016-11-07,8.99,ft^3/s,Approved,,2025-03-11 13:33:20.467623+00:00
-79.0955555555555,36.0711111111111,2bf55dc212734c469cd90fe8d976fadf,USGS-02085000,00060,00003,2016-11-06,9.49,ft^3/s,Approved,,2025-03-11 13:33:20.467623+00:00
-79.0955555555555,36.0711111111111,2bf55dc212734c469cd90fe8d976fadf,USGS-02085000,00060,00003,2016-11-05,9.98,ft^3/s,Approved,,2025-03-11 13:33:20.467623+00:00
-79.0955555555555,36.0711111111111,2bf55dc212734c469cd90fe8d976fadf,USGS-02085000,00060,00003,2016-11-04,9.78,ft^3/s,Approved,,2025-03-11 13:33:20.467623+00:00
-79.0955555555555,36.0711111111111,2bf55dc212734c469cd90fe8d976fadf,USGS-02085000,00060,00003,2016-11-03,9.93,ft^3/s,Approved,,2025-03-11 13:33:20.467623+00:00
-79.0955555555555,36.0711111111111,2bf55dc212734c469cd90fe8d976fadf,USGS-02085000,00060,00003,2016-11-02,10.0,ft^3/s,Approved,,2025-03-11 13:33:20.467623+00:00
-79.0955555555555,36.0711111111111,2bf55dc212734c469cd90fe8d976fadf,USGS-02085000,00060,00003,2016-11-01,10.5,ft^3/s,Approved,,2025-03-11 13:33:20.467623+00:00
-79.0955555555555,36.0711111111111,2bf55dc212734c469cd90fe8d976fadf,USGS-02085000,00060,00003,2016-10-31,11.9,ft^3/s,Approved,,2025-03-11 13:33:20.467623+00:00
-79.0955555555555,36.0711111111111,2bf55dc212734c469cd90fe8d976fadf,USGS-02085000,00060,00003,2016-10-30,11.4,ft^3/s,Approved,,2025-03-11 13:33:20.467623+00:00
-79.0955555555555,36.0711111111111,2bf55dc212734c469cd90fe8d976fadf,USGS-02085000,00060,00003,2016-10-29,11.4,ft^3/s,Approved,,2025-03-11 13:33:20.467623+00:00
-79.0955555555555,36.0711111111111,2bf55dc212734c469cd90fe8d976fadf,USGS-02085000,00060,00003,2016-10-28,10.2,ft^3/s,Approved,,2025-03-11 13:33:20.467623+00:00
-79.0955555555555,36.0711111111111,2bf55dc212734c469cd90fe8d976fadf,USGS-02085000,00060,00003,2016-10-27,9.78,ft^3/s,Approved,,2025-03-11 13:33:20.467623+00:00
-79.0955555555555,36.0711111111111,2bf55dc212734c469cd90fe8d976fadf,USGS-02085000,00060,00003,2016-10-26,8.64,ft^3/s,Approved,,2025-03-11 13:33:20.467623+00:00
-79.0955555555555,36.0711111111111,2bf55dc212734c469cd90fe8d976fadf,USGS-02085000,00060,00003,2016-10-25,8.27,ft^3/s,Approved,,2025-03-11 13:33:20.467623+00:00
-79.0955555555555,36.0711111111111,2bf55dc212734c469cd90fe8d976fadf,USGS-02085000,00060,00003,2016-10-24,8.67,ft^3/s,Approved,,2025-03-11 13:33:20.467623+00:00
-79.0955555555555,36.0711111111111,2bf55dc212734c469cd90fe8d976fadf,USGS-02085000,00060,00003,2016-10-23,10.1,ft^3/s,Approved,,2025-03-11 13:33:20.467623+00:00
-79.0955555555555,36.0711111111111,2bf55dc212734c469cd90fe8d976fadf,USGS-02085000,00060,00003,2016-10-22,12.2,ft^3/s,Approved,,2025-03-11 13:33:20.467623+00:00
-79.0955555555555,36.0711111111111,2bf55dc212734c469cd90fe8d976fadf,USGS-02085000,00060,00003,2016-10-21,11.8,ft^3/s,Approved,,2025-03-11 13:33:20.467623+00:00
-79.0955555555555,36.0711111111111,2bf55dc212734c469cd90fe8d976fadf,USGS-02085000,00060,00003,2016-10-20,13.9,ft^3/s,Approved,,2025-03-11 13:33:20.467623+00:00
-79.0955555555555,36.0711111111111,2bf55dc212734c469cd90fe8d976fadf,USGS-02085000,00060,00003,2016-10-19,14.7,ft^3/s,Approved,,2025-03-11 13:33:20.467623+00:00
-79.0955555555555,36.0711111111111,2bf55dc212734c469cd90fe8d976fadf,USGS-02085000,00060,00003,2016-10-18,16.1,ft^3/s,Approved,,2025-03-11 13:33:20.467623+00:00
-79.0955555555555,36.0711111111111,2bf55dc212734c469cd90fe8d976fadf,USGS-02085000,00060,00003,2016-10-17,18.7,ft^3/s,Approved,,2025-03-11 13:33:20.467623+00:00
-79.0955555555555,36.0711111111111,2bf55dc212734c469cd90fe8d976fadf,USGS-02085000,00060,00003,2016-10-16,20.7,ft^3/s,Approved,,2025-03-11 13:33:20.467623+00:00
-79.0955555555555,36.0711111111111,2bf55dc212734c469cd90fe8d976fadf,USGS-02085000,00060,00003,2016-10-15,24.7,ft^3/s,Approved,,2025-03-11 13:33:20.467623+00:00
-79.0955555555555,36.0711111111111,2bf55dc212734c469cd90fe8d976fadf,USGS-02085000,00060,00003,2016-10-14,31.2,ft^3/s,Approved,,2025-03-11 13:33:20.467623+00:00
-79.0955555555555,36.0711111111111,2bf55dc212734c469cd90fe8d976fadf,USGS-02085000,00060,00003,2016-10-13,43.7,ft^3/s,Approved,,2025-03-11 13:33:20.467623+00:00
-79.0955555555555,36.0711111111111,2bf55dc212734c469cd90fe8d976fadf,USGS-02085000,00060,00003,2016-10-12,65.6,ft^3/s,Approved,,2025-03-11 13:33:20.467623+00:00
-79.0955555555555,36.0711111111111,2bf55dc212734c469cd90fe8d976fadf,USGS-02085000,00060,00003,2016-10-11,141,ft^3/s,Approved,,2025-03-11 13:33:20.467623+00:00
-79.0955555555555,36.0711111111111,2bf55dc212734c469cd90fe8d976fadf,USGS-02085000,00060,00003,2016-10-10,297,ft^3/s,Approved,,2025-03-11 13:33:20.467623+00:00
-79.0955555555555,36.0711111111111,2bf55dc212734c469cd90fe8d976fadf,USGS-02085000,00060,00003,2016-10-09,1580,ft^3/s,Approved,,2025-03-11 13:33:20.467623+00:00
-79.0955555555555,36.0711111111111,2bf55dc212734c469cd90fe8d976fadf,USGS-02085000,00060,00003,2016-10-08,1630,ft^3/s,Approved,,2025-03-11 13:33:20.467623+00:00
-79.0955555555555,36.0711111111111,2bf55dc212734c469cd90fe8d976fadf,USGS-02085000,00060,00003,2016-10-07,10.2,ft^3/s,Approved,,2025-03-11 13:33:20.467623+00:00
-79.0955555555555,36.0711111111111,2bf55dc212734c469cd90fe8d976fadf,USGS-02085000,00060,00003,2016-10-06,8.26,ft^3/s,Approved,,2025-03-11 13:33:20.467623+00:00
-79.0955555555555,36.0711111111111,2bf55dc212734c469cd90fe8d976fadf,USGS-02085000,00060,00003,2016-10-05,10.0,ft^3/s,Approved,,2025-03-11 13:33:20.467623+00:00
-79.0955555555555,36.0711111111111,2bf55dc212734c469cd90fe8d976fadf,USGS-02085000,00060,00003,2016-10-04,13.5,ft^3/s,Approved,,2025-03-11 13:33:20.467623+00:00
-79.0955555555555,36.0711111111111,2bf55dc212734c469cd90fe8d976fadf,USGS-02085000,00060,00003,2016-10-03,20.3,ft^3/s,Approved,,2025-03-11 13:33:20.467623+00:00
-79.0955555555555,36.0711111111111,2bf55dc212734c469cd90fe8d976fadf,USGS-02085000,00060,00003,2016-10-02,34.3,ft^3/s,Approved,,2025-03-11 13:33:20.467623+00:00
-79.0955555555555,36.0711111111111,2bf55dc212734c469cd90fe8d976fadf,USGS-02085000,00060,00003,2016-10-01,77.4,ft^3/s,Approved,,2025-03-11 13:33:20.467623+00:00
-79.0955555555555,36.0711111111111,2bf55dc212734c469cd90fe8d976fadf,USGS-02085000,00060,00003,2016-09-30,176,ft^3/s,Approved,,2025-03-11 13:33:20.467623+00:00
-79.0955555555555,36.0711111111111,2bf55dc212734c469cd90fe8d976fadf,USGS-02085000,00060,00003,2016-09-29,1010,ft^3/s,Approved,,2025-03-11 13:33:20.467623+00:00
-79.0955555555555,36.0711111111111,2bf55dc212734c469cd90fe8d976fadf,USGS-02085000,00060,00003,2016-09-28,24.8,ft^3/s,Approved,,2025-03-11 13:33:20.467623+00:00
-79.0955555555555,36.0711111111111,2bf55dc212734c469cd90fe8d976fadf,USGS-02085000,00060,00003,2016-09-27,8.31,ft^3/s,Approved,,2025-03-11 13:33:20.467623+00:00
-79.0955555555555,36.0711111111111,2bf55dc212734c469cd90fe8d976fadf,USGS-02085000,00060,00003,2016-09-26,3.75,ft^3/s,Approved,,2025-03-11 13:33:20.467623+00:00
-79.0955555555555,36.0711111111111,2bf55dc212734c469cd90fe8d976fadf,USGS-02085000,00060,00003,2016-09-25,4.06,ft^3/s,Approved,,2025-03-11 13:33:20.467623+00:00
-79.0955555555555,36.0711111111111,2bf55dc212734c469cd90fe8d976fadf,USGS-02085000,00060,00003,2016-09-24,5.96,ft^3/s,Approved,,2025-03-11 13:33:20.467623+00:00
-79.0955555555555,36.0711111111111,2bf55dc212734c469cd90fe8d976fadf,USGS-02085000,00060,00003,2016-09-23,8.86,ft^3/s,Approved,,2025-03-11 13:33:20.467623+00:00
-79.0955555555555,36.0711111111111,2bf55dc212734c469cd90fe8d976fadf,USGS-02085000,00060,00003,2016-09-22,12.2,ft^3/s,Approved,,2025-03-11 13:33:20.467623+00:00
-79.0955555555555,36.0711111111111,2bf55dc212734c469cd90fe8d976fadf,USGS-02085000,00060,00003,2016-09-21,13.7,ft^3/s,Approved,,2025-03-11 13:33:20.467623+00:00
-79.0955555555555,36.0711111111111,2bf55dc212734c469cd90fe8d976fadf,USGS-02085000,00060,00003,2016-09-20,24.0,ft^3/s,Approved,,2025-03-11 13:33:20.467623+00:00
-79.0955555555555,36.0711111111111,2bf55dc212734c469cd90fe8d976fadf,USGS-02085000,00060,00003,2016-09-19,53.1,ft^3/s,Approved,,2025-03-11 13:33:20.467623+00:00
-79.0955555555555,36.0711111111111,2bf55dc212734c469cd90fe8d976fadf,USGS-02085000,00060,00003,2016-09-18,6.04,ft^3/s,Approved,,2025-03-11 13:33:20.467623+00:00
-79.0955555555555,36.0711111111111,2bf55dc212734c469cd90fe8d976fadf,USGS-02085000,00060,00003,2016-09-17,3.01,ft^3/s,Approved,,2025-03-11 13:33:20.467623+00:00
-79.0955555555555,36.0711111111111,2bf55dc212734c469cd90fe8d976fadf,USGS-02085000,00060,00003,2016-09-16,2.85,ft^3/s,Approved,,2025-03-11 13:33:20.467623+00:00
-79.0955555555555,36.0711111111111,2bf55dc212734c469cd90fe8d976fadf,USGS-02085000,00060,00003,2016-09-15,3.90,ft^3/s,Approved,,2025-03-11 13:33:20.467623+00:00
-79.0955555555555,36.0711111111111,2bf55dc212734c469cd90fe8d976fadf,USGS-02085000,00060,00003,2016-09-14,2.94,ft^3/s,Approved,,2025-03-11 13:33:20.467623+00:00
-79.0955555555555,36.0711111111111,2bf55dc212734c469cd90fe8d976fadf,USGS-02085000,00060,00003,2016-09-13,2.91,ft^3/s,Approved,,2025-03-11 13:33:20.467623+00:00
-79.0955555555555,36.0711111111111,2bf55dc212734c469cd90fe8d976fadf,USGS-02085000,00060,00003,2016-09-12,3.36,ft^3/s,Approved,,2025-03-11 13:33:20.467623+00:00
-79.0955555555555,36.0711111111111,2bf55dc212734c469cd90fe8d976fadf,USGS-02085000,00060,00003,2016-09-11,3.55,ft^3/s,Approved,,2025-03-11 13:33:20.467623+00:00
-79.0955555555555,36.0711111111111,2bf55dc212734c469cd90fe8d976fadf,USGS-02085000,00060,00003,2016-09-10,2.24,ft^3/s,Approved,,2025-03-11 13:33:20.467623+00:00
-79.0955555555555,36.0711111111111,2bf55dc212734c469cd90fe8d976fadf,USGS-02085000,00060,00003,2016-09-09,2.35,ft^3/s,Approved,,2025-03-11 13:33:20.467623+00:00
-79.0955555555555,36.0711111111111,2bf55dc212734c469cd90fe8d976fadf,USGS-02085000,00060,00003,2016-09-08,3.23,ft^3/s,Approved,,2025-03-11 13:33:20.467623+00:00
-79.0955555555555,36.0711111111111,2bf55dc212734c469cd90fe8d976fadf,USGS-02085000,00060,00003,2016-09-07,3.26,ft^3/s,Approved,,2025-03-11 13:33:20.467623+00:00
-79.0955555555555,36.0711111111111,2bf55dc212734c469cd90fe8d976fadf,USGS-02085000,00060,00003,2016-09-06,3.60,ft^3/s,Approved,,2025-03-11 13:33:20.467623+00:00
-79.0955555555555,36.0711111111111,2bf55dc212734c469cd90fe8d976fadf,USGS-02085000,00060,00003,2016-09-05,3.40,ft^3/s,Approved,,2025-03-11 13:33:20.467623+00:00
-79.0955555555555,36.0711111111111,2bf55dc212734c469cd90fe8d976fadf,USGS-02085000,00060,00003,2016-09-04,4.03,ft^3/s,Approved,,2025-03-11 13:33:20.467623+00:00
-79.0955555555555,36.0711111111111,2bf55dc212734c469cd90fe8d976fadf,USGS-02085000,00060,00003,2016-09-03,6.11,ft^3/s,Approved,,2025-03-11 13:33:20.467623+00:00
-79.0955555555555,36.0711111111111,2bf55dc212734c469cd90fe8d976fadf,USGS-02085000,00060,00003,2016-09-02,7.48,ft^3/s,Approved,,2025-03-11 13:33:20.467623+00:00
-79.0955555555555,36.0711111111111,2bf55dc212734c469cd90fe8d976fadf,USGS-02085000,00060,00003,2016-09-01,6.55,ft^3/s,Approved,,2025-03-11 13:33:20.467623+00:00
-79.0955555555555,36.0711111111111,2bf55dc212734c469cd90fe8d976fadf,USGS-02085000,00060,00003,2016-08-31,2.52,ft^3/s,Approved,,2025-03-11 13:33:20.467623+00:00
-79.0955555555555,36.0711111111111,2bf55dc212734c469cd90fe8d976fadf,USGS-02085000,00060,00003,2016-08-30,2.28,ft^3/s,Approved,,2025-03-11 13:33:20.467623+00:00
-79.0955555555555,36.0711111111111,2bf55dc212734c469cd90fe8d976fadf,USGS-02085000,00060,00003,2016-08-29,2.54,ft^3/s,Approved,,2025-03-11 13:33:20.467623+00:00
-79.0955555555555,36.0711111111111,2bf55dc212734c469cd90fe8d976fadf,USGS-02085000,00060,00003,2016-08-28,2.11,ft^3/s,Approved,,2025-03-11 13:33:20.467623+00:00
-79.0955555555555,36.0711111111111,2bf55dc212734c469cd90fe8d976fadf,USGS-02085000,00060,00003,2016-08-27,2.16,ft^3/s,Approved,,2025-03-11 13:33:20.467623+00:00
-79.0955555555555,36.0711111111111,2bf55dc212734c469cd90fe8d976fadf,USGS-02085000,00060,00003,2016-08-26,2.58,ft^3/s,Approved,,2025-03-11 13:33:20.467623+00:00
-79.0955555555555,36.0711111111111,2bf55dc212734c469cd90fe8d976fadf,USGS-02085000,00060,00003,2016-08-25,3.02,ft^3/s,Approved,,2025-03-11 13:33:20.467623+00:00
-79.0955555555555,36.0711111111111,2bf55dc212734c469cd90fe8d976fadf,USGS-02085000,00060,00003,2016-08-24,3.50,ft^3/s,Approved,,2025-03-11 13:33:20.467623+00:00
-79.0955555555555,36.0711111111111,2bf55dc212734c469cd90fe8d976fadf,USGS-02085000,00060,00003,2016-08-23,3.83,ft^3/s,Approved,,2025-03-11 13:33:20.467623+00:00
-79.0955555555555,36.0711111111111,2bf55dc212734c469cd90fe8d976fadf,USGS-02085000,00060,00003,2016-08-22,3.63,ft^3/s,Approved,,2025-03-11 13:33:20.467623+00:00
-79.0955555555555,36.0711111111111,2bf55dc212734c469cd90fe8d976fadf,USGS-02085000,00060,00003,2016-08-21,3.63,ft^3/s,Approved,,2025-03-11 13:33:20.467623+00:00
-79.0955555555555,36.0711111111111,2bf55dc212734c469cd90fe8d976fadf,USGS-02085000,00060,00003,2016-08-20,3.32,ft^3/s,Approved,,2025-03-11 13:33:20.467623+00:00
-79.0955555555555,36.0711111111111,2bf55dc212734c469cd90fe8d976fadf,USGS-02085000,00060,00003,2016-08-19,3.66,ft^3/s,Approved,,2025-03-11 13:33:20.467623+00:00
-79.0955555555555,36.0711111111111,2bf55dc212734c469cd90fe8d976fadf,USGS-02085000,00060,00003,2016-08-18,3.56,ft^3/s,Approved,,2025-03-11 13:33:20.467623+00:00
-79.0955555555555,36.0711111111111,2bf55dc212734c469cd90fe8d976fadf,USGS-02085000,00060,00003,2016-08-17,4.27,ft^3/s,Approved,,2025-03-11 13:33:20.467623+00:00
-79.0955555555555,36.0711111111111,2bf55dc212734c469cd90fe8d976fadf,USGS-02085000,00060,00003,2016-08-16,4.74,ft^3/s,Approved,,2025-03-11 13:33:20.467623+00:00
-79.0955555555555,36.0711111111111,2bf55dc212734c469cd90fe8d976fadf,USGS-02085000,00060,00003,2016-08-15,4.44,ft^3/s,Approved,,2025-03-11 13:33:20.467623+00:00
-79.0955555555555,36.0711111111111,2bf55dc212734c469cd90fe8d976fadf,USGS-02085000,00060,00003,2016-08-14,5.40,ft^3/s,Approved,,2025-03-11 13:33:20.467623+00:00
-79.0955555555555,36.0711111111111,2bf55dc212734c469cd90fe8d976fadf,USGS-02085000,00060,00003,2016-08-13,5.44,ft^3/s,Approved,,2025-03-11 13:33:20.467623+00:00
-79.0955555555555,36.0711111111111,2bf55dc212734c469cd90fe8d976fadf,USGS-02085000,00060,00003,2016-08-12,6.08,ft^3/s,Approved,,2025-03-11 13:33:20.467623+00:00
-79.0955555555555,36.0711111111111,2bf55dc212734c469cd90fe8d976fadf,USGS-02085000,00060,00003,2016-08-11,7.03,ft^3/s,Approved,,2025-03-11 13:33:20.467623+00:00
-79.0955555555555,36.0711111111111,2bf55dc212734c469cd90fe8d976fadf,USGS-02085000,00060,00003,2016-08-10,10.1,ft^3/s,Approved,,2025-03-11 13:33:20.467623+00:00
-79.0955555555555,36.0711111111111,2bf55dc212734c469cd90fe8d976fadf,USGS-02085000,00060,00003,2016-08-09,15.6,ft^3/s,Approved,,2025-03-11 13:33:20.467623+00:00
-79.0955555555555,36.0711111111111,2bf55dc212734c469cd90fe8d976fadf,USGS-02085000,00060,00003,2016-08-08,10.5,ft^3/s,Approved,,2025-03-11 13:33:20.467623+00:00
-79.0955555555555,36.0711111111111,2bf55dc212734c469cd90fe8d976fadf,USGS-02085000,00060,00003,2016-08-07,13.3,ft^3/s,Approved,,2025-03-11 13:33:20.467623+00:00
-79.0955555555555,36.0711111111111,2bf55dc212734c469cd90fe8d976fadf,USGS-02085000,00060,00003,2016-08-06,16.6,ft^3/s,Approved,,2025-03-11 13:33:20.467623+00:00
-79.0955555555555,36.0711111111111,2bf55dc212734c469cd90fe8d976fadf,USGS-02085000,00060,00003,2016-08-05,24.8,ft^3/s,Approved,,2025-03-11 13:33:20.467623+00:00
-79.0955555555555,36.0711111111111,2bf55dc212734c469cd90fe8d976fadf,USGS-02085000,00060,00003,2016-08-04,29.0,ft^3/s,Approved,,2025-03-11 13:33:20.467623+00:00
-79.0955555555555,36.0711111111111,2bf55dc212734c469cd90fe8d976fadf,USGS-02085000,00060,00003,2016-08-03,90.6,ft^3/s,Approved,,2025-03-11 13:33:20.467623+00:00
-79.0955555555555,36.0711111111111,2bf55dc212734c469cd90fe8d976fadf,USGS-02085000,00060,00003,2016-08-02,72.1,ft^3/s,Approved,,2025-03-11 13:33:20.467623+00:00
-79.0955555555555,36.0711111111111,2bf55dc212734c469cd90fe8d976fadf,USGS-02085000,00060,00003,2016-08-01,138,ft^3/s,Approved,,2025-03-11 13:33:20.467623+00:00
-79.0955555555555,36.0711111111111,2bf55dc212734c469cd90fe8d976fadf,USGS-02085000,00060,00003,2016-07-31,9.85,ft^3/s,Approved,,2025-03-11 13:33:20.467623+00:00
-79.0955555555555,36.0711111111111,2bf55dc212734c469cd90fe8d976fadf,USGS-02085000,00060,00003,2016-07-30,4.15,ft^3/s,Approved,,2025-03-11 13:33:20.467623+00:00
-79.0955555555555,36.0711111111111,2bf55dc212734c469cd90fe8d976fadf,USGS-02085000,00060,00003,2016-07-29,4.64,ft^3/s,Approved,,2025-03-11 13:33:20.467623+00:00
-79.0955555555555,36.0711111111111,2bf55dc212734c469cd90fe8d976fadf,USGS-02085000,00060,00003,2016-07-28,4.86,ft^3/s,Approved,,2025-03-11 13:33:20.467623+00:00
-79.0955555555555,36.0711111111111,2bf55dc212734c469cd90fe8d976fadf,USGS-02085000,00060,00003,2016-07-27,7.11,ft^3/s,Approved,,2025-03-11 13:33:20.467623+00:00
-79.0955555555555,36.0711111111111,2bf55dc212734c469cd90fe8d976fadf,USGS-02085000,00060,00003,2016-07-26,6.86,ft^3/s,Approved,,2025-03-11 13:33:20.467623+00:00
-79.0955555555555,36.0711111111111,2bf55dc212734c469cd90fe8d976fadf,USGS-02085000,00060,00003,2016-07-25,6.50,ft^3/s,Approved,,2025-03-11 13:33:20.467623+00:00
-79.0955555555555,36.0711111111111,2bf55dc212734c469cd90fe8d976fadf,USGS-02085000,00060,00003,2016-07-24,7.33,ft^3/s,Approved,,2025-03-11 13:33:20.467623+00:00
-79.0955555555555,36.0711111111111,2bf55dc212734c469cd90fe8d976fadf,USGS-02085000,00060,00003,2016-07-23,6.86,ft^3/s,Approved,,2025-03-11 13:33:20.467623+00:00
-79.0955555555555,36.0711111111111,2bf55dc212734c469cd90fe8d976fadf,USGS-02085000,00060,00003,2016-07-22,6.75,ft^3/s,Approved,,2025-03-11 13:33:20.467623+00:00
-79.0955555555555,36.0711111111111,2bf55dc212734c469cd90fe8d976fadf,USGS-02085000,00060,00003,2016-07-21,8.03,ft^3/s,Approved,,2025-03-11 13:33:20.467623+00:00
-79.0955555555555,36.0711111111111,2bf55dc212734c469cd90fe8d976fadf,USGS-02085000,00060,00003,2016-07-20,9.81,ft^3/s,Approved,,2025-03-11 13:33:20.467623+00:00
-79.0955555555555,36.0711111111111,2bf55dc212734c469cd90fe8d976fadf,USGS-02085000,00060,00003,2016-07-19,13.3,ft^3/s,Approved,,2025-03-11 13:33:20.467623+00:00
-79.0955555555555,36.0711111111111,2bf55dc212734c469cd90fe8d976fadf,USGS-02085000,00060,00003,2016-07-18,16.0,ft^3/s,Approved,,2025-03-11 13:33:20.467623+00:00
-79.0955555555555,36.0711111111111,2bf55dc212734c469cd90fe8d976fadf,USGS-02085000,00060,00003,2016-07-17,20.6,ft^3/s,Approved,,2025-03-11 13:33:20.467623+00:00
-79.0955555555555,36.0711111111111,2bf55dc212734c469cd90fe8d976fadf,USGS-02085000,00060,00003,2016-07-16,80.3,ft^3/s,Approved,,2025-03-11 13:33:20.467623+00:00
-79.0955555555555,36.0711111111111,2bf55dc212734c469cd90fe8d976fadf,USGS-02085000,00060,00003,2016-07-15,17.6,ft^3/s,Approved,,2025-03-11 13:33:20.467623+00:00
-79.0955555555555,36.0711111111111,2bf55dc212734c469cd90fe8d976fadf,USGS-02085000,00060,00003,2016-07-14,14.5,ft^3/s,Approved,,2025-03-11 13:33:20.467623+00:00
-79.0955555555555,36.0711111111111,2bf55dc212734c469cd90fe8d976fadf,USGS-02085000,00060,00003,2016-07-13,14.9,ft^3/s,Approved,,2025-03-11 13:33:20.467623+00:00
-79.0955555555555,36.0711111111111,2bf55dc212734c469cd90fe8d976fadf,USGS-02085000,00060,00003,2016-07-12,16.2,ft^3/s,Approved,,2025-03-11 13:33:20.467623+00:00
-79.0955555555555,36.0711111111111,2bf55dc212734c469cd90fe8d976fadf,USGS-02085000,00060,00003,2016-07-11,19.2,ft^3/s,Approved,,2025-03-11 13:33:20.467623+00:00
-79.0955555555555,36.0711111111111,2bf55dc212734c469cd90fe8d976fadf,USGS-02085000,00060,00003,2016-07-10,28.3,ft^3/s,Approved,,2025-03-11 13:33:20.467623+00:00
-79.0955555555555,36.0711111111111,2bf55dc212734c469cd90fe8d976fadf,USGS-02085000,00060,00003,2016-07-09,59.7,ft^3/s,Approved,,2025-03-11 13:33:20.467623+00:00
-79.0955555555555,36.0711111111111,2bf55dc212734c469cd90fe8d976fadf,USGS-02085000,00060,00003,2016-07-08,44.9,ft^3/s,Approved,,2025-03-11 13:33:20.467623+00:00
-79.0955555555555,36.0711111111111,2bf55dc212734c469cd90fe8d976fadf,USGS-02085000,00060,00003,2016-07-07,47.8,ft^3/s,Approved,,2025-03-11 13:33:20.467623+00:00
-79.0955555555555,36.0711111111111,2bf55dc212734c469cd90fe8d976fadf,USGS-02085000,00060,00003,2016-07-06,73.1,ft^3/s,Approved,,2025-03-11 13:33:20.467623+00:00
-79.0955555555555,36.0711111111111,2bf55dc212734c469cd90fe8d976fadf,USGS-02085000,00060,00003,2016-07-05,81.7,ft^3/s,Approved,,2025-03-11 13:33:20.467623+00:00
-79.0955555555555,36.0711111111111,2bf55dc212734c469cd90fe8d976fadf,USGS-02085000,00060,00003,2016-07-04,126,ft^3/s,Approved,,2025-03-11 13:33:20.467623+00:00
-79.0955555555555,36.0711111111111,2bf55dc212734c469cd90fe8d976fadf,USGS-02085000,00060,00003,2016-07-03,207,ft^3/s,Approved,,2025-03-11 13:33:20.467623+00:00
-79.0955555555555,36.0711111111111,2bf55dc212734c469cd90fe8d976fadf,USGS-02085000,00060,00003,2016-07-02,35.1,ft^3/s,Approved,,2025-03-11 13:33:20.467623+00:00
-79.0955555555555,36.0711111111111,2bf55dc212734c469cd90fe8d976fadf,USGS-02085000,00060,00003,2016-07-01,42.8,ft^3/s,Approved,,2025-03-11 13:33:20.467623+00:00
-79.0955555555555,36.0711111111111,2bf55dc212734c469cd90fe8d976fadf,USGS-02085000,00060,00003,2016-06-30,111,ft^3/s,Approved,,2025-03-11 13:33:20.467623+00:00
-79.0955555555555,36.0711111111111,2bf55dc212734c469cd90fe8d976fadf,USGS-02085000,00060,00003,2016-06-29,54.5,ft^3/s,Approved,,2025-03-11 13:33:20.467623+00:00
-79.0955555555555,36.0711111111111,2bf55dc212734c469cd90fe8d976fadf,USGS-02085000,00060,00003,2016-06-28,67.9,ft^3/s,Approved,,2025-03-11 13:33:20.467623+00:00
-79.0955555555555,36.0711111111111,2bf55dc212734c469cd90fe8d976fadf,USGS-02085000,00060,00003,2016-06-27,11.7,ft^3/s,Approved,,2025-03-11 13:33:20.467623+00:00
-79.0955555555555,36.0711111111111,2bf55dc212734c469cd90fe8d976fadf,USGS-02085000,00060,00003,2016-06-26,15.2,ft^3/s,Approved,,2025-03-11 13:33:20.467623+00:00
-79.0955555555555,36.0711111111111,2bf55dc212734c469cd90fe8d976fadf,USGS-02085000,00060,00003,2016-06-25,23.5,ft^3/s,Approved,,2025-03-11 13:33:20.467623+00:00
-79.0955555555555,36.0711111111111,2bf55dc212734c469cd90fe8d976fadf,USGS-02085000,00060,00003,2016-06-24,57.7,ft^3/s,Approved,,2025-03-11 13:33:20.467623+00:00
-79.0955555555555,36.0711111111111,2bf55dc212734c469cd90fe8d976fadf,USGS-02085000,00060,00003,2016-06-23,7.91,ft^3/s,Approved,,2025-03-11 13:33:20.467623+00:00
-79.0955555555555,36.0711111111111,2bf55dc212734c469cd90fe8d976fadf,USGS-02085000,00060,00003,2016-06-22,7.21,ft^3/s,Approved,,2025-03-11 13:33:20.467623+00:00
-79.0955555555555,36.0711111111111,2bf55dc212734c469cd90fe8d976fadf,USGS-02085000,00060,00003,2016-06-21,7.80,ft^3/s,Approved,,2025-03-11 13:33:20.467623+00:00
-79.0955555555555,36.0711111111111,2bf55dc212734c469cd90fe8d976fadf,USGS-02085000,00060,00003,2016-06-20,8.92,ft^3/s,Approved,,2025-03-11 13:33:20.467623+00:00
-79.0955555555555,36.0711111111111,2bf55dc212734c469cd90fe8d976fadf,USGS-02085000,00060,00003,2016-06-19,10.5,ft^3/s,Approved,,2025-03-11 13:33:20.467623+00:00
-79.0955555555555,36.0711111111111,2bf55dc212734c469cd90fe8d976fadf,USGS-02085000,00060,00003,2016-06-18,13.2,ft^3/s,Approved,,2025-03-11 13:33:20.467623+00:00
-79.0955555555555,36.0711111111111,2bf55dc212734c469cd90fe8d976fadf,USGS-02085000,00060,00003,2016-06-17,14.4,ft^3/s,Approved,,2025-03-11 13:33:20.467623+00:00
-79.0955555555555,36.0711111111111,2bf55dc212734c469cd90fe8d976fadf,USGS-02085000,00060,00003,2016-06-16,13.0,ft^3/s,Approved,,2025-03-11 13:33:20.467623+00:00
-79.0955555555555,36.0711111111111,2bf55dc212734c469cd90fe8d976fadf,USGS-02085000,00060,00003,2016-06-15,11.4,ft^3/s,Approved,,2025-03-11 13:33:20.467623+00:00
-79.0955555555555,36.0711111111111,2bf55dc212734c469cd90fe8d976fadf,USGS-02085000,00060,00003,2016-06-14,12.2,ft^3/s,Approved,,2025-03-11 13:33:20.467623+00:00
-79.0955555555555,36.0711111111111,2bf55dc212734c469cd90fe8d976fadf,USGS-02085000,00060,00003,2016-06-13,14.1,ft^3/s,Approved,,2025-03-11 13:33:20.467623+00:00
-79.0955555555555,36.0711111111111,2bf55dc212734c469cd90fe8d976fadf,USGS-02085000,00060,00003,2016-06-12,17.5,ft^3/s,Approved,,2025-03-11 13:33:20.467623+00:00
-79.0955555555555,36.0711111111111,2bf55dc212734c469cd90fe8d976fadf,USGS-02085000,00060,00003,2016-06-11,21.3,ft^3/s,Approved,,2025-03-11 13:33:20.467623+00:00
-79.0955555555555,36.0711111111111,2bf55dc212734c469cd90fe8d976fadf,USGS-02085000,00060,00003,2016-06-10,25.5,ft^3/s,Approved,,2025-03-11 13:33:20.467623+00:00
-79.0955555555555,36.0711111111111,2bf55dc212734c469cd90fe8d976fadf,USGS-02085000,00060,00003,2016-06-09,38.8,ft^3/s,Approved,,2025-03-11 13:33:20.467623+00:00
-79.0955555555555,36.0711111111111,2bf55dc212734c469cd90fe8d976fadf,USGS-02085000,00060,00003,2016-06-08,76.6,ft^3/s,Approved,,2025-03-11 13:33:20.467623+00:00
-79.0955555555555,36.0711111111111,2bf55dc212734c469cd90fe8d976fadf,USGS-02085000,00060,00003,2016-06-07,302,ft^3/s,Approved,,2025-03-11 13:33:20.467623+00:00
-79.0955555555555,36.0711111111111,2bf55dc212734c469cd90fe8d976fadf,USGS-02085000,00060,00003,2016-06-06,52.8,ft^3/s,Approved,,2025-03-11 13:33:20.467623+00:00
-79.0955555555555,36.0711111111111,2bf55dc212734c469cd90fe8d976fadf,USGS-02085000,00060,00003,2016-06-05,211,ft^3/s,Approved,,2025-03-11 13:33:20.467623+00:00
-79.0955555555555,36.0711111111111,2bf55dc212734c469cd90fe8d976fadf,USGS-02085000,00060,00003,2016-06-04,31.6,ft^3/s,Approved,,2025-03-11 13:33:20.467623+00:00
-79.0955555555555,36.0711111111111,2bf55dc212734c469cd90fe8d976fadf,USGS-02085000,00060,00003,2016-06-03,17.0,ft^3/s,Approved,,2025-03-11 13:33:20.467623+00:00
-79.0955555555555,36.0711111111111,2bf55dc212734c469cd90fe8d976fadf,USGS-02085000,00060,00003,2016-06-02,16.6,ft^3/s,Approved,,2025-03-11 13:33:20.467623+00:00
-79.0955555555555,36.0711111111111,2bf55dc212734c469cd90fe8d976fadf,USGS-02085000,00060,00003,2016-06-01,19.8,ft^3/s,Approved,,2025-03-11 13:33:20.467623+00:00
-79.0955555555555,36.0711111111111,2bf55dc212734c469cd90fe8d976fadf,USGS-02085000,00060,00003,2016-05-31,23.1,ft^3/s,Approved,,2025-03-11 13:33:20.467623+00:00
-79.0955555555555,36.0711111111111,2bf55dc212734c469cd90fe8d976fadf,USGS-02085000,00060,00003,2016-05-30,30.0,ft^3/s,Approved,,2025-03-11 13:33:20.467623+00:00
-79.0955555555555,36.0711111111111,2bf55dc212734c469cd90fe8d976fadf,USGS-02085000,00060,00003,2016-05-29,20.9,ft^3/s,Approved,,2025-03-11 13:33:20.467623+00:00
-79.0955555555555,36.0711111111111,2bf55dc212734c469cd90fe8d976fadf,USGS-02085000,00060,00003,2016-05-28,18.8,ft^3/s,Approved,,2025-03-11 13:33:20.467623+00:00
-79.0955555555555,36.0711111111111,2bf55dc212734c469cd90fe8d976fadf,USGS-02085000,00060,00003,2016-05-27,21.3,ft^3/s,Approved,,2025-03-11 13:33:20.467623+00:00
-79.0955555555555,36.0711111111111,2bf55dc212734c469cd90fe8d976fadf,USGS-02085000,00060,00003,2016-05-26,24.7,ft^3/s,Approved,,2025-03-11 13:33:20.467623+00:00
-79.0955555555555,36.0711111111111,2bf55dc212734c469cd90fe8d976fadf,USGS-02085000,00060,00003,2016-05-25,30.2,ft^3/s,Approved,,2025-03-11 13:33:20.467623+00:00
-79.0955555555555,36.0711111111111,2bf55dc212734c469cd90fe8d976fadf,USGS-02085000,00060,00003,2016-05-24,43.4,ft^3/s,Approved,,2025-03-11 13:33:20.467623+00:00
-79.0955555555555,36.0711111111111,2bf55dc212734c469cd90fe8d976fadf,USGS-02085000,00060,00003,2016-05-23,70.3,ft^3/s,Approved,,2025-03-11 13:33:20.467623+00:00
-79.0955555555555,36.0711111111111,2bf55dc212734c469cd90fe8d976fadf,USGS-02085000,00060,00003,2016-05-22,55.8,ft^3/s,Approved,,2025-03-11 13:33:20.467623+00:00
-79.0955555555555,36.0711111111111,2bf55dc212734c469cd90fe8d976fadf,USGS-02085000,00060,00003,2016-05-21,43.4,ft^3/s,Approved,,2025-03-11 13:33:20.467623+00:00
-79.0955555555555,36.0711111111111,2bf55dc212734c469cd90fe8d976fadf,USGS-02085000,00060,00003,2016-05-20,38.2,ft^3/s,Approved,,2025-03-11 13:33:20.467623+00:00
-79.0955555555555,36.0711111111111,2bf55dc212734c469cd90fe8d976fadf,USGS-02085000,00060,00003,2016-05-19,41.0,ft^3/s,Approved,,2025-03-11 13:33:20.467623+00:00
-79.0955555555555,36.0711111111111,2bf55dc212734c469cd90fe8d976fadf,USGS-02085000,00060,00003,2016-05-18,54.8,ft^3/s,Approved,,2025-03-11 13:33:20.467623+00:00
-79.0955555555555,36.0711111111111,2bf55dc212734c469cd90fe8d976fadf,USGS-02085000,00060,00003,2016-05-17,37.3,ft^3/s,Approved,,2025-03-11 13:33:20.467623+00:00
-79.0955555555555,36.0711111111111,2bf55dc212734c469cd90fe8d976fadf,USGS-02085000,00060,00003,2016-05-16,26.9,ft^3/s,Approved,,2025-03-11 13:33:20.467623+00:00
-79.0955555555555,36.0711111111111,2bf55dc212734c469cd90fe8d976fadf,USGS-02085000,00060,00003,2016-05-15,36.3,ft^3/s,Approved,,2025-03-11 13:33:20.467623+00:00
-79.0955555555555,36.0711111111111,2bf55dc212734c469cd90fe8d976fadf,USGS-02085000,00060,00003,2016-05-14,53.2,ft^3/s,Approved,,2025-03-11 13:33:20.467623+00:00
-79.0955555555555,36.0711111111111,2bf55dc212734c469cd90fe8d976fadf,USGS-02085000,00060,00003,2016-05-13,100,ft^3/s,Approved,,2025-03-11 13:33:20.467623+00:00
-79.0955555555555,36.0711111111111,2bf55dc212734c469cd90fe8d976fadf,USGS-02085000,00060,00003,2016-05-12,40.2,ft^3/s,Approved,,2025-03-11 13:33:20.467623+00:00
-79.0955555555555,36.0711111111111,2bf55dc212734c469cd90fe8d976fadf,USGS-02085000,00060,00003,2016-05-11,38.1,ft^3/s,Approved,,2025-03-11 13:33:20.467623+00:00
-79.0955555555555,36.0711111111111,2bf55dc212734c469cd90fe8d976fadf,USGS-02085000,00060,00003,2016-05-10,46.9,ft^3/s,Approved,,2025-03-11 13:33:20.467623+00:00
-79.0955555555555,36.0711111111111,2bf55dc212734c469cd90fe8d976fadf,USGS-02085000,00060,00003,2016-05-09,60.1,ft^3/s,Approved,,2025-03-11 13:33:20.467623+00:00
-79.0955555555555,36.0711111111111,2bf55dc212734c469cd90fe8d976fadf,USGS-02085000,00060,00003,2016-05-08,86.1,ft^3/s,Approved,,2025-03-11 13:33:20.467623+00:00
-79.0955555555555,36.0711111111111,2bf55dc212734c469cd90fe8d976fadf,USGS-02085000,00060,00003,2016-05-07,171,ft^3/s,Approved,,2025-03-11 13:33:20.467623+00:00
-79.0955555555555,36.0711111111111,2bf55dc212734c469cd90fe8d976fadf,USGS-02085000,00060,00003,2016-05-06,423,ft^3/s,Approved,,2025-03-11 13:33:20.467623+00:00
-79.0955555555555,36.0711111111111,2bf55dc212734c469cd90fe8d976fadf,USGS-02085000,00060,00003,2016-05-05,84.3,ft^3/s,Approved,,2025-03-11 13:33:20.467623+00:00
-79.0955555555555,36.0711111111111,2bf55dc212734c469cd90fe8d976fadf,USGS-02085000,00060,00003,2016-05-04,113,ft^3/s,Approved,,2025-03-11 13:33:20.467623+00:00
-79.0955555555555,36.0711111111111,2bf55dc212734c469cd90fe8d976fadf,USGS-02085000,00060,00003,2016-05-03,242,ft^3/s,Approved,,2025-03-11 13:33:20.467623+00:00
-79.0955555555555,36.0711111111111,2bf55dc212734c469cd90fe8d976fadf,USGS-02085000,00060,00003,2016-05-02,34.9,ft^3/s,Approved,,2025-03-11 13:33:20.467623+00:00
-79.0955555555555,36.0711111111111,2bf55dc212734c469cd90fe8d976fadf,USGS-02085000,00060,00003,2016-05-01,29.3,ft^3/s,Approved,,2025-03-11 13:33:20.467623+00:00
-79.0955555555555,36.0711111111111,2bf55dc212734c469cd90fe8d976fadf,USGS-02085000,00060,00003,2016-04-30,34.7,ft^3/s,Approved,,2025-03-11 13:33:20.467623+00:00
-79.0955555555555,36.0711111111111,2bf55dc212734c469cd90fe8d976fadf,USGS-02085000,00060,00003,2016-04-29,64.5,ft^3/s,Approved,,2025-03-11 13:33:20.467623+00:00
-79.0955555555555,36.0711111111111,2bf55dc212734c469cd90fe8d976fadf,USGS-02085000,00060,00003,2016-04-28,34.9,ft^3/s,Approved,,2025-03-11 13:33:20.467623+00:00
-79.0955555555555,36.0711111111111,2bf55dc212734c469cd90fe8d976fadf,USGS-02085000,00060,00003,2016-04-27,23.9,ft^3/s,Approved,,2025-03-11 13:33:20.467623+00:00
-79.0955555555555,36.0711111111111,2bf55dc212734c469cd90fe8d976fadf,USGS-02085000,00060,00003,2016-04-26,26.9,ft^3/s,Approved,,2025-03-11 13:33:20.467623+00:00
-79.0955555555555,36.0711111111111,2bf55dc212734c469cd90fe8d976fadf,USGS-02085000,00060,00003,2016-04-25,32.2,ft^3/s,Approved,,2025-03-11 13:33:20.467623+00:00
-79.0955555555555,36.0711111111111,2bf55dc212734c469cd90fe8d976fadf,USGS-02085000,00060,00003,2016-04-24,50.6,ft^3/s,Approved,,2025-03-11 13:33:20.467623+00:00
-79.0955555555555,36.0711111111111,2bf55dc212734c469cd90fe8d976fadf,USGS-02085000,00060,00003,2016-04-23,129,ft^3/s,Approved,,2025-03-11 13:33:20.467623+00:00
-79.0955555555555,36.0711111111111,2bf55dc212734c469cd90fe8d976fadf,USGS-02085000,00060,00003,2016-04-22,26.3,ft^3/s,Approved,,2025-03-11 13:33:20.467623+00:00
-79.0955555555555,36.0711111111111,2bf55dc212734c469cd90fe8d976fadf,USGS-02085000,00060,00003,2016-04-21,22.0,ft^3/s,Approved,,2025-03-11 13:33:20.467623+00:00
-79.0955555555555,36.0711111111111,2bf55dc212734c469cd90fe8d976fadf,USGS-02085000,00060,00003,2016-04-20,23.5,ft^3/s,Approved,,2025-03-11 13:33:20.467623+00:00
-79.0955555555555,36.0711111111111,2bf55dc212734c469cd90fe8d976fadf,USGS-02085000,00060,00003,2016-04-19,23.5,ft^3/s,Approved,,2025-03-11 13:33:20.467623+00:00
-79.0955555555555,36.0711111111111,2bf55dc212734c469cd90fe8d976fadf,USGS-02085000,00060,00003,2016-04-18,24.6,ft^3/s,Approved,,2025-03-11 13:33:20.467623+00:00
-79.0955555555555,36.0711111111111,2bf55dc212734c469cd90fe8d976fadf,USGS-02085000,00060,00003,2016-04-17,25.9,ft^3/s,Approved,,2025-03-11 13:33:20.467623+00:00
-79.0955555555555,36.0711111111111,2bf55dc212734c469cd90fe8d976fadf,USGS-02085000,00060,00003,2016-04-16,27.4,ft^3/s,Approved,,2025-03-11 13:33:20.467623+00:00
-79.0955555555555,36.0711111111111,2bf55dc212734c469cd90fe8d976fadf,USGS-02085000,00060,00003,2016-04-15,30.4,ft^3/s,Approved,,2025-03-11 13:33:20.467623+00:00
-79.0955555555555,36.0711111111111,2bf55dc212734c469cd90fe8d976fadf,USGS-02085000,00060,00003,2016-04-14,35.5,ft^3/s,Approved,,2025-03-11 13:33:20.467623+00:00
-79.0955555555555,36.0711111111111,2bf55dc212734c469cd90fe8d976fadf,USGS-02085000,00060,00003,2016-04-13,50.3,ft^3/s,Approved,,2025-03-11 13:33:20.467623+00:00
-79.0955555555555,36.0711111111111,2bf55dc212734c469cd90fe8d976fadf,USGS-02085000,00060,00003,2016-04-12,38.7,ft^3/s,Approved,,2025-03-11 13:33:20.467623+00:00
-79.0955555555555,36.0711111111111,2bf55dc212734c469cd90fe8d976fadf,USGS-02085000,00060,00003,2016-04-11,28.4,ft^3/s,Approved,,2025-03-11 13:33:20.467623+00:00
-79.0955555555555,36.0711111111111,2bf55dc212734c469cd90fe8d976fadf,USGS-02085000,00060,00003,2016-04-10,30.3,ft^3/s,Approved,,2025-03-11 13:33:20.467623+00:00
-79.0955555555555,36.0711111111111,2bf55dc212734c469cd90fe8d976fadf,USGS-02085000,00060,00003,2016-04-09,35.0,ft^3/s,Approved,,2025-03-11 13:33:20.467623+00:00
-79.0955555555555,36.0711111111111,2bf55dc212734c469cd90fe8d976fadf,USGS-02085000,00060,00003,2016-04-08,40.7,ft^3/s,Approved,,2025-03-11 13:33:20.467623+00:00
-79.0955555555555,36.0711111111111,2bf55dc212734c469cd90fe8d976fadf,USGS-02085000,00060,00003,2016-04-07,42.2,ft^3/s,Approved,,2025-03-11 13:33:20.467623+00:00
-79.0955555555555,36.0711111111111,2bf55dc212734c469cd90fe8d976fadf,USGS-02085000,00060,00003,2016-04-06,37.9,ft^3/s,Approved,,2025-03-11 13:33:20.467623+00:00
-79.0955555555555,36.0711111111111,2bf55dc212734c469cd90fe8d976fadf,USGS-02085000,00060,00003,2016-04-05,45.1,ft^3/s,Approved,,2025-03-11 13:33:20.467623+00:00
-79.0955555555555,36.0711111111111,2bf55dc212734c469cd90fe8d976fadf,USGS-02085000,00060,00003,2016-04-04,51.4,ft^3/s,Approved,,2025-03-11 13:33:20.467623+00:00
-79.0955555555555,36.0711111111111,2bf55dc212734c469cd90fe8d976fadf,USGS-02085000,00060,00003,2016-04-03,69.9,ft^3/s,Approved,,2025-03-11 13:33:20.467623+00:00
-79.0955555555555,36.0711111111111,2bf55dc212734c469cd90fe8d976fadf,USGS-02085000,00060,00003,2016-04-02,92.7,ft^3/s,Approved,,2025-03-11 13:33:20.467623+00:00
-79.0955555555555,36.0711111111111,2bf55dc212734c469cd90fe8d976fadf,USGS-02085000,00060,00003,2016-04-01,68.4,ft^3/s,Approved,,2025-03-11 13:33:20.467623+00:00
-79.0955555555555,36.0711111111111,2bf55dc212734c469cd90fe8d976fadf,USGS-02085000,00060,00003,2016-03-31,73.5,ft^3/s,Approved,,2025-03-11 13:33:20.467623+00:00
-79.0955555555555,36.0711111111111,2bf55dc212734c469cd90fe8d976fadf,USGS-02085000,00060,00003,2016-03-30,95.1,ft^3/s,Approved,,2025-03-11 13:33:20.467623+00:00
-79.0955555555555,36.0711111111111,2bf55dc212734c469cd90fe8d976fadf,USGS-02085000,00060,00003,2016-03-29,169,ft^3/s,Approved,,2025-03-11 13:33:20.467623+00:00
-79.0955555555555,36.0711111111111,2bf55dc212734c469cd90fe8d976fadf,USGS-02085000,00060,00003,2016-03-28,594,ft^3/s,Approved,,2025-03-11 13:33:20.467623+00:00
-79.0955555555555,36.0711111111111,2bf55dc212734c469cd90fe8d976fadf,USGS-02085000,00060,00003,2016-03-27,67.2,ft^3/s,Approved,,2025-03-11 13:33:20.467623+00:00
-79.0955555555555,36.0711111111111,2bf55dc212734c469cd90fe8d976fadf,USGS-02085000,00060,00003,2016-03-26,32.2,ft^3/s,Approved,,2025-03-11 13:33:20.467623+00:00
-79.0955555555555,36.0711111111111,2bf55dc212734c469cd90fe8d976fadf,USGS-02085000,00060,00003,2016-03-25,32.9,ft^3/s,Approved,,2025-03-11 13:33:20.467623+00:00
-79.0955555555555,36.0711111111111,2bf55dc212734c469cd90fe8d976fadf,USGS-02085000,00060,00003,2016-03-24,33.1,ft^3/s,Approved,,2025-03-11 13:33:20.467623+00:00
-79.0955555555555,36.0711111111111,2bf55dc212734c469cd90fe8d976fadf,USGS-02085000,00060,00003,2016-03-23,33.1,ft^3/s,Approved,,2025-03-11 13:33:20.467623+00:00
-79.0955555555555,36.0711111111111,2bf55dc212734c469cd90fe8d976fadf,USGS-02085000,00060,00003,2016-03-22,36.1,ft^3/s,Approved,,2025-03-11 13:33:20.467623+00:00
-79.0955555555555,36.0711111111111,2bf55dc212734c469cd90fe8d976fadf,USGS-02085000,00060,00003,2016-03-21,42.0,ft^3/s,Approved,,2025-03-11 13:33:20.467623+00:00
-79.0955555555555,36.0711111111111,2bf55dc212734c469cd90fe8d976fadf,USGS-02085000,00060,00003,2016-03-20,45.8,ft^3/s,Approved,,2025-03-11 13:33:20.467623+00:00
-79.0955555555555,36.0711111111111,2bf55dc212734c469cd90fe8d976fadf,USGS-02085000,00060,00003,2016-03-19,43.0,ft^3/s,Approved,,2025-03-11 13:33:20.467623+00:00
-79.0955555555555,36.0711111111111,2bf55dc212734c469cd90fe8d976fadf,USGS-02085000,00060,00003,2016-03-18,46.9,ft^3/s,Approved,,2025-03-11 13:33:20.467623+00:00
-79.0955555555555,36.0711111111111,2bf55dc212734c469cd90fe8d976fadf,USGS-02085000,00060,00003,2016-03-17,55.9,ft^3/s,Approved,,2025-03-11 13:33:20.467623+00:00
-79.0955555555555,36.0711111111111,2bf55dc212734c469cd90fe8d976fadf,USGS-02085000,00060,00003,2016-03-16,71.0,ft^3/s,Approved,,2025-03-11 13:33:20.467623+00:00
-79.0955555555555,36.0711111111111,2bf55dc212734c469cd90fe8d976fadf,USGS-02085000,00060,00003,2016-03-15,108,ft^3/s,Approved,,2025-03-11 13:33:20.467623+00:00
-79.0955555555555,36.0711111111111,2bf55dc212734c469cd90fe8d976fadf,USGS-02085000,00060,00003,2016-03-14,99.0,ft^3/s,Approved,,2025-03-11 13:33:20.467623+00:00
-79.0955555555555,36.0711111111111,2bf55dc212734c469cd90fe8d976fadf,USGS-02085000,00060,00003,2016-03-13,47.2,ft^3/s,Approved,,2025-03-11 13:33:20.467623+00:00
-79.0955555555555,36.0711111111111,2bf55dc212734c469cd90fe8d976fadf,USGS-02085000,00060,00003,2016-03-12,40.8,ft^3/s,Approved,,2025-03-11 13:33:20.467623+00:00
-79.0955555555555,36.0711111111111,2bf55dc212734c469cd90fe8d976fadf,USGS-02085000,00060,00003,2016-03-11,41.1,ft^3/s,Approved,,2025-03-11 13:33:20.467623+00:00
-79.0955555555555,36.0711111111111,2bf55dc212734c469cd90fe8d976fadf,USGS-02085000,00060,00003,2016-03-10,42.1,ft^3/s,Approved,,2025-03-11 13:33:20.467623+00:00
-79.0955555555555,36.0711111111111,2bf55dc212734c469cd90fe8d976fadf,USGS-02085000,00060,00003,2016-03-09,43.7,ft^3/s,Approved,,2025-03-11 13:33:20.467623+00:00
-79.0955555555555,36.0711111111111,2bf55dc212734c469cd90fe8d976fadf,USGS-02085000,00060,00003,2016-03-08,47.0,ft^3/s,Approved,,2025-03-11 13:33:20.467623+00:00
-79.0955555555555,36.0711111111111,2bf55dc212734c469cd90fe8d976fadf,USGS-02085000,00060,00003,2016-03-07,50.6,ft^3/s,Approved,,2025-03-11 13:33:20.467623+00:00
-79.0955555555555,36.0711111111111,2bf55dc212734c469cd90fe8d976fadf,USGS-02085000,00060,00003,2016-03-06,55.4,ft^3/s,Approved,,2025-03-11 13:33:20.467623+00:00
-79.0955555555555,36.0711111111111,2bf55dc212734c469cd90fe8d976fadf,USGS-02085000,00060,00003,2016-03-05,58.7,ft^3/s,Approved,,2025-03-11 13:33:20.467623+00:00
-79.0955555555555,36.0711111111111,2bf55dc212734c469cd90fe8d976fadf,USGS-02085000,00060,00003,2016-03-04,62.6,ft^3/s,Approved,,2025-03-11 13:33:20.467623+00:00
-79.0955555555555,36.0711111111111,2bf55dc212734c469cd90fe8d976fadf,USGS-02085000,00060,00003,2016-03-03,61.6,ft^3/s,Approved,,2025-03-11 13:33:20.467623+00:00
-79.0955555555555,36.0711111111111,2bf55dc212734c469cd90fe8d976fadf,USGS-02085000,00060,00003,2016-03-02,68.6,ft^3/s,Approved,,2025-03-11 13:33:20.467623+00:00
-79.0955555555555,36.0711111111111,2bf55dc212734c469cd90fe8d976fadf,USGS-02085000,00060,00003,2016-03-01,70.5,ft^3/s,Approved,,2025-03-11 13:33:20.467623+00:00
-79.0955555555555,36.0711111111111,2bf55dc212734c469cd90fe8d976fadf,USGS-02085000,00060,00003,2016-02-29,79.3,ft^3/s,Approved,,2025-03-11 13:33:20.467623+00:00
-79.0955555555555,36.0711111111111,2bf55dc212734c469cd90fe8d976fadf,USGS-02085000,00060,00003,2016-02-28,88.7,ft^3/s,Approved,,2025-03-11 13:33:20.467623+00:00
-79.0955555555555,36.0711111111111,2bf55dc212734c469cd90fe8d976fadf,USGS-02085000,00060,00003,2016-02-27,107,ft^3/s,Approved,,2025-03-11 13:33:20.467623+00:00
-79.0955555555555,36.0711111111111,2bf55dc212734c469cd90fe8d976fadf,USGS-02085000,00060,00003,2016-02-26,155,ft^3/s,Approved,,2025-03-11 13:33:20.467623+00:00
-79.0955555555555,36.0711111111111,2bf55dc212734c469cd90fe8d976fadf,USGS-02085000,00060,00003,2016-02-25,437,ft^3/s,Approved,,2025-03-11 13:33:20.467623+00:00
-79.0955555555555,36.0711111111111,2bf55dc212734c469cd90fe8d976fadf,USGS-02085000,00060,00003,2016-02-24,551,ft^3/s,Approved,,2025-03-11 13:33:20.467623+00:00
-79.0955555555555,36.0711111111111,2bf55dc212734c469cd90fe8d976fadf,USGS-02085000,00060,00003,2016-02-23,160,ft^3/s,Approved,,2025-03-11 13:33:20.467623+00:00
-79.0955555555555,36.0711111111111,2bf55dc212734c469cd90fe8d976fadf,USGS-02085000,00060,00003,2016-02-22,72.2,ft^3/s,Approved,,2025-03-11 13:33:20.467623+00:00
-79.0955555555555,36.0711111111111,2bf55dc212734c469cd90fe8d976fadf,USGS-02085000,00060,00003,2016-02-21,75.4,ft^3/s,Approved,,2025-03-11 13:33:20.467623+00:00
-79.0955555555555,36.0711111111111,2bf55dc212734c469cd90fe8d976fadf,USGS-02085000,00060,00003,2016-02-20,82.3,ft^3/s,Approved,,2025-03-11 13:33:20.467623+00:00
-79.0955555555555,36.0711111111111,2bf55dc212734c469cd90fe8d976fadf,USGS-02085000,00060,00003,2016-02-19,95.3,ft^3/s,Approved,,2025-03-11 13:33:20.467623+00:00
-79.0955555555555,36.0711111111111,2bf55dc212734c469cd90fe8d976fadf,USGS-02085000,00060,00003,2016-02-18,132,ft^3/s,Approved,,2025-03-11 13:33:20.467623+00:00
-79.0955555555555,36.0711111111111,2bf55dc212734c469cd90fe8d976fadf,USGS-02085000,00060,00003,2016-02-17,294,ft^3/s,Approved,,2025-03-11 13:33:20.467623+00:00
-79.0955555555555,36.0711111111111,2bf55dc212734c469cd90fe8d976fadf,USGS-02085000,00060,00003,2016-02-16,637,ft^3/s,Approved,,2025-03-11 13:33:20.467623+00:00
-79.0955555555555,36.0711111111111,2bf55dc212734c469cd90fe8d976fadf,USGS-02085000,00060,00003,2016-02-15,41.8,ft^3/s,Approved,,2025-03-11 13:33:20.467623+00:00
-79.0955555555555,36.0711111111111,2bf55dc212734c469cd90fe8d976fadf,USGS-02085000,00060,00003,2016-02-14,37.7,ft^3/s,Approved,,2025-03-11 13:33:20.467623+00:00
-79.0955555555555,36.0711111111111,2bf55dc212734c469cd90fe8d976fadf,USGS-02085000,00060,00003,2016-02-13,43.0,ft^3/s,Approved,,2025-03-11 13:33:20.467623+00:00
-79.0955555555555,36.0711111111111,2bf55dc212734c469cd90fe8d976fadf,USGS-02085000,00060,00003,2016-02-12,44.1,ft^3/s,Approved,,2025-03-11 13:33:20.467623+00:00
-79.0955555555555,36.0711111111111,2bf55dc212734c469cd90fe8d976fadf,USGS-02085000,00060,00003,2016-02-11,47.8,ft^3/s,Approved,,2025-03-11 13:33:20.467623+00:00
-79.0955555555555,36.0711111111111,2bf55dc212734c469cd90fe8d976fadf,USGS-02085000,00060,00003,2016-02-10,54.5,ft^3/s,Approved,,2025-03-11 13:33:20.467623+00:00
-79.0955555555555,36.0711111111111,2bf55dc212734c469cd90fe8d976fadf,USGS-02085000,00060,00003,2016-02-09,61.1,ft^3/s,Approved,,2025-03-11 13:33:20.467623+00:00
-79.0955555555555,36.0711111111111,2bf55dc212734c469cd90fe8d976fadf,USGS-02085000,00060,00003,2016-02-08,65.1,ft^3/s,Approved,,2025-03-11 13:33:20.467623+00:00
-79.0955555555555,36.0711111111111,2bf55dc212734c469cd90fe8d976fadf,USGS-02085000,00060,00003,2016-02-07,73.4,ft^3/s,Approved,,2025-03-11 13:33:20.467623+00:00
-79.0955555555555,36.0711111111111,2bf55dc212734c469cd90fe8d976fadf,USGS-02085000,00060,00003,2016-02-06,86.0,ft^3/s,Approved,,2025-03-11 13:33:20.467623+00:00
-79.0955555555555,36.0711111111111,2bf55dc212734c469cd90fe8d976fadf,USGS-02085000,00060,00003,2016-02-05,120,ft^3/s,Approved,,2025-03-11 13:33:20.467623+00:00
-79.0955555555555,36.0711111111111,2bf55dc212734c469cd90fe8d976fadf,USGS-02085000,00060,00003,2016-02-04,201,ft^3/s,Approved,,2025-03-11 13:33:20.467623+00:00
-79.0955555555555,36.0711111111111,2bf55dc212734c469cd90fe8d976fadf,USGS-02085000,00060,00003,2016-02-03,85.6,ft^3/s,Approved,,2025-03-11 13:33:20.467623+00:00
-79.0955555555555,36.0711111111111,2bf55dc212734c469cd90fe8d976fadf,USGS-02085000,00060,00003,2016-02-02,71.9,ft^3/s,Approved,,2025-03-11 13:33:20.467623+00:00
-79.0955555555555,36.0711111111111,2bf55dc212734c469cd90fe8d976fadf,USGS-02085000,00060,00003,2016-02-01,65.0,ft^3/s,Approved,,2025-03-11 13:33:20.467623+00:00
-79.0955555555555,36.0711111111111,2bf55dc212734c469cd90fe8d976fadf,USGS-02085000,00060,00003,2016-01-31,71.4,ft^3/s,Approved,,2025-03-11 13:33:20.467623+00:00
-79.0955555555555,36.0711111111111,2bf55dc212734c469cd90fe8d976fadf,USGS-02085000,00060,00003,2016-01-30,83.7,ft^3/s,Approved,,2025-03-11 13:33:20.467623+00:00
-79.0955555555555,36.0711111111111,2bf55dc212734c469cd90fe8d976fadf,USGS-02085000,00060,00003,2016-01-29,113,ft^3/s,Approved,,2025-03-11 13:33:20.467623+00:00
-79.0955555555555,36.0711111111111,2bf55dc212734c469cd90fe8d976fadf,USGS-02085000,00060,00003,2016-01-28,166,ft^3/s,Approved,,2025-03-11 13:33:20.467623+00:00
-79.0955555555555,36.0711111111111,2bf55dc212734c469cd90fe8d976fadf,USGS-02085000,00060,00003,2016-01-27,197,ft^3/s,Approved,,2025-03-11 13:33:20.467623+00:00
-79.0955555555555,36.0711111111111,2bf55dc212734c469cd90fe8d976fadf,USGS-02085000,00060,00003,2016-01-26,90.0,ft^3/s,Approved,,2025-03-11 13:33:20.467623+00:00
-79.0955555555555,36.0711111111111,2bf55dc212734c469cd90fe8d976fadf,USGS-02085000,00060,00003,2016-01-25,51.1,ft^3/s,Approved,,2025-03-11 13:33:20.467623+00:00
-79.0955555555555,36.0711111111111,2bf55dc212734c469cd90fe8d976fadf,USGS-02085000,00060,00003,2016-01-24,54.1,ft^3/s,Approved,,2025-03-11 13:33:20.467623+00:00
-79.0955555555555,36.0711111111111,2bf55dc212734c469cd90fe8d976fadf,USGS-02085000,00060,00003,2016-01-23,71.1,ft^3/s,Approved,,2025-03-11 13:33:20.467623+00:00
-79.0955555555555,36.0711111111111,2bf55dc212734c469cd90fe8d976fadf,USGS-02085000,00060,00003,2016-01-22,52.5,ft^3/s,Approved,,2025-03-11 13:33:20.467623+00:00
-79.0955555555555,36.0711111111111,2bf55dc212734c469cd90fe8d976fadf,USGS-02085000,00060,00003,2016-01-21,43.0,ft^3/s,Approved,,2025-03-11 13:33:20.467623+00:00
-79.0955555555555,36.0711111111111,2bf55dc212734c469cd90fe8d976fadf,USGS-02085000,00060,00003,2016-01-20,43.5,ft^3/s,Approved,,2025-03-11 13:33:20.467623+00:00
-79.0955555555555,36.0711111111111,2bf55dc212734c469cd90fe8d976fadf,USGS-02085000,00060,00003,2016-01-19,50.1,ft^3/s,Approved,,2025-03-11 13:33:20.467623+00:00
-79.0955555555555,36.0711111111111,2bf55dc212734c469cd90fe8d976fadf,USGS-02085000,00060,00003,2016-01-18,61.7,ft^3/s,Approved,,2025-03-11 13:33:20.467623+00:00
-79.0955555555555,36.0711111111111,2bf55dc212734c469cd90fe8d976fadf,USGS-02085000,00060,00003,2016-01-17,71.8,ft^3/s,Approved,,2025-03-11 13:33:20.467623+00:00
-79.0955555555555,36.0711111111111,2bf55dc212734c469cd90fe8d976fadf,USGS-02085000,00060,00003,2016-01-16,80.7,ft^3/s,Approved,,2025-03-11 13:33:20.467623+00:00
-79.0955555555555,36.0711111111111,2bf55dc212734c469cd90fe8d976fadf,USGS-02085000,00060,00003,2016-01-15,49.4,ft^3/s,Approved,,2025-03-11 13:33:20.467623+00:00
-79.0955555555555,36.0711111111111,2bf55dc212734c469cd90fe8d976fadf,USGS-02085000,00060,00003,2016-01-14,45.8,ft^3/s,Approved,,2025-03-11 13:33:20.467623+00:00
-79.0955555555555,36.0711111111111,2bf55dc212734c469cd90fe8d976fadf,USGS-02085000,00060,00003,2016-01-13,50.3,ft^3/s,Approved,,2025-03-11 13:33:20.467623+00:00
-79.0955555555555,36.0711111111111,2bf55dc212734c469cd90fe8d976fadf,USGS-02085000,00060,00003,2016-01-12,56.4,ft^3/s,Approved,,2025-03-11 13:33:20.467623+00:00
-79.0955555555555,36.0711111111111,2bf55dc212734c469cd90fe8d976fadf,USGS-02085000,00060,00003,2016-01-11,66.0,ft^3/s,Approved,,2025-03-11 13:33:20.467623+00:00
-79.0955555555555,36.0711111111111,2bf55dc212734c469cd90fe8d976fadf,USGS-02085000,00060,00003,2016-01-10,78.8,ft^3/s,Approved,,2025-03-11 13:33:20.467623+00:00
-79.0955555555555,36.0711111111111,2bf55dc212734c469cd90fe8d976fadf,USGS-02085000,00060,00003,2016-01-09,63.6,ft^3/s,Approved,,2025-03-11 13:33:20.467623+00:00
-79.0955555555555,36.0711111111111,2bf55dc212734c469cd90fe8d976fadf,USGS-02085000,00060,00003,2016-01-08,61.7,ft^3/s,Approved,,2025-03-11 13:33:20.467623+00:00
-79.0955555555555,36.0711111111111,2bf55dc212734c469cd90fe8d976fadf,USGS-02085000,00060,00003,2016-01-07,63.4,ft^3/s,Approved,,2025-03-11 13:33:20.467623+00:00
-79.0955555555555,36.0711111111111,2bf55dc212734c469cd90fe8d976fadf,USGS-02085000,00060,00003,2016-01-06,65.2,ft^3/s,Approved,,2025-03-11 13:33:20.467623+00:00
-79.0955555555555,36.0711111111111,2bf55dc212734c469cd90fe8d976fadf,USGS-02085000,00060,00003,2016-01-05,73.3,ft^3/s,Approved,,2025-03-11 13:33:20.467623+00:00
-79.0955555555555,36.0711111111111,2bf55dc212734c469cd90fe8d976fadf,USGS-02085000,00060,00003,2016-01-04,87.8,ft^3/s,Approved,,2025-03-11 13:33:20.467623+00:00
-79.0955555555555,36.0711111111111,2bf55dc212734c469cd90fe8d976fadf,USGS-02085000,00060,00003,2016-01-03,104,ft^3/s,Approved,,2025-03-11 13:33:20.467623+00:00
-79.0955555555555,36.0711111111111,2bf55dc212734c469cd90fe8d976fadf,USGS-02085000,00060,00003,2016-01-02,135,ft^3/s,Approved,,2025-03-11 13:33:20.467623+00:00
-79.0955555555555,36.0711111111111,2bf55dc212734c469cd90fe8d976fadf,USGS-02085000,00060,00003,2016-01-01,226,ft^3/s,Approved,,2025-09-16 15:57:16.658682+00:00
-79.0955555555555,36.0711111111111,2bf55dc212734c469cd90fe8d976fadf,USGS-02085000,00060,00003,2015-12-31,522,ft^3/s,Approved,['ESTIMATED'],2025-09-16 15:57:16.658682+00:00
-79.0955555555555,36.0711111111111,2bf55dc212734c469cd90fe8d976fadf,USGS-02085000,00060,00003,2015-12-30,1300,ft^3/s,Approved,['ESTIMATED'],2025-09-16 15:57:16.658682+00:00
-79.0955555555555,36.0711111111111,2bf55dc212734c469cd90fe8d976fadf,USGS-02085000,00060,00003,2015-12-29,212,ft^3/s,Approved,,2025-03-11 13:33:20.467623+00:00
-79.0955555555555,36.0711111111111,2bf55dc212734c469cd90fe8d976fadf,USGS-02085000,00060,00003,2015-12-28,107,ft^3/s,Approved,,2025-03-11 13:33:20.467623+00:00
-79.0955555555555,36.0711111111111,2bf55dc212734c469cd90fe8d976fadf,USGS-02085000,00060,00003,2015-12-27,128,ft^3/s,Approved,,2025-03-11 13:33:20.467623+00:00
-79.0955555555555,36.0711111111111,2bf55dc212734c469cd90fe8d976fadf,USGS-02085000,00060,00003,2015-12-26,191,ft^3/s,Approved,,2025-03-11 13:33:20.467623+00:00
-79.0955555555555,36.0711111111111,2bf55dc212734c469cd90fe8d976fadf,USGS-02085000,00060,00003,2015-12-25,429,ft^3/s,Approved,,2025-03-11 13:33:20.467623+00:00
-79.0955555555555,36.0711111111111,2bf55dc212734c469cd90fe8d976fadf,USGS-02085000,00060,00003,2015-12-24,1410,ft^3/s,Approved,,2025-03-11 13:33:20.467623+00:00
-79.0955555555555,36.0711111111111,2bf55dc212734c469cd90fe8d976fadf,USGS-02085000,00060,00003,2015-12-23,1650,ft^3/s,Approved,,2025-03-11 13:33:20.467623+00:00
-79.0955555555555,36.0711111111111,2bf55dc212734c469cd90fe8d976fadf,USGS-02085000,00060,00003,2015-12-22,1100,ft^3/s,Approved,,2025-03-11 13:33:20.467623+00:00
-79.0955555555555,36.0711111111111,2bf55dc212734c469cd90fe8d976fadf,USGS-02085000,00060,00003,2015-12-21,49.4,ft^3/s,Approved,,2025-03-11 13:33:20.467623+00:00
-79.0955555555555,36.0711111111111,2bf55dc212734c469cd90fe8d976fadf,USGS-02085000,00060,00003,2015-12-20,60.5,ft^3/s,Approved,,2025-03-11 13:33:20.467623+00:00
-79.0955555555555,36.0711111111111,2bf55dc212734c469cd90fe8d976fadf,USGS-02085000,00060,00003,2015-12-19,91.7,ft^3/s,Approved,,2025-03-11 13:33:20.467623+00:00
-79.0955555555555,36.0711111111111,2bf55dc212734c469cd90fe8d976fadf,USGS-02085000,00060,00003,2015-12-18,200,ft^3/s,Approved,,2025-03-11 13:33:20.467623+00:00
-79.0955555555555,36.0711111111111,2bf55dc212734c469cd90fe8d976fadf,USGS-02085000,00060,00003,2015-12-17,140,ft^3/s,Approved,,2025-03-11 13:33:20.467623+00:00
-79.0955555555555,36.0711111111111,2bf55dc212734c469cd90fe8d976fadf,USGS-02085000,00060,00003,2015-12-16,28.8,ft^3/s,Approved,,2025-03-11 13:33:20.467623+00:00
-79.0955555555555,36.0711111111111,2bf55dc212734c469cd90fe8d976fadf,USGS-02085000,00060,00003,2015-12-15,34.6,ft^3/s,Approved,,2025-03-11 13:33:20.467623+00:00
-79.0955555555555,36.0711111111111,2bf55dc212734c469cd90fe8d976fadf,USGS-02085000,00060,00003,2015-12-14,29.5,ft^3/s,Approved,,2025-03-11 13:33:20.467623+00:00
-79.0955555555555,36.0711111111111,2bf55dc212734c469cd90fe8d976fadf,USGS-02085000,00060,00003,2015-12-13,28.0,ft^3/s,Approved,,2025-03-11 13:33:20.467623+00:00
-79.0955555555555,36.0711111111111,2bf55dc212734c469cd90fe8d976fadf,USGS-02085000,00060,00003,2015-12-12,27.5,ft^3/s,Approved,,2025-03-11 13:33:20.467623+00:00
-79.0955555555555,36.0711111111111,2bf55dc212734c469cd90fe8d976fadf,USGS-02085000,00060,00003,2015-12-11,30.1,ft^3/s,Approved,,2025-03-11 13:33:20.467623+00:00
-79.0955555555555,36.0711111111111,2bf55dc212734c469cd90fe8d976fadf,USGS-02085000,00060,00003,2015-12-10,31.4,ft^3/s,Approved,,2025-03-11 13:33:20.467623+00:00
-79.0955555555555,36.0711111111111,2bf55dc212734c469cd90fe8d976fadf,USGS-02085000,00060,00003,2015-12-09,34.4,ft^3/s,Approved,,2025-03-11 13:33:20.467623+00:00
-79.0955555555555,36.0711111111111,2bf55dc212734c469cd90fe8d976fadf,USGS-02085000,00060,00003,2015-12-08,37.0,ft^3/s,Approved,,2025-03-11 13:33:20.467623+00:00
-79.0955555555555,36.0711111111111,2bf55dc212734c469cd90fe8d976fadf,USGS-02085000,00060,00003,2015-12-07,40.6,ft^3/s,Approved,,2025-03-11 13:33:20.467623+00:00
-79.0955555555555,36.0711111111111,2bf55dc212734c469cd90fe8d976fadf,USGS-02085000,00060,00003,2015-12-06,45.6,ft^3/s,Approved,,2025-03-11 13:33:20.467623+00:00
-79.0955555555555,36.0711111111111,2bf55dc212734c469cd90fe8d976fadf,USGS-02085000,00060,00003,2015-12-05,55.5,ft^3/s,Approved,,2025-03-11 13:33:20.467623+00:00
-79.0955555555555,36.0711111111111,2bf55dc212734c469cd90fe8d976fadf,USGS-02085000,00060,00003,2015-12-04,73.5,ft^3/s,Approved,,2025-03-11 13:33:20.467623+00:00
-79.0955555555555,36.0711111111111,2bf55dc212734c469cd90fe8d976fadf,USGS-02085000,00060,00003,2015-12-03,113,ft^3/s,Approved,,2025-03-11 13:33:20.467623+00:00
-79.0955555555555,36.0711111111111,2bf55dc212734c469cd90fe8d976fadf,USGS-02085000,00060,00003,2015-12-02,178,ft^3/s,Approved,,2025-03-11 13:33:20.467623+00:00
-79.0955555555555,36.0711111111111,2bf55dc212734c469cd90fe8d976fadf,USGS-02085000,00060,00003,2015-12-01,207,ft^3/s,Approved,,2025-03-11 13:33:20.467623+00:00
-79.0955555555555,36.0711111111111,2bf55dc212734c469cd90fe8d976fadf,USGS-02085000,00060,00003,2015-11-30,84.7,ft^3/s,Approved,,2025-03-11 13:33:20.467623+00:00
-79.0955555555555,36.0711111111111,2bf55dc212734c469cd90fe8d976fadf,USGS-02085000,00060,00003,2015-11-29,26.9,ft^3/s,Approved,,2025-03-11 13:33:20.467623+00:00
-79.0955555555555,36.0711111111111,2bf55dc212734c469cd90fe8d976fadf,USGS-02085000,00060,00003,2015-11-28,28.0,ft^3/s,Approved,,2025-03-11 13:33:20.467623+00:00
-79.0955555555555,36.0711111111111,2bf55dc212734c469cd90fe8d976fadf,USGS-02085000,00060,00003,2015-11-27,28.9,ft^3/s,Approved,,2025-03-11 13:33:20.467623+00:00
-79.0955555555555,36.0711111111111,2bf55dc212734c469cd90fe8d976fadf,USGS-02085000,00060,00003,2015-11-26,30.1,ft^3/s,Approved,,2025-03-11 13:33:20.467623+00:00
-79.0955555555555,36.0711111111111,2bf55dc212734c469cd90fe8d976fadf,USGS-02085000,00060,00003,2015-11-25,34.0,ft^3/s,Approved,,2025-03-11 13:33:20.467623+00:00
-79.0955555555555,36.0711111111111,2bf55dc212734c469cd90fe8d976fadf,USGS-02085000,00060,00003,2015-11-24,40.2,ft^3/s,Approved,,2025-03-11 13:33:20.467623+00:00
-79.0955555555555,36.0711111111111,2bf55dc212734c469cd90fe8d976fadf,USGS-02085000,00060,00003,2015-11-23,53.0,ft^3/s,Approved,,2025-03-11 13:33:20.467623+00:00
-79.0955555555555,36.0711111111111,2bf55dc212734c469cd90fe8d976fadf,USGS-02085000,00060,00003,2015-11-22,73.2,ft^3/s,Approved,,2025-03-11 13:33:20.467623+00:00
-79.0955555555555,36.0711111111111,2bf55dc212734c469cd90fe8d976fadf,USGS-02085000,00060,00003,2015-11-21,110,ft^3/s,Approved,,2025-03-11 13:33:20.467623+00:00
-79.0955555555555,36.0711111111111,2bf55dc212734c469cd90fe8d976fadf,USGS-02085000,00060,00003,2015-11-20,313,ft^3/s,Approved,,2025-03-11 13:33:20.467623+00:00
-79.0955555555555,36.0711111111111,2bf55dc212734c469cd90fe8d976fadf,USGS-02085000,00060,00003,2015-11-19,421,ft^3/s,Approved,,2025-03-11 13:33:20.467623+00:00
-79.0955555555555,36.0711111111111,2bf55dc212734c469cd90fe8d976fadf,USGS-02085000,00060,00003,2015-11-18,23.6,ft^3/s,Approved,,2025-03-11 13:33:20.467623+00:00
-79.0955555555555,36.0711111111111,2bf55dc212734c469cd90fe8d976fadf,USGS-02085000,00060,00003,2015-11-17,25.4,ft^3/s,Approved,,2025-03-11 13:33:20.467623+00:00
-79.0955555555555,36.0711111111111,2bf55dc212734c469cd90fe8d976fadf,USGS-02085000,00060,00003,2015-11-16,28.3,ft^3/s,Approved,,2025-03-11 13:33:20.467623+00:00
-79.0955555555555,36.0711111111111,2bf55dc212734c469cd90fe8d976fadf,USGS-02085000,00060,00003,2015-11-15,32.6,ft^3/s,Approved,,2025-03-11 13:33:20.467623+00:00
-79.0955555555555,36.0711111111111,2bf55dc212734c469cd90fe8d976fadf,USGS-02085000,00060,00003,2015-11-14,41.8,ft^3/s,Approved,,2025-03-11 13:33:20.467623+00:00
-79.0955555555555,36.0711111111111,2bf55dc212734c469cd90fe8d976fadf,USGS-02085000,00060,00003,2015-11-13,59.5,ft^3/s,Approved,,2025-03-11 13:33:20.467623+00:00
-79.0955555555555,36.0711111111111,2bf55dc212734c469cd90fe8d976fadf,USGS-02085000,00060,00003,2015-11-12,85.9,ft^3/s,Approved,,2025-03-11 13:33:20.467623+00:00
-79.0955555555555,36.0711111111111,2bf55dc212734c469cd90fe8d976fadf,USGS-02085000,00060,00003,2015-11-11,157,ft^3/s,Approved,,2025-03-11 13:33:20.467623+00:00
-79.0955555555555,36.0711111111111,2bf55dc212734c469cd90fe8d976fadf,USGS-02085000,00060,00003,2015-11-10,504,ft^3/s,Approved,,2025-03-11 13:33:20.467623+00:00
-79.0955555555555,36.0711111111111,2bf55dc212734c469cd90fe8d976fadf,USGS-02085000,00060,00003,2015-11-09,261,ft^3/s,Approved,,2025-03-11 13:33:20.467623+00:00
-79.0955555555555,36.0711111111111,2bf55dc212734c469cd90fe8d976fadf,USGS-02085000,00060,00003,2015-11-08,66.6,ft^3/s,Approved,,2025-03-11 13:33:20.467623+00:00
-79.0955555555555,36.0711111111111,2bf55dc212734c469cd90fe8d976fadf,USGS-02085000,00060,00003,2015-11-07,45.4,ft^3/s,Approved,,2025-03-11 13:33:20.467623+00:00
-79.0955555555555,36.0711111111111,2bf55dc212734c469cd90fe8d976fadf,USGS-02085000,00060,00003,2015-11-06,47.1,ft^3/s,Approved,,2025-03-11 13:33:20.467623+00:00
-79.0955555555555,36.0711111111111,2bf55dc212734c469cd90fe8d976fadf,USGS-02085000,00060,00003,2015-11-05,73.1,ft^3/s,Approved,,2025-03-11 13:33:20.467623+00:00
-79.0955555555555,36.0711111111111,2bf55dc212734c469cd90fe8d976fadf,USGS-02085000,00060,00003,2015-11-04,103,ft^3/s,Approved,,2025-03-11 13:33:20.467623+00:00
-79.0955555555555,36.0711111111111,2bf55dc212734c469cd90fe8d976fadf,USGS-02085000,00060,00003,2015-11-03,192,ft^3/s,Approved,,2025-03-11 13:33:20.467623+00:00
-79.0955555555555,36.0711111111111,2bf55dc212734c469cd90fe8d976fadf,USGS-02085000,00060,00003,2015-11-02,264,ft^3/s,Approved,,2025-03-11 13:33:20.467623+00:00
-79.0955555555555,36.0711111111111,2bf55dc212734c469cd90fe8d976fadf,USGS-02085000,00060,00003,2015-11-01,9.77,ft^3/s,Approved,,2025-03-11 13:33:20.467623+00:00
-79.0955555555555,36.0711111111111,2bf55dc212734c469cd90fe8d976fadf,USGS-02085000,00060,00003,2015-10-31,11.5,ft^3/s,Approved,,2025-03-11 13:33:20.467623+00:00
-79.0955555555555,36.0711111111111,2bf55dc212734c469cd90fe8d976fadf,USGS-02085000,00060,00003,2015-10-30,17.2,ft^3/s,Approved,,2025-03-11 13:33:20.467623+00:00
-79.0955555555555,36.0711111111111,2bf55dc212734c469cd90fe8d976fadf,USGS-02085000,00060,00003,2015-10-29,29.3,ft^3/s,Approved,,2025-03-11 13:33:20.467623+00:00
-79.0955555555555,36.0711111111111,2bf55dc212734c469cd90fe8d976fadf,USGS-02085000,00060,00003,2015-10-28,28.4,ft^3/s,Approved,,2025-03-11 13:33:20.467623+00:00
-79.0955555555555,36.0711111111111,2bf55dc212734c469cd90fe8d976fadf,USGS-02085000,00060,00003,2015-10-27,6.72,ft^3/s,Approved,,2025-03-11 13:33:20.467623+00:00
-79.0955555555555,36.0711111111111,2bf55dc212734c469cd90fe8d976fadf,USGS-02085000,00060,00003,2015-10-26,5.78,ft^3/s,Approved,,2025-03-11 13:33:20.467623+00:00
-79.0955555555555,36.0711111111111,2bf55dc212734c469cd90fe8d976fadf,USGS-02085000,00060,00003,2015-10-25,6.23,ft^3/s,Approved,,2025-03-11 13:33:20.467623+00:00
-79.0955555555555,36.0711111111111,2bf55dc212734c469cd90fe8d976fadf,USGS-02085000,00060,00003,2015-10-24,5.86,ft^3/s,Approved,,2025-03-11 13:33:20.467623+00:00
-79.0955555555555,36.0711111111111,2bf55dc212734c469cd90fe8d976fadf,USGS-02085000,00060,00003,2015-10-23,5.84,ft^3/s,Approved,,2025-03-11 13:33:20.467623+00:00
-79.0955555555555,36.0711111111111,2bf55dc212734c469cd90fe8d976fadf,USGS-02085000,00060,00003,2015-10-22,5.59,ft^3/s,Approved,,2025-03-11 13:33:20.467623+00:00
-79.0955555555555,36.0711111111111,2bf55dc212734c469cd90fe8d976fadf,USGS-02085000,00060,00003,2015-10-21,5.24,ft^3/s,Approved,,2025-03-11 13:33:20.467623+00:00
-79.0955555555555,36.0711111111111,2bf55dc212734c469cd90fe8d976fadf,USGS-02085000,00060,00003,2015-10-20,5.60,ft^3/s,Approved,,2025-03-11 13:33:20.467623+00:00
-79.0955555555555,36.0711111111111,2bf55dc212734c469cd90fe8d976fadf,USGS-02085000,00060,00003,2015-10-19,5.93,ft^3/s,Approved,,2025-03-11 13:33:20.467623+00:00
-79.0955555555555,36.0711111111111,2bf55dc212734c469cd90fe8d976fadf,USGS-02085000,00060,00003,2015-10-18,6.91,ft^3/s,Approved,,2025-03-11 13:33:20.467623+00:00
-79.0955555555555,36.0711111111111,2bf55dc212734c469cd90fe8d976fadf,USGS-02085000,00060,00003,2015-10-17,6.75,ft^3/s,Approved,,2025-03-11 13:33:20.467623+00:00
-79.0955555555555,36.0711111111111,2bf55dc212734c469cd90fe8d976fadf,USGS-02085000,00060,00003,2015-10-16,6.71,ft^3/s,Approved,,2025-03-11 13:33:20.467623+00:00
-79.0955555555555,36.0711111111111,2bf55dc212734c469cd90fe8d976fadf,USGS-02085000,00060,00003,2015-10-15,6.81,ft^3/s,Approved,,2025-03-11 13:33:20.467623+00:00
-79.0955555555555,36.0711111111111,2bf55dc212734c469cd90fe8d976fadf,USGS-02085000,00060,00003,2015-10-14,7.46,ft^3/s,Approved,,2025-03-11 13:33:20.467623+00:00
-79.0955555555555,36.0711111111111,2bf55dc212734c469cd90fe8d976fadf,USGS-02085000,00060,00003,2015-10-13,9.03,ft^3/s,Approved,,2025-03-11 13:33:20.467623+00:00
-79.0955555555555,36.0711111111111,2bf55dc212734c469cd90fe8d976fadf,USGS-02085000,00060,00003,2015-10-12,10.9,ft^3/s,Approved,,2025-03-11 13:33:20.467623+00:00
-79.0955555555555,36.0711111111111,2bf55dc212734c469cd90fe8d976fadf,USGS-02085000,00060,00003,2015-10-11,13.0,ft^3/s,Approved,,2025-03-11 13:33:20.467623+00:00
-79.0955555555555,36.0711111111111,2bf55dc212734c469cd90fe8d976fadf,USGS-02085000,00060,00003,2015-10-10,14.2,ft^3/s,Approved,,2025-03-11 13:33:20.467623+00:00
-79.0955555555555,36.0711111111111,2bf55dc212734c469cd90fe8d976fadf,USGS-02085000,00060,00003,2015-10-09,16.3,ft^3/s,Approved,,2025-03-11 13:33:20.467623+00:00
-79.0955555555555,36.0711111111111,2bf55dc212734c469cd90fe8d976fadf,USGS-02085000,00060,00003,2015-10-08,22.1,ft^3/s,Approved,,2025-03-11 13:33:20.467623+00:00
-79.0955555555555,36.0711111111111,2bf55dc212734c469cd90fe8d976fadf,USGS-02085000,00060,00003,2015-10-07,33.8,ft^3/s,Approved,,2025-03-11 13:33:20.467623+00:00
-79.0955555555555,36.0711111111111,2bf55dc212734c469cd90fe8d976fadf,USGS-02085000,00060,00003,2015-10-06,59.4,ft^3/s,Approved,,2025-03-11 13:33:20.467623+00:00
-79.0955555555555,36.0711111111111,2bf55dc212734c469cd90fe8d976fadf,USGS-02085000,00060,00003,2015-10-05,115,ft^3/s,Approved,,2025-03-11 13:33:20.467623+00:00
-79.0955555555555,36.0711111111111,2bf55dc212734c469cd90fe8d976fadf,USGS-02085000,00060,00003,2015-10-04,341,ft^3/s,Approved,,2025-03-11 13:33:20.467623+00:00
-79.0955555555555,36.0711111111111,2bf55dc212734c469cd90fe8d976fadf,USGS-02085000,00060,00003,2015-10-03,1150,ft^3/s,Approved,,2025-03-11 13:33:20.467623+00:00
-79.0955555555555,36.0711111111111,2bf55dc212734c469cd90fe8d976fadf,USGS-02085000,00060,00003,2015-10-02,121,ft^3/s,Approved,,2025-03-11 13:33:20.467623+00:00
-79.0955555555555,36.0711111111111,2bf55dc212734c469cd90fe8d976fadf,USGS-02085000,00060,00003,2015-10-01,21.2,ft^3/s,Approved,,2025-03-11 13:33:20.467623+00:00
-79.0955555555555,36.0711111111111,2bf55dc212734c469cd90fe8d976fadf,USGS-02085000,00060,00003,2015-09-30,42.9,ft^3/s,Approved,,2025-03-11 13:33:20.467623+00:00
-79.0955555555555,36.0711111111111,2bf55dc212734c469cd90fe8d976fadf,USGS-02085000,00060,00003,2015-09-29,83.3,ft^3/s,Approved,,2025-03-11 13:33:20.467623+00:00
-79.0955555555555,36.0711111111111,2bf55dc212734c469cd90fe8d976fadf,USGS-02085000,00060,00003,2015-09-28,10.0,ft^3/s,Approved,,2025-03-11 13:33:20.467623+00:00
-79.0955555555555,36.0711111111111,2bf55dc212734c469cd90fe8d976fadf,USGS-02085000,00060,00003,2015-09-27,19.6,ft^3/s,Approved,,2025-03-11 13:33:20.467623+00:00
-79.0955555555555,36.0711111111111,2bf55dc212734c469cd90fe8d976fadf,USGS-02085000,00060,00003,2015-09-26,27.4,ft^3/s,Approved,,2025-03-11 13:33:20.467623+00:00
-79.0955555555555,36.0711111111111,2bf55dc212734c469cd90fe8d976fadf,USGS-02085000,00060,00003,2015-09-25,35.1,ft^3/s,Approved,,2025-03-11 13:33:20.467623+00:00
-79.0955555555555,36.0711111111111,2bf55dc212734c469cd90fe8d976fadf,USGS-02085000,00060,00003,2015-09-24,3.00,ft^3/s,Approved,,2025-03-11 13:33:20.467623+00:00
-79.0955555555555,36.0711111111111,2bf55dc212734c469cd90fe8d976fadf,USGS-02085000,00060,00003,2015-09-23,3.20,ft^3/s,Approved,,2025-03-11 13:33:20.467623+00:00
-79.0955555555555,36.0711111111111,2bf55dc212734c469cd90fe8d976fadf,USGS-02085000,00060,00003,2015-09-22,3.51,ft^3/s,Approved,,2025-03-11 13:33:20.467623+00:00
-79.0955555555555,36.0711111111111,2bf55dc212734c469cd90fe8d976fadf,USGS-02085000,00060,00003,2015-09-21,3.16,ft^3/s,Approved,,2025-03-11 13:33:20.467623+00:00
-79.0955555555555,36.0711111111111,2bf55dc212734c469cd90fe8d976fadf,USGS-02085000,00060,00003,2015-09-20,3.27,ft^3/s,Approved,,2025-03-11 13:33:20.467623+00:00
-79.0955555555555,36.0711111111111,2bf55dc212734c469cd90fe8d976fadf,USGS-02085000,00060,00003,2015-09-19,3.02,ft^3/s,Approved,,2025-03-11 13:33:20.467623+00:00
-79.0955555555555,36.0711111111111,2bf55dc212734c469cd90fe8d976fadf,USGS-02085000,00060,00003,2015-09-18,3.61,ft^3/s,Approved,,2025-03-11 13:33:20.467623+00:00
-79.0955555555555,36.0711111111111,2bf55dc212734c469cd90fe8d976fadf,USGS-02085000,00060,00003,2015-09-17,3.87,ft^3/s,Approved,,2025-03-11 13:33:20.467623+00:00
-79.0955555555555,36.0711111111111,2bf55dc212734c469cd90fe8d976fadf,USGS-02085000,00060,00003,2015-09-16,3.54,ft^3/s,Approved,,2025-03-11 13:33:20.467623+00:00
-79.0955555555555,36.0711111111111,2bf55dc212734c469cd90fe8d976fadf,USGS-02085000,00060,00003,2015-09-15,3.16,ft^3/s,Approved,,2025-03-11 13:33:20.467623+00:00
-79.0955555555555,36.0711111111111,2bf55dc212734c469cd90fe8d976fadf,USGS-02085000,00060,00003,2015-09-14,3.73,ft^3/s,Approved,,2025-03-11 13:33:20.467623+00:00
-79.0955555555555,36.0711111111111,2bf55dc212734c469cd90fe8d976fadf,USGS-02085000,00060,00003,2015-09-13,5.13,ft^3/s,Approved,,2025-03-11 13:33:20.467623+00:00
-79.0955555555555,36.0711111111111,2bf55dc212734c469cd90fe8d976fadf,USGS-02085000,00060,00003,2015-09-12,8.03,ft^3/s,Approved,,2025-03-11 13:33:20.467623+00:00
-79.0955555555555,36.0711111111111,2bf55dc212734c469cd90fe8d976fadf,USGS-02085000,00060,00003,2015-09-11,6.61,ft^3/s,Approved,,2025-03-11 13:33:20.467623+00:00
-79.0955555555555,36.0711111111111,2bf55dc212734c469cd90fe8d976fadf,USGS-02085000,00060,00003,2015-09-10,5.97,ft^3/s,Approved,,2025-03-11 13:33:20.467623+00:00
-79.0955555555555,36.0711111111111,2bf55dc212734c469cd90fe8d976fadf,USGS-02085000,00060,00003,2015-09-09,3.92,ft^3/s,Approved,,2025-03-11 13:33:20.467623+00:00
-79.0955555555555,36.0711111111111,2bf55dc212734c469cd90fe8d976fadf,USGS-02085000,00060,00003,2015-09-08,4.00,ft^3/s,Approved,,2025-03-11 13:33:20.467623+00:00
-79.0955555555555,36.0711111111111,2bf55dc212734c469cd90fe8d976fadf,USGS-02085000,00060,00003,2015-09-07,4.79,ft^3/s,Approved,,2025-03-11 13:33:20.467623+00:00
-79.0955555555555,36.0711111111111,2bf55dc212734c469cd90fe8d976fadf,USGS-02085000,00060,00003,2015-09-06,4.42,ft^3/s,Approved,,2025-03-11 13:33:20.467623+00:00
-79.0955555555555,36.0711111111111,2bf55dc212734c469cd90fe8d976fadf,USGS-02085000,00060,00003,2015-09-05,4.46,ft^3/s,Approved,,2025-03-11 13:33:20.467623+00:00
-79.0955555555555,36.0711111111111,2bf55dc212734c469cd90fe8d976fadf,USGS-02085000,00060,00003,2015-09-04,2.46,ft^3/s,Approved,,2025-03-11 13:33:20.467623+00:00
-79.0955555555555,36.0711111111111,2bf55dc212734c469cd90fe8d976fadf,USGS-02085000,00060,00003,2015-09-03,1.12,ft^3/s,Approved,,2025-03-11 13:33:20.467623+00:00
-79.0955555555555,36.0711111111111,2bf55dc212734c469cd90fe8d976fadf,USGS-02085000,00060,00003,2015-09-02,2.97,ft^3/s,Approved,,2025-03-11 13:33:20.467623+00:00
-79.0955555555555,36.0711111111111,2bf55dc212734c469cd90fe8d976fadf,USGS-02085000,00060,00003,2015-09-01,5.57,ft^3/s,Approved,,2025-03-11 13:33:20.467623+00:00
-79.0955555555555,36.0711111111111,2bf55dc212734c469cd90fe8d976fadf,USGS-02085000,00060,00003,2015-08-31,9.07,ft^3/s,Approved,,2025-03-11 13:33:20.467623+00:00
-79.0955555555555,36.0711111111111,2bf55dc212734c469cd90fe8d976fadf,USGS-02085000,00060,00003,2015-08-30,3.35,ft^3/s,Approved,,2025-03-11 13:33:20.467623+00:00
-79.0955555555555,36.0711111111111,2bf55dc212734c469cd90fe8d976fadf,USGS-02085000,00060,00003,2015-08-29,2.24,ft^3/s,Approved,,2025-03-11 13:33:20.467623+00:00
-79.0955555555555,36.0711111111111,2bf55dc212734c469cd90fe8d976fadf,USGS-02085000,00060,00003,2015-08-28,2.84,ft^3/s,Approved,,2025-03-11 13:33:20.467623+00:00
-79.0955555555555,36.0711111111111,2bf55dc212734c469cd90fe8d976fadf,USGS-02085000,00060,00003,2015-08-27,3.01,ft^3/s,Approved,,2025-03-11 13:33:20.467623+00:00
-79.0955555555555,36.0711111111111,2bf55dc212734c469cd90fe8d976fadf,USGS-02085000,00060,00003,2015-08-26,3.00,ft^3/s,Approved,,2025-03-11 13:33:20.467623+00:00
-79.0955555555555,36.0711111111111,2bf55dc212734c469cd90fe8d976fadf,USGS-02085000,00060,00003,2015-08-25,2.82,ft^3/s,Approved,,2025-03-11 13:33:20.467623+00:00
-79.0955555555555,36.0711111111111,2bf55dc212734c469cd90fe8d976fadf,USGS-02085000,00060,00003,2015-08-24,2.94,ft^3/s,Approved,,2025-03-11 13:33:20.467623+00:00
-79.0955555555555,36.0711111111111,2bf55dc212734c469cd90fe8d976fadf,USGS-02085000,00060,00003,2015-08-23,3.29,ft^3/s,Approved,,2025-03-11 13:33:20.467623+00:00
-79.0955555555555,36.0711111111111,2bf55dc212734c469cd90fe8d976fadf,USGS-02085000,00060,00003,2015-08-22,3.48,ft^3/s,Approved,,2025-03-11 13:33:20.467623+00:00
-79.0955555555555,36.0711111111111,2bf55dc212734c469cd90fe8d976fadf,USGS-02085000,00060,00003,2015-08-21,3.93,ft^3/s,Approved,,2025-03-11 13:33:20.467623+00:00
-79.0955555555555,36.0711111111111,2bf55dc212734c469cd90fe8d976fadf,USGS-02085000,00060,00003,2015-08-20,4.23,ft^3/s,Approved,,2025-03-11 13:33:20.467623+00:00
-79.0955555555555,36.0711111111111,2bf55dc212734c469cd90fe8d976fadf,USGS-02085000,00060,00003,2015-08-19,3.83,ft^3/s,Approved,,2025-03-11 13:33:20.467623+00:00
-79.0955555555555,36.0711111111111,2bf55dc212734c469cd90fe8d976fadf,USGS-02085000,00060,00003,2015-08-18,3.72,ft^3/s,Approved,,2025-03-11 13:33:20.467623+00:00
-79.0955555555555,36.0711111111111,2bf55dc212734c469cd90fe8d976fadf,USGS-02085000,00060,00003,2015-08-17,3.48,ft^3/s,Approved,,2025-03-11 13:33:20.467623+00:00
-79.0955555555555,36.0711111111111,2bf55dc212734c469cd90fe8d976fadf,USGS-02085000,00060,00003,2015-08-16,4.13,ft^3/s,Approved,,2025-03-11 13:33:20.467623+00:00
-79.0955555555555,36.0711111111111,2bf55dc212734c469cd90fe8d976fadf,USGS-02085000,00060,00003,2015-08-15,4.81,ft^3/s,Approved,,2025-03-11 13:33:20.467623+00:00
-79.0955555555555,36.0711111111111,2bf55dc212734c469cd90fe8d976fadf,USGS-02085000,00060,00003,2015-08-14,5.40,ft^3/s,Approved,,2025-03-11 13:33:20.467623+00:00
-79.0955555555555,36.0711111111111,2bf55dc212734c469cd90fe8d976fadf,USGS-02085000,00060,00003,2015-08-13,8.35,ft^3/s,Approved,,2025-03-11 13:33:20.467623+00:00
-79.0955555555555,36.0711111111111,2bf55dc212734c469cd90fe8d976fadf,USGS-02085000,00060,00003,2015-08-12,22.7,ft^3/s,Approved,,2025-03-11 13:33:20.467623+00:00
-79.0955555555555,36.0711111111111,2bf55dc212734c469cd90fe8d976fadf,USGS-02085000,00060,00003,2015-08-11,22.9,ft^3/s,Approved,,2025-03-11 13:33:20.467623+00:00
-79.0955555555555,36.0711111111111,2bf55dc212734c469cd90fe8d976fadf,USGS-02085000,00060,00003,2015-08-10,4.39,ft^3/s,Approved,,2025-03-11 13:33:20.467623+00:00
-79.0955555555555,36.0711111111111,2bf55dc212734c469cd90fe8d976fadf,USGS-02085000,00060,00003,2015-08-09,5.56,ft^3/s,Approved,,2025-03-11 13:33:20.467623+00:00
-79.0955555555555,36.0711111111111,2bf55dc212734c469cd90fe8d976fadf,USGS-02085000,00060,00003,2015-08-08,8.23,ft^3/s,Approved,,2025-03-11 13:33:20.467623+00:00
-79.0955555555555,36.0711111111111,2bf55dc212734c469cd90fe8d976fadf,USGS-02085000,00060,00003,2015-08-07,18.5,ft^3/s,Approved,,2025-03-11 13:33:20.467623+00:00
-79.0955555555555,36.0711111111111,2bf55dc212734c469cd90fe8d976fadf,USGS-02085000,00060,00003,2015-08-06,24.9,ft^3/s,Approved,,2025-03-11 13:33:20.467623+00:00
-79.0955555555555,36.0711111111111,2bf55dc212734c469cd90fe8d976fadf,USGS-02085000,00060,00003,2015-08-05,3.52,ft^3/s,Approved,,2025-03-11 13:33:20.467623+00:00
-79.0955555555555,36.0711111111111,2bf55dc212734c469cd90fe8d976fadf,USGS-02085000,00060,00003,2015-08-04,2.83,ft^3/s,Approved,,2025-03-11 13:33:20.467623+00:00
-79.0955555555555,36.0711111111111,2bf55dc212734c469cd90fe8d976fadf,USGS-02085000,00060,00003,2015-08-03,2.48,ft^3/s,Approved,,2025-03-11 13:33:20.467623+00:00
-79.0955555555555,36.0711111111111,2bf55dc212734c469cd90fe8d976fadf,USGS-02085000,00060,00003,2015-08-02,3.14,ft^3/s,Approved,,2025-03-11 13:33:20.467623+00:00
-79.0955555555555,36.0711111111111,2bf55dc212734c469cd90fe8d976fadf,USGS-02085000,00060,00003,2015-08-01,3.74,ft^3/s,Approved,,2025-03-11 13:33:20.467623+00:00
-79.0955555555555,36.0711111111111,2bf55dc212734c469cd90fe8d976fadf,USGS-02085000,00060,00003,2015-07-31,4.48,ft^3/s,Approved,,2025-03-11 13:33:20.467623+00:00
-79.0955555555555,36.0711111111111,2bf55dc212734c469cd90fe8d976fadf,USGS-02085000,00060,00003,2015-07-30,4.48,ft^3/s,Approved,,2025-03-11 13:33:20.467623+00:00
-79.0955555555555,36.0711111111111,2bf55dc212734c469cd90fe8d976fadf,USGS-02085000,00060,00003,2015-07-29,4.17,ft^3/s,Approved,,2025-03-11 13:33:20.467623+00:00
-79.0955555555555,36.0711111111111,2bf55dc212734c469cd90fe8d976fadf,USGS-02085000,00060,00003,2015-07-28,3.90,ft^3/s,Approved,,2025-03-11 13:33:20.467623+00:00
-79.0955555555555,36.0711111111111,2bf55dc212734c469cd90fe8d976fadf,USGS-02085000,00060,00003,2015-07-27,4.23,ft^3/s,Approved,,2025-03-11 13:33:20.467623+00:00
-79.0955555555555,36.0711111111111,2bf55dc212734c469cd90fe8d976fadf,USGS-02085000,00060,00003,2015-07-26,6.41,ft^3/s,Approved,,2025-03-11 13:33:20.467623+00:00
-79.0955555555555,36.0711111111111,2bf55dc212734c469cd90fe8d976fadf,USGS-02085000,00060,00003,2015-07-25,10.7,ft^3/s,Approved,,2025-03-11 13:33:20.467623+00:00
-79.0955555555555,36.0711111111111,2bf55dc212734c469cd90fe8d976fadf,USGS-02085000,00060,00003,2015-07-24,16.6,ft^3/s,Approved,,2025-03-11 13:33:20.467623+00:00
-79.0955555555555,36.0711111111111,2bf55dc212734c469cd90fe8d976fadf,USGS-02085000,00060,00003,2015-07-23,19.0,ft^3/s,Approved,,2025-03-11 13:33:20.467623+00:00
-79.0955555555555,36.0711111111111,2bf55dc212734c469cd90fe8d976fadf,USGS-02085000,00060,00003,2015-07-22,8.91,ft^3/s,Approved,,2025-03-11 13:33:20.467623+00:00
-79.0955555555555,36.0711111111111,2bf55dc212734c469cd90fe8d976fadf,USGS-02085000,00060,00003,2015-07-21,10.5,ft^3/s,Approved,,2025-03-11 13:33:20.467623+00:00
-79.0955555555555,36.0711111111111,2bf55dc212734c469cd90fe8d976fadf,USGS-02085000,00060,00003,2015-07-20,11.0,ft^3/s,Approved,,2025-03-11 13:33:20.467623+00:00
-79.0955555555555,36.0711111111111,2bf55dc212734c469cd90fe8d976fadf,USGS-02085000,00060,00003,2015-07-19,26.7,ft^3/s,Approved,,2025-03-11 13:33:20.467623+00:00
-79.0955555555555,36.0711111111111,2bf55dc212734c469cd90fe8d976fadf,USGS-02085000,00060,00003,2015-07-18,31.7,ft^3/s,Approved,,2025-03-11 13:33:20.467623+00:00
-79.0955555555555,36.0711111111111,2bf55dc212734c469cd90fe8d976fadf,USGS-02085000,00060,00003,2015-07-17,4.95,ft^3/s,Approved,,2025-03-11 13:33:20.467623+00:00
-79.0955555555555,36.0711111111111,2bf55dc212734c469cd90fe8d976fadf,USGS-02085000,00060,00003,2015-07-16,6.44,ft^3/s,Approved,,2025-03-11 13:33:20.467623+00:00
-79.0955555555555,36.0711111111111,2bf55dc212734c469cd90fe8d976fadf,USGS-02085000,00060,00003,2015-07-15,9.00,ft^3/s,Approved,,2025-03-11 13:33:20.467623+00:00
-79.0955555555555,36.0711111111111,2bf55dc212734c469cd90fe8d976fadf,USGS-02085000,00060,00003,2015-07-14,11.0,ft^3/s,Approved,,2025-03-11 13:33:20.467623+00:00
-79.0955555555555,36.0711111111111,2bf55dc212734c469cd90fe8d976fadf,USGS-02085000,00060,00003,2015-07-13,7.32,ft^3/s,Approved,,2025-03-11 13:33:20.467623+00:00
-79.0955555555555,36.0711111111111,2bf55dc212734c469cd90fe8d976fadf,USGS-02085000,00060,00003,2015-07-12,3.95,ft^3/s,Approved,,2025-03-11 13:33:20.467623+00:00
-79.0955555555555,36.0711111111111,2bf55dc212734c469cd90fe8d976fadf,USGS-02085000,00060,00003,2015-07-11,4.07,ft^3/s,Approved,,2025-03-11 13:33:20.467623+00:00
-79.0955555555555,36.0711111111111,2bf55dc212734c469cd90fe8d976fadf,USGS-02085000,00060,00003,2015-07-10,5.20,ft^3/s,Approved,,2025-03-11 13:33:20.467623+00:00
-79.0955555555555,36.0711111111111,2bf55dc212734c469cd90fe8d976fadf,USGS-02085000,00060,00003,2015-07-09,6.47,ft^3/s,Approved,,2025-03-11 13:33:20.467623+00:00
-79.0955555555555,36.0711111111111,2bf55dc212734c469cd90fe8d976fadf,USGS-02085000,00060,00003,2015-07-08,8.05,ft^3/s,Approved,,2025-03-11 13:33:20.467623+00:00
-79.0955555555555,36.0711111111111,2bf55dc212734c469cd90fe8d976fadf,USGS-02085000,00060,00003,2015-07-07,8.97,ft^3/s,Approved,,2025-03-11 13:33:20.467623+00:00
-79.0955555555555,36.0711111111111,2bf55dc212734c469cd90fe8d976fadf,USGS-02085000,00060,00003,2015-07-06,10.7,ft^3/s,Approved,,2025-03-11 13:33:20.467623+00:00
-79.0955555555555,36.0711111111111,2bf55dc212734c469cd90fe8d976fadf,USGS-02085000,00060,00003,2015-07-05,10.7,ft^3/s,Approved,,2025-03-11 13:33:20.467623+00:00
-79.0955555555555,36.0711111111111,2bf55dc212734c469cd90fe8d976fadf,USGS-02085000,00060,00003,2015-07-04,15.8,ft^3/s,Approved,,2025-03-11 13:33:20.467623+00:00
-79.0955555555555,36.0711111111111,2bf55dc212734c469cd90fe8d976fadf,USGS-02085000,00060,00003,2015-07-03,17.2,ft^3/s,Approved,,2025-03-11 13:33:20.467623+00:00
-79.0955555555555,36.0711111111111,2bf55dc212734c469cd90fe8d976fadf,USGS-02085000,00060,00003,2015-07-02,11.4,ft^3/s,Approved,,2025-03-11 13:33:20.467623+00:00
-79.0955555555555,36.0711111111111,2bf55dc212734c469cd90fe8d976fadf,USGS-02085000,00060,00003,2015-07-01,26.7,ft^3/s,Approved,,2025-03-11 13:33:20.467623+00:00
-79.0955555555555,36.0711111111111,2bf55dc212734c469cd90fe8d976fadf,USGS-02085000,00060,00003,2015-06-30,25.4,ft^3/s,Approved,,2025-03-11 13:33:20.467623+00:00
-79.0955555555555,36.0711111111111,2bf55dc212734c469cd90fe8d976fadf,USGS-02085000,00060,00003,2015-06-29,10.5,ft^3/s,Approved,,2025-03-11 13:33:20.467623+00:00
-79.0955555555555,36.0711111111111,2bf55dc212734c469cd90fe8d976fadf,USGS-02085000,00060,00003,2015-06-28,19.7,ft^3/s,Approved,,2025-03-11 13:33:20.467623+00:00
-79.0955555555555,36.0711111111111,2bf55dc212734c469cd90fe8d976fadf,USGS-02085000,00060,00003,2015-06-27,44.8,ft^3/s,Approved,,2025-03-11 13:33:20.467623+00:00
-79.0955555555555,36.0711111111111,2bf55dc212734c469cd90fe8d976fadf,USGS-02085000,00060,00003,2015-06-26,124,ft^3/s,Approved,,2025-03-11 13:33:20.467623+00:00
-79.0955555555555,36.0711111111111,2bf55dc212734c469cd90fe8d976fadf,USGS-02085000,00060,00003,2015-06-25,37.9,ft^3/s,Approved,,2025-03-11 13:33:20.467623+00:00
-79.0955555555555,36.0711111111111,2bf55dc212734c469cd90fe8d976fadf,USGS-02085000,00060,00003,2015-06-24,3.40,ft^3/s,Approved,,2025-03-11 13:33:20.467623+00:00
-79.0955555555555,36.0711111111111,2bf55dc212734c469cd90fe8d976fadf,USGS-02085000,00060,00003,2015-06-23,3.46,ft^3/s,Approved,,2025-03-11 13:33:20.467623+00:00
-79.0955555555555,36.0711111111111,2bf55dc212734c469cd90fe8d976fadf,USGS-02085000,00060,00003,2015-06-22,4.06,ft^3/s,Approved,,2025-03-11 13:33:20.467623+00:00
-79.0955555555555,36.0711111111111,2bf55dc212734c469cd90fe8d976fadf,USGS-02085000,00060,00003,2015-06-21,5.21,ft^3/s,Approved,,2025-03-11 13:33:20.467623+00:00
-79.0955555555555,36.0711111111111,2bf55dc212734c469cd90fe8d976fadf,USGS-02085000,00060,00003,2015-06-20,5.39,ft^3/s,Approved,,2025-03-11 13:33:20.467623+00:00
-79.0955555555555,36.0711111111111,2bf55dc212734c469cd90fe8d976fadf,USGS-02085000,00060,00003,2015-06-19,6.78,ft^3/s,Approved,,2025-03-11 13:33:20.467623+00:00
-79.0955555555555,36.0711111111111,2bf55dc212734c469cd90fe8d976fadf,USGS-02085000,00060,00003,2015-06-18,5.15,ft^3/s,Approved,,2025-03-11 13:33:20.467623+00:00
-79.0955555555555,36.0711111111111,2bf55dc212734c469cd90fe8d976fadf,USGS-02085000,00060,00003,2015-06-17,5.04,ft^3/s,Approved,,2025-03-11 13:33:20.467623+00:00
-79.0955555555555,36.0711111111111,2bf55dc212734c469cd90fe8d976fadf,USGS-02085000,00060,00003,2015-06-16,5.30,ft^3/s,Approved,,2025-03-11 13:33:20.467623+00:00
-79.0955555555555,36.0711111111111,2bf55dc212734c469cd90fe8d976fadf,USGS-02085000,00060,00003,2015-06-15,5.59,ft^3/s,Approved,,2025-03-11 13:33:20.467623+00:00
-79.0955555555555,36.0711111111111,2bf55dc212734c469cd90fe8d976fadf,USGS-02085000,00060,00003,2015-06-14,7.40,ft^3/s,Approved,,2025-03-11 13:33:20.467623+00:00
-79.0955555555555,36.0711111111111,2bf55dc212734c469cd90fe8d976fadf,USGS-02085000,00060,00003,2015-06-13,11.6,ft^3/s,Approved,,2025-03-11 13:33:20.467623+00:00
-79.0955555555555,36.0711111111111,2bf55dc212734c469cd90fe8d976fadf,USGS-02085000,00060,00003,2015-06-12,8.12,ft^3/s,Approved,,2025-03-11 13:33:20.467623+00:00
-79.0955555555555,36.0711111111111,2bf55dc212734c469cd90fe8d976fadf,USGS-02085000,00060,00003,2015-06-11,11.0,ft^3/s,Approved,,2025-03-11 13:33:20.467623+00:00
-79.0955555555555,36.0711111111111,2bf55dc212734c469cd90fe8d976fadf,USGS-02085000,00060,00003,2015-06-10,16.3,ft^3/s,Approved,,2025-03-11 13:33:20.467623+00:00
-79.0955555555555,36.0711111111111,2bf55dc212734c469cd90fe8d976fadf,USGS-02085000,00060,00003,2015-06-09,23.8,ft^3/s,Approved,,2025-03-11 13:33:20.467623+00:00
-79.0955555555555,36.0711111111111,2bf55dc212734c469cd90fe8d976fadf,USGS-02085000,00060,00003,2015-06-08,9.38,ft^3/s,Approved,,2025-03-11 13:33:20.467623+00:00
-79.0955555555555,36.0711111111111,2bf55dc212734c469cd90fe8d976fadf,USGS-02085000,00060,00003,2015-06-07,12.2,ft^3/s,Approved,,2025-03-11 13:33:20.467623+00:00
-79.0955555555555,36.0711111111111,2bf55dc212734c469cd90fe8d976fadf,USGS-02085000,00060,00003,2015-06-06,16.2,ft^3/s,Approved,,2025-03-11 13:33:20.467623+00:00
-79.0955555555555,36.0711111111111,2bf55dc212734c469cd90fe8d976fadf,USGS-02085000,00060,00003,2015-06-05,20.5,ft^3/s,Approved,,2025-03-11 13:33:20.467623+00:00
-79.0955555555555,36.0711111111111,2bf55dc212734c469cd90fe8d976fadf,USGS-02085000,00060,00003,2015-06-04,30.8,ft^3/s,Approved,,2025-03-11 13:33:20.467623+00:00
-79.0955555555555,36.0711111111111,2bf55dc212734c469cd90fe8d976fadf,USGS-02085000,00060,00003,2015-06-03,75.6,ft^3/s,Approved,,2025-03-11 13:33:20.467623+00:00
-79.0955555555555,36.0711111111111,2bf55dc212734c469cd90fe8d976fadf,USGS-02085000,00060,00003,2015-06-02,20.7,ft^3/s,Approved,,2025-03-11 13:33:20.467623+00:00
-79.0955555555555,36.0711111111111,2bf55dc212734c469cd90fe8d976fadf,USGS-02085000,00060,00003,2015-06-01,7.86,ft^3/s,Approved,,2025-03-11 13:33:20.467623+00:00
-79.0955555555555,36.0711111111111,2bf55dc212734c469cd90fe8d976fadf,USGS-02085000,00060,00003,2015-05-31,8.22,ft^3/s,Approved,,2025-03-11 13:33:20.467623+00:00
-79.0955555555555,36.0711111111111,2bf55dc212734c469cd90fe8d976fadf,USGS-02085000,00060,00003,2015-05-30,9.94,ft^3/s,Approved,,2025-03-11 13:33:20.467623+00:00
-79.0955555555555,36.0711111111111,2bf55dc212734c469cd90fe8d976fadf,USGS-02085000,00060,00003,2015-05-29,10.7,ft^3/s,Approved,,2025-03-11 13:33:20.467623+00:00
-79.0955555555555,36.0711111111111,2bf55dc212734c469cd90fe8d976fadf,USGS-02085000,00060,00003,2015-05-28,12.9,ft^3/s,Approved,,2025-03-11 13:33:20.467623+00:00
-79.0955555555555,36.0711111111111,2bf55dc212734c469cd90fe8d976fadf,USGS-02085000,00060,00003,2015-05-27,10.6,ft^3/s,Approved,,2025-03-11 13:33:20.467623+00:00
-79.0955555555555,36.0711111111111,2bf55dc212734c469cd90fe8d976fadf,USGS-02085000,00060,00003,2015-05-26,9.35,ft^3/s,Approved,,2025-03-11 13:33:20.467623+00:00
-79.0955555555555,36.0711111111111,2bf55dc212734c469cd90fe8d976fadf,USGS-02085000,00060,00003,2015-05-25,10.9,ft^3/s,Approved,,2025-03-11 13:33:20.467623+00:00
-79.0955555555555,36.0711111111111,2bf55dc212734c469cd90fe8d976fadf,USGS-02085000,00060,00003,2015-05-24,12.6,ft^3/s,Approved,,2025-03-11 13:33:20.467623+00:00
-79.0955555555555,36.0711111111111,2bf55dc212734c469cd90fe8d976fadf,USGS-02085000,00060,00003,2015-05-23,16.3,ft^3/s,Approved,,2025-03-11 13:33:20.467623+00:00
-79.0955555555555,36.0711111111111,2bf55dc212734c469cd90fe8d976fadf,USGS-02085000,00060,00003,2015-05-22,23.1,ft^3/s,Approved,,2025-03-11 13:33:20.467623+00:00
-79.0955555555555,36.0711111111111,2bf55dc212734c469cd90fe8d976fadf,USGS-02085000,00060,00003,2015-05-21,17.8,ft^3/s,Approved,,2025-03-11 13:33:20.467623+00:00
-79.0955555555555,36.0711111111111,2bf55dc212734c469cd90fe8d976fadf,USGS-02085000,00060,00003,2015-05-20,11.8,ft^3/s,Approved,,2025-03-11 13:33:20.467623+00:00
-79.0955555555555,36.0711111111111,2bf55dc212734c469cd90fe8d976fadf,USGS-02085000,00060,00003,2015-05-19,12.6,ft^3/s,Approved,,2025-03-11 13:33:20.467623+00:00
-79.0955555555555,36.0711111111111,2bf55dc212734c469cd90fe8d976fadf,USGS-02085000,00060,00003,2015-05-18,13.4,ft^3/s,Approved,,2025-03-11 13:33:20.467623+00:00
-79.0955555555555,36.0711111111111,2bf55dc212734c469cd90fe8d976fadf,USGS-02085000,00060,00003,2015-05-17,14.4,ft^3/s,Approved,,2025-03-11 13:33:20.467623+00:00
-79.0955555555555,36.0711111111111,2bf55dc212734c469cd90fe8d976fadf,USGS-02085000,00060,00003,2015-05-16,14.7,ft^3/s,Approved,,2025-03-11 13:33:20.467623+00:00
-79.0955555555555,36.0711111111111,2bf55dc212734c469cd90fe8d976fadf,USGS-02085000,00060,00003,2015-05-15,14.1,ft^3/s,Approved,,2025-03-11 13:33:20.467623+00:00
-79.0955555555555,36.0711111111111,2bf55dc212734c469cd90fe8d976fadf,USGS-02085000,00060,00003,2015-05-14,15.3,ft^3/s,Approved,,2025-03-11 13:33:20.467623+00:00
-79.0955555555555,36.0711111111111,2bf55dc212734c469cd90fe8d976fadf,USGS-02085000,00060,00003,2015-05-13,17.9,ft^3/s,Approved,,2025-03-11 13:33:20.467623+00:00
-79.0955555555555,36.0711111111111,2bf55dc212734c469cd90fe8d976fadf,USGS-02085000,00060,00003,2015-05-12,20.4,ft^3/s,Approved,,2025-03-11 13:33:20.467623+00:00
-79.0955555555555,36.0711111111111,2bf55dc212734c469cd90fe8d976fadf,USGS-02085000,00060,00003,2015-05-11,24.7,ft^3/s,Approved,,2025-03-11 13:33:20.467623+00:00
-79.0955555555555,36.0711111111111,2bf55dc212734c469cd90fe8d976fadf,USGS-02085000,00060,00003,2015-05-10,22.8,ft^3/s,Approved,,2025-03-11 13:33:20.467623+00:00
-79.0955555555555,36.0711111111111,2bf55dc212734c469cd90fe8d976fadf,USGS-02085000,00060,00003,2015-05-09,23.1,ft^3/s,Approved,,2025-03-11 13:33:20.467623+00:00
-79.0955555555555,36.0711111111111,2bf55dc212734c469cd90fe8d976fadf,USGS-02085000,00060,00003,2015-05-08,25.2,ft^3/s,Approved,,2025-03-11 13:33:20.467623+00:00
-79.0955555555555,36.0711111111111,2bf55dc212734c469cd90fe8d976fadf,USGS-02085000,00060,00003,2015-05-07,28.2,ft^3/s,Approved,,2025-03-11 13:33:20.467623+00:00
-79.0955555555555,36.0711111111111,2bf55dc212734c469cd90fe8d976fadf,USGS-02085000,00060,00003,2015-05-06,32.2,ft^3/s,Approved,,2025-03-11 13:33:20.467623+00:00
-79.0955555555555,36.0711111111111,2bf55dc212734c469cd90fe8d976fadf,USGS-02085000,00060,00003,2015-05-05,39.0,ft^3/s,Approved,,2025-03-11 13:33:20.467623+00:00
-79.0955555555555,36.0711111111111,2bf55dc212734c469cd90fe8d976fadf,USGS-02085000,00060,00003,2015-05-04,51.5,ft^3/s,Approved,,2025-03-11 13:33:20.467623+00:00
-79.0955555555555,36.0711111111111,2bf55dc212734c469cd90fe8d976fadf,USGS-02085000,00060,00003,2015-05-03,74.1,ft^3/s,Approved,,2025-03-11 13:33:20.467623+00:00
-79.0955555555555,36.0711111111111,2bf55dc212734c469cd90fe8d976fadf,USGS-02085000,00060,00003,2015-05-02,138,ft^3/s,Approved,,2025-03-11 13:33:20.467623+00:00
-79.0955555555555,36.0711111111111,2bf55dc212734c469cd90fe8d976fadf,USGS-02085000,00060,00003,2015-05-01,324,ft^3/s,Approved,,2025-03-11 13:33:20.467623+00:00
-79.0955555555555,36.0711111111111,2bf55dc212734c469cd90fe8d976fadf,USGS-02085000,00060,00003,2015-04-30,28.6,ft^3/s,Approved,,2025-03-11 13:33:20.467623+00:00
-79.0955555555555,36.0711111111111,2bf55dc212734c469cd90fe8d976fadf,USGS-02085000,00060,00003,2015-04-29,29.6,ft^3/s,Approved,,2025-03-11 13:33:20.467623+00:00
-79.0955555555555,36.0711111111111,2bf55dc212734c469cd90fe8d976fadf,USGS-02085000,00060,00003,2015-04-28,32.9,ft^3/s,Approved,,2025-03-11 13:33:20.467623+00:00
-79.0955555555555,36.0711111111111,2bf55dc212734c469cd90fe8d976fadf,USGS-02085000,00060,00003,2015-04-27,41.2,ft^3/s,Approved,,2025-03-11 13:33:20.467623+00:00
-79.0955555555555,36.0711111111111,2bf55dc212734c469cd90fe8d976fadf,USGS-02085000,00060,00003,2015-04-26,49.8,ft^3/s,Approved,,2025-03-11 13:33:20.467623+00:00
-79.0955555555555,36.0711111111111,2bf55dc212734c469cd90fe8d976fadf,USGS-02085000,00060,00003,2015-04-25,40.5,ft^3/s,Approved,,2025-03-11 13:33:20.467623+00:00
-79.0955555555555,36.0711111111111,2bf55dc212734c469cd90fe8d976fadf,USGS-02085000,00060,00003,2015-04-24,42.3,ft^3/s,Approved,,2025-03-11 13:33:20.467623+00:00
-79.0955555555555,36.0711111111111,2bf55dc212734c469cd90fe8d976fadf,USGS-02085000,00060,00003,2015-04-23,56.4,ft^3/s,Approved,,2025-03-11 13:33:20.467623+00:00
-79.0955555555555,36.0711111111111,2bf55dc212734c469cd90fe8d976fadf,USGS-02085000,00060,00003,2015-04-22,79.2,ft^3/s,Approved,,2025-03-11 13:33:20.467623+00:00
-79.0955555555555,36.0711111111111,2bf55dc212734c469cd90fe8d976fadf,USGS-02085000,00060,00003,2015-04-21,168,ft^3/s,Approved,,2025-03-11 13:33:20.467623+00:00
-79.0955555555555,36.0711111111111,2bf55dc212734c469cd90fe8d976fadf,USGS-02085000,00060,00003,2015-04-20,354,ft^3/s,Approved,,2025-03-11 13:33:20.467623+00:00
-79.0955555555555,36.0711111111111,2bf55dc212734c469cd90fe8d976fadf,USGS-02085000,00060,00003,2015-04-19,89.1,ft^3/s,Approved,,2025-03-11 13:33:20.467623+00:00
-79.0955555555555,36.0711111111111,2bf55dc212734c469cd90fe8d976fadf,USGS-02085000,00060,00003,2015-04-18,63.9,ft^3/s,Approved,,2025-03-11 13:33:20.467623+00:00
-79.0955555555555,36.0711111111111,2bf55dc212734c469cd90fe8d976fadf,USGS-02085000,00060,00003,2015-04-17,68.7,ft^3/s,Approved,,2025-03-11 13:33:20.467623+00:00
-79.0955555555555,36.0711111111111,2bf55dc212734c469cd90fe8d976fadf,USGS-02085000,00060,00003,2015-04-16,72.8,ft^3/s,Approved,,2025-03-11 13:33:20.467623+00:00
-79.0955555555555,36.0711111111111,2bf55dc212734c469cd90fe8d976fadf,USGS-02085000,00060,00003,2015-04-15,70.7,ft^3/s,Approved,,2025-03-11 13:33:20.467623+00:00
-79.0955555555555,36.0711111111111,2bf55dc212734c469cd90fe8d976fadf,USGS-02085000,00060,00003,2015-04-14,52.7,ft^3/s,Approved,,2025-03-11 13:33:20.467623+00:00
-79.0955555555555,36.0711111111111,2bf55dc212734c469cd90fe8d976fadf,USGS-02085000,00060,00003,2015-04-13,38.5,ft^3/s,Approved,,2025-03-11 13:33:20.467623+00:00
-79.0955555555555,36.0711111111111,2bf55dc212734c469cd90fe8d976fadf,USGS-02085000,00060,00003,2015-04-12,42.7,ft^3/s,Approved,,2025-03-11 13:33:20.467623+00:00
-79.0955555555555,36.0711111111111,2bf55dc212734c469cd90fe8d976fadf,USGS-02085000,00060,00003,2015-04-11,47.4,ft^3/s,Approved,,2025-03-11 13:33:20.467623+00:00
-79.0955555555555,36.0711111111111,2bf55dc212734c469cd90fe8d976fadf,USGS-02085000,00060,00003,2015-04-10,54.4,ft^3/s,Approved,,2025-03-11 13:33:20.467623+00:00
-79.0955555555555,36.0711111111111,2bf55dc212734c469cd90fe8d976fadf,USGS-02085000,00060,00003,2015-04-09,39.1,ft^3/s,Approved,,2025-03-11 13:33:20.467623+00:00
-79.0955555555555,36.0711111111111,2bf55dc212734c469cd90fe8d976fadf,USGS-02085000,00060,00003,2015-04-08,35.2,ft^3/s,Approved,,2025-03-11 13:33:20.467623+00:00
-79.0955555555555,36.0711111111111,2bf55dc212734c469cd90fe8d976fadf,USGS-02085000,00060,00003,2015-04-07,32.2,ft^3/s,Approved,,2025-03-11 13:33:20.467623+00:00
-79.0955555555555,36.0711111111111,2bf55dc212734c469cd90fe8d976fadf,USGS-02085000,00060,00003,2015-04-06,31.6,ft^3/s,Approved,,2025-03-11 13:33:20.467623+00:00
-79.0955555555555,36.0711111111111,2bf55dc212734c469cd90fe8d976fadf,USGS-02085000,00060,00003,2015-04-05,33.8,ft^3/s,Approved,,2025-03-11 13:33:20.467623+00:00
-79.0955555555555,36.0711111111111,2bf55dc212734c469cd90fe8d976fadf,USGS-02085000,00060,00003,2015-04-04,41.3,ft^3/s,Approved,,2025-03-11 13:33:20.467623+00:00
-79.0955555555555,36.0711111111111,2bf55dc212734c469cd90fe8d976fadf,USGS-02085000,00060,00003,2015-04-03,42.1,ft^3/s,Approved,,2025-03-11 13:33:20.467623+00:00
-79.0955555555555,36.0711111111111,2bf55dc212734c469cd90fe8d976fadf,USGS-02085000,00060,00003,2015-04-02,46.6,ft^3/s,Approved,,2025-03-11 13:33:20.467623+00:00
-79.0955555555555,36.0711111111111,2bf55dc212734c469cd90fe8d976fadf,USGS-02085000,00060,00003,2015-04-01,55.6,ft^3/s,Approved,,2025-03-11 13:33:20.467623+00:00
-79.0955555555555,36.0711111111111,2bf55dc212734c469cd90fe8d976fadf,USGS-02085000,00060,00003,2015-03-31,65.4,ft^3/s,Approved,,2025-03-11 13:33:20.467623+00:00
-79.0955555555555,36.0711111111111,2bf55dc212734c469cd90fe8d976fadf,USGS-02085000,00060,00003,2015-03-30,72.0,ft^3/s,Approved,,2025-03-11 13:33:20.467623+00:00
-79.0955555555555,36.0711111111111,2bf55dc212734c469cd90fe8d976fadf,USGS-02085000,00060,00003,2015-03-29,88.7,ft^3/s,Approved,,2025-03-11 13:33:20.467623+00:00
-79.0955555555555,36.0711111111111,2bf55dc212734c469cd90fe8d976fadf,USGS-02085000,00060,00003,2015-03-28,146,ft^3/s,Approved,,2025-03-11 13:33:20.467623+00:00
-79.0955555555555,36.0711111111111,2bf55dc212734c469cd90fe8d976fadf,USGS-02085000,00060,00003,2015-03-27,137,ft^3/s,Approved,,2025-03-11 13:33:20.467623+00:00
-79.0955555555555,36.0711111111111,2bf55dc212734c469cd90fe8d976fadf,USGS-02085000,00060,00003,2015-03-26,114,ft^3/s,Approved,,2025-03-11 13:33:20.467623+00:00
-79.0955555555555,36.0711111111111,2bf55dc212734c469cd90fe8d976fadf,USGS-02085000,00060,00003,2015-03-25,45.4,ft^3/s,Approved,,2025-03-11 13:33:20.467623+00:00
-79.0955555555555,36.0711111111111,2bf55dc212734c469cd90fe8d976fadf,USGS-02085000,00060,00003,2015-03-24,51.8,ft^3/s,Approved,,2025-03-11 13:33:20.467623+00:00
-79.0955555555555,36.0711111111111,2bf55dc212734c469cd90fe8d976fadf,USGS-02085000,00060,00003,2015-03-23,62.6,ft^3/s,Approved,,2025-03-11 13:33:20.467623+00:00
-79.0955555555555,36.0711111111111,2bf55dc212734c469cd90fe8d976fadf,USGS-02085000,00060,00003,2015-03-22,77.5,ft^3/s,Approved,,2025-03-11 13:33:20.467623+00:00
-79.0955555555555,36.0711111111111,2bf55dc212734c469cd90fe8d976fadf,USGS-02085000,00060,00003,2015-03-21,111,ft^3/s,Approved,,2025-03-11 13:33:20.467623+00:00
-79.0955555555555,36.0711111111111,2bf55dc212734c469cd90fe8d976fadf,USGS-02085000,00060,00003,2015-03-20,130,ft^3/s,Approved,,2025-03-11 13:33:20.467623+00:00
-79.0955555555555,36.0711111111111,2bf55dc212734c469cd90fe8d976fadf,USGS-02085000,00060,00003,2015-03-19,41.1,ft^3/s,Approved,,2025-03-11 13:33:20.467623+00:00
-79.0955555555555,36.0711111111111,2bf55dc212734c469cd90fe8d976fadf,USGS-02085000,00060,00003,2015-03-18,45.4,ft^3/s,Approved,,2025-03-11 13:33:20.467623+00:00
-79.0955555555555,36.0711111111111,2bf55dc212734c469cd90fe8d976fadf,USGS-02085000,00060,00003,2015-03-17,52.8,ft^3/s,Approved,,2025-03-11 13:33:20.467623+00:00
-79.0955555555555,36.0711111111111,2bf55dc212734c469cd90fe8d976fadf,USGS-02085000,00060,00003,2015-03-16,61.8,ft^3/s,Approved,,2025-03-11 13:33:20.467623+00:00
-79.0955555555555,36.0711111111111,2bf55dc212734c469cd90fe8d976fadf,USGS-02085000,00060,00003,2015-03-15,80.5,ft^3/s,Approved,,2025-03-11 13:33:20.467623+00:00
-79.0955555555555,36.0711111111111,2bf55dc212734c469cd90fe8d976fadf,USGS-02085000,00060,00003,2015-03-14,65.7,ft^3/s,Approved,,2025-03-11 13:33:20.467623+00:00
-79.0955555555555,36.0711111111111,2bf55dc212734c469cd90fe8d976fadf,USGS-02085000,00060,00003,2015-03-13,49.3,ft^3/s,Approved,,2025-03-11 13:33:20.467623+00:00
-79.0955555555555,36.0711111111111,2bf55dc212734c469cd90fe8d976fadf,USGS-02085000,00060,00003,2015-03-12,58.0,ft^3/s,Approved,,2025-03-11 13:33:20.467623+00:00
-79.0955555555555,36.0711111111111,2bf55dc212734c469cd90fe8d976fadf,USGS-02085000,00060,00003,2015-03-11,63.8,ft^3/s,Approved,,2025-03-11 13:33:20.467623+00:00
-79.0955555555555,36.0711111111111,2bf55dc212734c469cd90fe8d976fadf,USGS-02085000,00060,00003,2015-03-10,69.1,ft^3/s,Approved,,2025-03-11 13:33:20.467623+00:00
-79.0955555555555,36.0711111111111,2bf55dc212734c469cd90fe8d976fadf,USGS-02085000,00060,00003,2015-03-09,80.5,ft^3/s,Approved,,2025-03-11 13:33:20.467623+00:00
-79.0955555555555,36.0711111111111,2bf55dc212734c469cd90fe8d976fadf,USGS-02085000,00060,00003,2015-03-08,105,ft^3/s,Approved,,2025-03-11 13:33:20.467623+00:00
-79.0955555555555,36.0711111111111,2bf55dc212734c469cd90fe8d976fadf,USGS-02085000,00060,00003,2015-03-07,156,ft^3/s,Approved,,2025-03-11 13:33:20.467623+00:00
-79.0955555555555,36.0711111111111,2bf55dc212734c469cd90fe8d976fadf,USGS-02085000,00060,00003,2015-03-06,448,ft^3/s,Approved,,2025-03-11 13:33:20.467623+00:00
-79.0955555555555,36.0711111111111,2bf55dc212734c469cd90fe8d976fadf,USGS-02085000,00060,00003,2015-03-05,394,ft^3/s,Approved,,2025-03-11 13:33:20.467623+00:00
-79.0955555555555,36.0711111111111,2bf55dc212734c469cd90fe8d976fadf,USGS-02085000,00060,00003,2015-03-04,155,ft^3/s,Approved,,2025-03-11 13:33:20.467623+00:00
-79.0955555555555,36.0711111111111,2bf55dc212734c469cd90fe8d976fadf,USGS-02085000,00060,00003,2015-03-03,269,ft^3/s,Approved,,2025-03-11 13:33:20.467623+00:00
-79.0955555555555,36.0711111111111,2bf55dc212734c469cd90fe8d976fadf,USGS-02085000,00060,00003,2015-03-02,307,ft^3/s,Approved,,2025-03-11 13:33:20.467623+00:00
-79.0955555555555,36.0711111111111,2bf55dc212734c469cd90fe8d976fadf,USGS-02085000,00060,00003,2015-03-01,120,ft^3/s,Approved,,2025-03-11 13:33:20.467623+00:00
-79.0955555555555,36.0711111111111,2bf55dc212734c469cd90fe8d976fadf,USGS-02085000,00060,00003,2015-02-28,65.1,ft^3/s,Approved,,2025-03-11 13:33:20.467623+00:00
-79.0955555555555,36.0711111111111,2bf55dc212734c469cd90fe8d976fadf,USGS-02085000,00060,00003,2015-02-27,64.3,ft^3/s,Approved,,2025-03-11 13:33:20.467623+00:00
-79.0955555555555,36.0711111111111,2bf55dc212734c469cd90fe8d976fadf,USGS-02085000,00060,00003,2015-02-26,74.3,ft^3/s,Approved,,2025-03-11 13:33:20.467623+00:00
-79.0955555555555,36.0711111111111,2bf55dc212734c469cd90fe8d976fadf,USGS-02085000,00060,00003,2015-02-25,58.2,ft^3/s,Approved,,2025-03-11 13:33:20.467623+00:00
-79.0955555555555,36.0711111111111,2bf55dc212734c469cd90fe8d976fadf,USGS-02085000,00060,00003,2015-02-24,73.8,ft^3/s,Approved,,2025-03-11 13:33:20.467623+00:00
-79.0955555555555,36.0711111111111,2bf55dc212734c469cd90fe8d976fadf,USGS-02085000,00060,00003,2015-02-23,103,ft^3/s,Approved,,2025-03-11 13:33:20.467623+00:00
-79.0955555555555,36.0711111111111,2bf55dc212734c469cd90fe8d976fadf,USGS-02085000,00060,00003,2015-02-22,56.4,ft^3/s,Approved,,2025-03-11 13:33:20.467623+00:00
-79.0955555555555,36.0711111111111,2bf55dc212734c469cd90fe8d976fadf,USGS-02085000,00060,00003,2015-02-21,29.0,ft^3/s,Approved,,2025-03-11 13:33:20.467623+00:00
-79.0955555555555,36.0711111111111,2bf55dc212734c469cd90fe8d976fadf,USGS-02085000,00060,00003,2015-02-20,33.7,ft^3/s,Approved,,2025-03-11 13:33:20.467623+00:00
-79.0955555555555,36.0711111111111,2bf55dc212734c469cd90fe8d976fadf,USGS-02085000,00060,00003,2015-02-19,41.8,ft^3/s,Approved,,2025-03-11 13:33:20.467623+00:00
-79.0955555555555,36.0711111111111,2bf55dc212734c469cd90fe8d976fadf,USGS-02085000,00060,00003,2015-02-18,40.1,ft^3/s,Approved,,2025-03-11 13:33:20.467623+00:00
-79.0955555555555,36.0711111111111,2bf55dc212734c469cd90fe8d976fadf,USGS-02085000,00060,00003,2015-02-17,40.6,ft^3/s,Approved,,2025-03-11 13:33:20.467623+00:00
-79.0955555555555,36.0711111111111,2bf55dc212734c469cd90fe8d976fadf,USGS-02085000,00060,00003,2015-02-16,30.5,ft^3/s,Approved,,2025-03-11 13:33:20.467623+00:00
-79.0955555555555,36.0711111111111,2bf55dc212734c469cd90fe8d976fadf,USGS-02085000,00060,00003,2015-02-15,38.3,ft^3/s,Approved,,2025-03-11 13:33:20.467623+00:00
-79.0955555555555,36.0711111111111,2bf55dc212734c469cd90fe8d976fadf,USGS-02085000,00060,00003,2015-02-14,45.9,ft^3/s,Approved,,2025-03-11 13:33:20.467623+00:00
-79.0955555555555,36.0711111111111,2bf55dc212734c469cd90fe8d976fadf,USGS-02085000,00060,00003,2015-02-13,57.0,ft^3/s,Approved,,2025-03-11 13:33:20.467623+00:00
-79.0955555555555,36.0711111111111,2bf55dc212734c469cd90fe8d976fadf,USGS-02085000,00060,00003,2015-02-12,78.6,ft^3/s,Approved,,2025-03-11 13:33:20.467623+00:00
-79.0955555555555,36.0711111111111,2bf55dc212734c469cd90fe8d976fadf,USGS-02085000,00060,00003,2015-02-11,132,ft^3/s,Approved,,2025-03-11 13:33:20.467623+00:00
-79.0955555555555,36.0711111111111,2bf55dc212734c469cd90fe8d976fadf,USGS-02085000,00060,00003,2015-02-10,194,ft^3/s,Approved,,2025-03-11 13:33:20.467623+00:00
-79.0955555555555,36.0711111111111,2bf55dc212734c469cd90fe8d976fadf,USGS-02085000,00060,00003,2015-02-09,26.8,ft^3/s,Approved,,2025-03-11 13:33:20.467623+00:00
-79.0955555555555,36.0711111111111,2bf55dc212734c469cd90fe8d976fadf,USGS-02085000,00060,00003,2015-02-08,25.3,ft^3/s,Approved,,2025-03-11 13:33:20.467623+00:00
-79.0955555555555,36.0711111111111,2bf55dc212734c469cd90fe8d976fadf,USGS-02085000,00060,00003,2015-02-07,25.5,ft^3/s,Approved,,2025-03-11 13:33:20.467623+00:00
-79.0955555555555,36.0711111111111,2bf55dc212734c469cd90fe8d976fadf,USGS-02085000,00060,00003,2015-02-06,27.9,ft^3/s,Approved,,2025-03-11 13:33:20.467623+00:00
-79.0955555555555,36.0711111111111,2bf55dc212734c469cd90fe8d976fadf,USGS-02085000,00060,00003,2015-02-05,32.2,ft^3/s,Approved,,2025-03-11 13:33:20.467623+00:00
-79.0955555555555,36.0711111111111,2bf55dc212734c469cd90fe8d976fadf,USGS-02085000,00060,00003,2015-02-04,35.8,ft^3/s,Approved,,2025-03-11 13:33:20.467623+00:00
-79.0955555555555,36.0711111111111,2bf55dc212734c469cd90fe8d976fadf,USGS-02085000,00060,00003,2015-02-03,45.2,ft^3/s,Approved,,2025-03-11 13:33:20.467623+00:00
-79.0955555555555,36.0711111111111,2bf55dc212734c469cd90fe8d976fadf,USGS-02085000,00060,00003,2015-02-02,39.6,ft^3/s,Approved,,2025-03-11 13:33:20.467623+00:00
-79.0955555555555,36.0711111111111,2bf55dc212734c469cd90fe8d976fadf,USGS-02085000,00060,00003,2015-02-01,28.6,ft^3/s,Approved,,2025-03-11 13:33:20.467623+00:00
-79.0955555555555,36.0711111111111,2bf55dc212734c469cd90fe8d976fadf,USGS-02085000,00060,00003,2015-01-31,30.2,ft^3/s,Approved,,2025-03-11 13:33:20.467623+00:00
-79.0955555555555,36.0711111111111,2bf55dc212734c469cd90fe8d976fadf,USGS-02085000,00060,00003,2015-01-30,36.3,ft^3/s,Approved,,2025-03-11 13:33:20.467623+00:00
-79.0955555555555,36.0711111111111,2bf55dc212734c469cd90fe8d976fadf,USGS-02085000,00060,00003,2015-01-29,39.8,ft^3/s,Approved,,2025-03-11 13:33:20.467623+00:00
-79.0955555555555,36.0711111111111,2bf55dc212734c469cd90fe8d976fadf,USGS-02085000,00060,00003,2015-01-28,48.9,ft^3/s,Approved,,2025-03-11 13:33:20.467623+00:00
-79.0955555555555,36.0711111111111,2bf55dc212734c469cd90fe8d976fadf,USGS-02085000,00060,00003,2015-01-27,64.2,ft^3/s,Approved,,2025-03-11 13:33:20.467623+00:00
-79.0955555555555,36.0711111111111,2bf55dc212734c469cd90fe8d976fadf,USGS-02085000,00060,00003,2015-01-26,80.2,ft^3/s,Approved,,2025-03-11 13:33:20.467623+00:00
-79.0955555555555,36.0711111111111,2bf55dc212734c469cd90fe8d976fadf,USGS-02085000,00060,00003,2015-01-25,118,ft^3/s,Approved,,2025-03-11 13:33:20.467623+00:00
-79.0955555555555,36.0711111111111,2bf55dc212734c469cd90fe8d976fadf,USGS-02085000,00060,00003,2015-01-24,195,ft^3/s,Approved,,2025-03-11 13:33:20.467623+00:00
-79.0955555555555,36.0711111111111,2bf55dc212734c469cd90fe8d976fadf,USGS-02085000,00060,00003,2015-01-23,36.0,ft^3/s,Approved,,2025-03-11 13:33:20.467623+00:00
-79.0955555555555,36.0711111111111,2bf55dc212734c469cd90fe8d976fadf,USGS-02085000,00060,00003,2015-01-22,31.3,ft^3/s,Approved,,2025-03-11 13:33:20.467623+00:00
-79.0955555555555,36.0711111111111,2bf55dc212734c469cd90fe8d976fadf,USGS-02085000,00060,00003,2015-01-21,37.4,ft^3/s,Approved,,2025-03-11 13:33:20.467623+00:00
-79.0955555555555,36.0711111111111,2bf55dc212734c469cd90fe8d976fadf,USGS-02085000,00060,00003,2015-01-20,46.1,ft^3/s,Approved,,2025-03-11 13:33:20.467623+00:00
-79.0955555555555,36.0711111111111,2bf55dc212734c469cd90fe8d976fadf,USGS-02085000,00060,00003,2015-01-19,58.2,ft^3/s,Approved,,2025-03-11 13:33:20.467623+00:00
-79.0955555555555,36.0711111111111,2bf55dc212734c469cd90fe8d976fadf,USGS-02085000,00060,00003,2015-01-18,52.9,ft^3/s,Approved,,2025-03-11 13:33:20.467623+00:00
-79.0955555555555,36.0711111111111,2bf55dc212734c469cd90fe8d976fadf,USGS-02085000,00060,00003,2015-01-17,44.6,ft^3/s,Approved,,2025-03-11 13:33:20.467623+00:00
-79.0955555555555,36.0711111111111,2bf55dc212734c469cd90fe8d976fadf,USGS-02085000,00060,00003,2015-01-16,56.9,ft^3/s,Approved,,2025-03-11 13:33:20.467623+00:00
-79.0955555555555,36.0711111111111,2bf55dc212734c469cd90fe8d976fadf,USGS-02085000,00060,00003,2015-01-15,72.3,ft^3/s,Approved,,2025-03-11 13:33:20.467623+00:00
-79.0955555555555,36.0711111111111,2bf55dc212734c469cd90fe8d976fadf,USGS-02085000,00060,00003,2015-01-14,106,ft^3/s,Approved,,2025-03-11 13:33:20.467623+00:00
-79.0955555555555,36.0711111111111,2bf55dc212734c469cd90fe8d976fadf,USGS-02085000,00060,00003,2015-01-13,206,ft^3/s,Approved,,2025-03-11 13:33:20.467623+00:00
-79.0955555555555,36.0711111111111,2bf55dc212734c469cd90fe8d976fadf,USGS-02085000,00060,00003,2015-01-12,168,ft^3/s,Approved,,2025-03-11 13:33:20.467623+00:00
-79.0955555555555,36.0711111111111,2bf55dc212734c469cd90fe8d976fadf,USGS-02085000,00060,00003,2015-01-11,20.5,ft^3/s,Approved,,2025-03-11 13:33:20.467623+00:00
-79.0955555555555,36.0711111111111,2bf55dc212734c469cd90fe8d976fadf,USGS-02085000,00060,00003,2015-01-10,21.4,ft^3/s,Approved,,2025-03-11 13:33:20.467623+00:00
-79.0955555555555,36.0711111111111,2bf55dc212734c469cd90fe8d976fadf,USGS-02085000,00060,00003,2015-01-09,21.4,ft^3/s,Approved,,2025-03-11 13:33:20.467623+00:00
-79.0955555555555,36.0711111111111,2bf55dc212734c469cd90fe8d976fadf,USGS-02085000,00060,00003,2015-01-08,25.9,ft^3/s,Approved,,2025-03-11 13:33:20.467623+00:00
-79.0955555555555,36.0711111111111,2bf55dc212734c469cd90fe8d976fadf,USGS-02085000,00060,00003,2015-01-07,30.5,ft^3/s,Approved,,2025-03-11 13:33:20.467623+00:00
-79.0955555555555,36.0711111111111,2bf55dc212734c469cd90fe8d976fadf,USGS-02085000,00060,00003,2015-01-06,35.7,ft^3/s,Approved,,2025-03-11 13:33:20.467623+00:00
-79.0955555555555,36.0711111111111,2bf55dc212734c469cd90fe8d976fadf,USGS-02085000,00060,00003,2015-01-05,47.8,ft^3/s,Approved,,2025-03-11 13:33:20.467623+00:00
-79.0955555555555,36.0711111111111,2bf55dc212734c469cd90fe8d976fadf,USGS-02085000,00060,00003,2015-01-04,51.1,ft^3/s,Approved,,2025-03-11 13:33:20.467623+00:00
-79.0955555555555,36.0711111111111,2bf55dc212734c469cd90fe8d976fadf,USGS-02085000,00060,00003,2015-01-03,41.2,ft^3/s,Approved,,2025-03-11 13:33:20.467623+00:00
-79.0955555555555,36.0711111111111,2bf55dc212734c469cd90fe8d976fadf,USGS-02085000,00060,00003,2015-01-02,37.9,ft^3/s,Approved,,2025-03-11 13:33:20.467623+00:00
-79.0955555555555,36.0711111111111,2bf55dc212734c469cd90fe8d976fadf,USGS-02085000,00060,00003,2015-01-01,48.2,ft^3/s,Approved,,2025-03-11 13:33:20.467623+00:00
-79.0955555555555,36.0711111111111,2bf55dc212734c469cd90fe8d976fadf,USGS-02085000,00060,00003,2014-12-31,64.3,ft^3/s,Approved,,2025-03-11 13:33:20.467623+00:00
-79.0955555555555,36.0711111111111,2bf55dc212734c469cd90fe8d976fadf,USGS-02085000,00060,00003,2014-12-30,93.9,ft^3/s,Approved,,2025-03-11 13:33:20.467623+00:00
-79.0955555555555,36.0711111111111,2bf55dc212734c469cd90fe8d976fadf,USGS-02085000,00060,00003,2014-12-29,71.7,ft^3/s,Approved,,2025-03-11 13:33:20.467623+00:00
-79.0955555555555,36.0711111111111,2bf55dc212734c469cd90fe8d976fadf,USGS-02085000,00060,00003,2014-12-28,45.4,ft^3/s,Approved,,2025-03-11 13:33:20.467623+00:00
-79.0955555555555,36.0711111111111,2bf55dc212734c469cd90fe8d976fadf,USGS-02085000,00060,00003,2014-12-27,61.9,ft^3/s,Approved,,2025-03-11 13:33:20.467623+00:00
-79.0955555555555,36.0711111111111,2bf55dc212734c469cd90fe8d976fadf,USGS-02085000,00060,00003,2014-12-26,101,ft^3/s,Approved,,2025-03-11 13:33:20.467623+00:00
-79.0955555555555,36.0711111111111,2bf55dc212734c469cd90fe8d976fadf,USGS-02085000,00060,00003,2014-12-25,256,ft^3/s,Approved,,2025-03-11 13:33:20.467623+00:00
-79.0955555555555,36.0711111111111,2bf55dc212734c469cd90fe8d976fadf,USGS-02085000,00060,00003,2014-12-24,441,ft^3/s,Approved,,2025-03-11 13:33:20.467623+00:00
-79.0955555555555,36.0711111111111,2bf55dc212734c469cd90fe8d976fadf,USGS-02085000,00060,00003,2014-12-23,23.9,ft^3/s,Approved,,2025-03-11 13:33:20.467623+00:00
-79.0955555555555,36.0711111111111,2bf55dc212734c469cd90fe8d976fadf,USGS-02085000,00060,00003,2014-12-22,19.6,ft^3/s,Approved,,2025-03-11 13:33:20.467623+00:00
-79.0955555555555,36.0711111111111,2bf55dc212734c469cd90fe8d976fadf,USGS-02085000,00060,00003,2014-12-21,13.0,ft^3/s,Approved,,2025-03-11 13:33:20.467623+00:00
-79.0955555555555,36.0711111111111,2bf55dc212734c469cd90fe8d976fadf,USGS-02085000,00060,00003,2014-12-20,13.1,ft^3/s,Approved,,2025-03-11 13:33:20.467623+00:00
-79.0955555555555,36.0711111111111,2bf55dc212734c469cd90fe8d976fadf,USGS-02085000,00060,00003,2014-12-19,13.6,ft^3/s,Approved,,2025-03-11 13:33:20.467623+00:00
-79.0955555555555,36.0711111111111,2bf55dc212734c469cd90fe8d976fadf,USGS-02085000,00060,00003,2014-12-18,15.1,ft^3/s,Approved,,2025-03-11 13:33:20.467623+00:00
-79.0955555555555,36.0711111111111,2bf55dc212734c469cd90fe8d976fadf,USGS-02085000,00060,00003,2014-12-17,16.8,ft^3/s,Approved,,2025-03-11 13:33:20.467623+00:00
-79.0955555555555,36.0711111111111,2bf55dc212734c469cd90fe8d976fadf,USGS-02085000,00060,00003,2014-12-16,16.6,ft^3/s,Approved,,2025-03-11 13:33:20.467623+00:00
-79.0955555555555,36.0711111111111,2bf55dc212734c469cd90fe8d976fadf,USGS-02085000,00060,00003,2014-12-15,18.4,ft^3/s,Approved,,2025-03-11 13:33:20.467623+00:00
-79.0955555555555,36.0711111111111,2bf55dc212734c469cd90fe8d976fadf,USGS-02085000,00060,00003,2014-12-14,19.8,ft^3/s,Approved,,2025-03-11 13:33:20.467623+00:00
-79.0955555555555,36.0711111111111,2bf55dc212734c469cd90fe8d976fadf,USGS-02085000,00060,00003,2014-12-13,22.5,ft^3/s,Approved,,2025-03-11 13:33:20.467623+00:00
-79.0955555555555,36.0711111111111,2bf55dc212734c469cd90fe8d976fadf,USGS-02085000,00060,00003,2014-12-12,29.2,ft^3/s,Approved,,2025-03-11 13:33:20.467623+00:00
-79.0955555555555,36.0711111111111,2bf55dc212734c469cd90fe8d976fadf,USGS-02085000,00060,00003,2014-12-11,44.7,ft^3/s,Approved,,2025-03-11 13:33:20.467623+00:00
-79.0955555555555,36.0711111111111,2bf55dc212734c469cd90fe8d976fadf,USGS-02085000,00060,00003,2014-12-10,75.3,ft^3/s,Approved,,2025-03-11 13:33:20.467623+00:00
-79.0955555555555,36.0711111111111,2bf55dc212734c469cd90fe8d976fadf,USGS-02085000,00060,00003,2014-12-09,29.2,ft^3/s,Approved,,2025-03-11 13:33:20.467623+00:00
-79.0955555555555,36.0711111111111,2bf55dc212734c469cd90fe8d976fadf,USGS-02085000,00060,00003,2014-12-08,13.2,ft^3/s,Approved,,2025-03-11 13:33:20.467623+00:00
-79.0955555555555,36.0711111111111,2bf55dc212734c469cd90fe8d976fadf,USGS-02085000,00060,00003,2014-12-07,16.5,ft^3/s,Approved,,2025-03-11 13:33:20.467623+00:00
-79.0955555555555,36.0711111111111,2bf55dc212734c469cd90fe8d976fadf,USGS-02085000,00060,00003,2014-12-06,13.8,ft^3/s,Approved,,2025-03-11 13:33:20.467623+00:00
-79.0955555555555,36.0711111111111,2bf55dc212734c469cd90fe8d976fadf,USGS-02085000,00060,00003,2014-12-05,13.8,ft^3/s,Approved,,2025-03-11 13:33:20.467623+00:00
-79.0955555555555,36.0711111111111,2bf55dc212734c469cd90fe8d976fadf,USGS-02085000,00060,00003,2014-12-04,15.7,ft^3/s,Approved,,2025-03-11 13:33:20.467623+00:00
-79.0955555555555,36.0711111111111,2bf55dc212734c469cd90fe8d976fadf,USGS-02085000,00060,00003,2014-12-03,16.6,ft^3/s,Approved,,2025-03-11 13:33:20.467623+00:00
-79.0955555555555,36.0711111111111,2bf55dc212734c469cd90fe8d976fadf,USGS-02085000,00060,00003,2014-12-02,20.2,ft^3/s,Approved,,2025-03-11 13:33:20.467623+00:00
-79.0955555555555,36.0711111111111,2bf55dc212734c469cd90fe8d976fadf,USGS-02085000,00060,00003,2014-12-01,26.1,ft^3/s,Approved,,2025-03-11 13:33:20.467623+00:00
-79.0955555555555,36.0711111111111,2bf55dc212734c469cd90fe8d976fadf,USGS-02085000,00060,00003,2014-11-30,35.6,ft^3/s,Approved,,2025-03-11 13:33:20.467623+00:00
-79.0955555555555,36.0711111111111,2bf55dc212734c469cd90fe8d976fadf,USGS-02085000,00060,00003,2014-11-29,57.6,ft^3/s,Approved,,2025-03-11 13:33:20.467623+00:00
-79.0955555555555,36.0711111111111,2bf55dc212734c469cd90fe8d976fadf,USGS-02085000,00060,00003,2014-11-28,107,ft^3/s,Approved,,2025-03-11 13:33:20.467623+00:00
-79.0955555555555,36.0711111111111,2bf55dc212734c469cd90fe8d976fadf,USGS-02085000,00060,00003,2014-11-27,141,ft^3/s,Approved,,2025-03-11 13:33:20.467623+00:00
-79.0955555555555,36.0711111111111,2bf55dc212734c469cd90fe8d976fadf,USGS-02085000,00060,00003,2014-11-26,202,ft^3/s,Approved,,2025-03-11 13:33:20.467623+00:00
-79.0955555555555,36.0711111111111,2bf55dc212734c469cd90fe8d976fadf,USGS-02085000,00060,00003,2014-11-25,16.4,ft^3/s,Approved,,2025-03-11 13:33:20.467623+00:00
-79.0955555555555,36.0711111111111,2bf55dc212734c469cd90fe8d976fadf,USGS-02085000,00060,00003,2014-11-24,17.7,ft^3/s,Approved,,2025-03-11 13:33:20.467623+00:00
-79.0955555555555,36.0711111111111,2bf55dc212734c469cd90fe8d976fadf,USGS-02085000,00060,00003,2014-11-23,8.08,ft^3/s,Approved,,2025-03-11 13:33:20.467623+00:00
-79.0955555555555,36.0711111111111,2bf55dc212734c469cd90fe8d976fadf,USGS-02085000,00060,00003,2014-11-22,7.44,ft^3/s,Approved,,2025-03-11 13:33:20.467623+00:00
-79.0955555555555,36.0711111111111,2bf55dc212734c469cd90fe8d976fadf,USGS-02085000,00060,00003,2014-11-21,7.92,ft^3/s,Approved,,2025-03-11 13:33:20.467623+00:00
-79.0955555555555,36.0711111111111,2bf55dc212734c469cd90fe8d976fadf,USGS-02085000,00060,00003,2014-11-20,10.6,ft^3/s,Approved,,2025-03-11 13:33:20.467623+00:00
-79.0955555555555,36.0711111111111,2bf55dc212734c469cd90fe8d976fadf,USGS-02085000,00060,00003,2014-11-19,15.6,ft^3/s,Approved,,2025-03-11 13:33:20.467623+00:00
-79.0955555555555,36.0711111111111,2bf55dc212734c469cd90fe8d976fadf,USGS-02085000,00060,00003,2014-11-18,34.3,ft^3/s,Approved,,2025-03-11 13:33:20.467623+00:00
-79.0955555555555,36.0711111111111,2bf55dc212734c469cd90fe8d976fadf,USGS-02085000,00060,00003,2014-11-17,24.0,ft^3/s,Approved,,2025-03-11 13:33:20.467623+00:00
-79.0955555555555,36.0711111111111,2bf55dc212734c469cd90fe8d976fadf,USGS-02085000,00060,00003,2014-11-16,4.27,ft^3/s,Approved,,2025-03-11 13:33:20.467623+00:00
-79.0955555555555,36.0711111111111,2bf55dc212734c469cd90fe8d976fadf,USGS-02085000,00060,00003,2014-11-15,5.55,ft^3/s,Approved,,2025-03-11 13:33:20.467623+00:00
-79.0955555555555,36.0711111111111,2bf55dc212734c469cd90fe8d976fadf,USGS-02085000,00060,00003,2014-11-14,5.82,ft^3/s,Approved,,2025-03-11 13:33:20.467623+00:00
-79.0955555555555,36.0711111111111,2bf55dc212734c469cd90fe8d976fadf,USGS-02085000,00060,00003,2014-11-13,5.91,ft^3/s,Approved,,2025-03-11 13:33:20.467623+00:00
-79.0955555555555,36.0711111111111,2bf55dc212734c469cd90fe8d976fadf,USGS-02085000,00060,00003,2014-11-12,5.96,ft^3/s,Approved,,2025-03-11 13:33:20.467623+00:00
-79.0955555555555,36.0711111111111,2bf55dc212734c469cd90fe8d976fadf,USGS-02085000,00060,00003,2014-11-11,5.63,ft^3/s,Approved,,2025-03-11 13:33:20.467623+00:00
-79.0955555555555,36.0711111111111,2bf55dc212734c469cd90fe8d976fadf,USGS-02085000,00060,00003,2014-11-10,6.45,ft^3/s,Approved,,2025-03-11 13:33:20.467623+00:00
-79.0955555555555,36.0711111111111,2bf55dc212734c469cd90fe8d976fadf,USGS-02085000,00060,00003,2014-11-09,7.69,ft^3/s,Approved,,2025-03-11 13:33:20.467623+00:00
-79.0955555555555,36.0711111111111,2bf55dc212734c469cd90fe8d976fadf,USGS-02085000,00060,00003,2014-11-08,8.22,ft^3/s,Approved,,2025-03-11 13:33:20.467623+00:00
-79.0955555555555,36.0711111111111,2bf55dc212734c469cd90fe8d976fadf,USGS-02085000,00060,00003,2014-11-07,9.72,ft^3/s,Approved,,2025-03-11 13:33:20.467623+00:00
-79.0955555555555,36.0711111111111,2bf55dc212734c469cd90fe8d976fadf,USGS-02085000,00060,00003,2014-11-06,7.80,ft^3/s,Approved,,2025-03-11 13:33:20.467623+00:00
-79.0955555555555,36.0711111111111,2bf55dc212734c469cd90fe8d976fadf,USGS-02085000,00060,00003,2014-11-05,4.88,ft^3/s,Approved,,2025-03-11 13:33:20.467623+00:00
-79.0955555555555,36.0711111111111,2bf55dc212734c469cd90fe8d976fadf,USGS-02085000,00060,00003,2014-11-04,4.98,ft^3/s,Approved,,2025-03-11 13:33:20.467623+00:00
-79.0955555555555,36.0711111111111,2bf55dc212734c469cd90fe8d976fadf,USGS-02085000,00060,00003,2014-11-03,6.65,ft^3/s,Approved,,2025-03-11 13:33:20.467623+00:00
-79.0955555555555,36.0711111111111,2bf55dc212734c469cd90fe8d976fadf,USGS-02085000,00060,00003,2014-11-02,10.4,ft^3/s,Approved,,2025-03-11 13:33:20.467623+00:00
-79.0955555555555,36.0711111111111,2bf55dc212734c469cd90fe8d976fadf,USGS-02085000,00060,00003,2014-11-01,10.2,ft^3/s,Approved,,2025-03-11 13:33:20.467623+00:00
-79.0955555555555,36.0711111111111,2bf55dc212734c469cd90fe8d976fadf,USGS-02085000,00060,00003,2014-10-31,5.71,ft^3/s,Approved,,2025-03-11 13:33:20.467623+00:00
-79.0955555555555,36.0711111111111,2bf55dc212734c469cd90fe8d976fadf,USGS-02085000,00060,00003,2014-10-30,4.44,ft^3/s,Approved,,2025-03-11 13:33:20.467623+00:00
-79.0955555555555,36.0711111111111,2bf55dc212734c469cd90fe8d976fadf,USGS-02085000,00060,00003,2014-10-29,4.06,ft^3/s,Approved,,2025-03-11 13:33:20.467623+00:00
-79.0955555555555,36.0711111111111,2bf55dc212734c469cd90fe8d976fadf,USGS-02085000,00060,00003,2014-10-28,3.27,ft^3/s,Approved,,2025-03-11 13:33:20.467623+00:00
-79.0955555555555,36.0711111111111,2bf55dc212734c469cd90fe8d976fadf,USGS-02085000,00060,00003,2014-10-27,3.46,ft^3/s,Approved,,2025-03-11 13:33:20.467623+00:00
-79.0955555555555,36.0711111111111,2bf55dc212734c469cd90fe8d976fadf,USGS-02085000,00060,00003,2014-10-26,4.18,ft^3/s,Approved,,2025-03-11 13:33:20.467623+00:00
-79.0955555555555,36.0711111111111,2bf55dc212734c469cd90fe8d976fadf,USGS-02085000,00060,00003,2014-10-25,4.60,ft^3/s,Approved,,2025-03-11 13:33:20.467623+00:00
-79.0955555555555,36.0711111111111,2bf55dc212734c469cd90fe8d976fadf,USGS-02085000,00060,00003,2014-10-24,5.42,ft^3/s,Approved,,2025-03-11 13:33:20.467623+00:00
-79.0955555555555,36.0711111111111,2bf55dc212734c469cd90fe8d976fadf,USGS-02085000,00060,00003,2014-10-23,5.47,ft^3/s,Approved,,2025-03-11 13:33:20.467623+00:00
-79.0955555555555,36.0711111111111,2bf55dc212734c469cd90fe8d976fadf,USGS-02085000,00060,00003,2014-10-22,4.88,ft^3/s,Approved,,2025-03-11 13:33:20.467623+00:00
-79.0955555555555,36.0711111111111,2bf55dc212734c469cd90fe8d976fadf,USGS-02085000,00060,00003,2014-10-21,4.95,ft^3/s,Approved,,2025-03-11 13:33:20.467623+00:00
-79.0955555555555,36.0711111111111,2bf55dc212734c469cd90fe8d976fadf,USGS-02085000,00060,00003,2014-10-20,6.64,ft^3/s,Approved,,2025-03-11 13:33:20.467623+00:00
-79.0955555555555,36.0711111111111,2bf55dc212734c469cd90fe8d976fadf,USGS-02085000,00060,00003,2014-10-19,11.3,ft^3/s,Approved,,2025-03-11 13:33:20.467623+00:00
-79.0955555555555,36.0711111111111,2bf55dc212734c469cd90fe8d976fadf,USGS-02085000,00060,00003,2014-10-18,18.1,ft^3/s,Approved,,2025-03-11 13:33:20.467623+00:00
-79.0955555555555,36.0711111111111,2bf55dc212734c469cd90fe8d976fadf,USGS-02085000,00060,00003,2014-10-17,34.6,ft^3/s,Approved,,2025-03-11 13:33:20.467623+00:00
-79.0955555555555,36.0711111111111,2bf55dc212734c469cd90fe8d976fadf,USGS-02085000,00060,00003,2014-10-16,90.2,ft^3/s,Approved,,2025-03-11 13:33:20.467623+00:00
-79.0955555555555,36.0711111111111,2bf55dc212734c469cd90fe8d976fadf,USGS-02085000,00060,00003,2014-10-15,151,ft^3/s,Approved,,2025-03-11 13:33:20.467623+00:00
-79.0955555555555,36.0711111111111,2bf55dc212734c469cd90fe8d976fadf,USGS-02085000,00060,00003,2014-10-14,18.8,ft^3/s,Approved,,2025-03-11 13:33:20.467623+00:00
-79.0955555555555,36.0711111111111,2bf55dc212734c469cd90fe8d976fadf,USGS-02085000,00060,00003,2014-10-13,7.71,ft^3/s,Approved,,2025-03-11 13:33:20.467623+00:00
-79.0955555555555,36.0711111111111,2bf55dc212734c469cd90fe8d976fadf,USGS-02085000,00060,00003,2014-10-12,11.1,ft^3/s,Approved,,2025-03-11 13:33:20.467623+00:00
-79.0955555555555,36.0711111111111,2bf55dc212734c469cd90fe8d976fadf,USGS-02085000,00060,00003,2014-10-11,11.3,ft^3/s,Approved,,2025-03-11 13:33:20.467623+00:00
-79.0955555555555,36.0711111111111,2bf55dc212734c469cd90fe8d976fadf,USGS-02085000,00060,00003,2014-10-10,3.57,ft^3/s,Approved,,2025-03-11 13:33:20.467623+00:00
-79.0955555555555,36.0711111111111,2bf55dc212734c469cd90fe8d976fadf,USGS-02085000,00060,00003,2014-10-09,3.35,ft^3/s,Approved,,2025-03-11 13:33:20.467623+00:00
-79.0955555555555,36.0711111111111,2bf55dc212734c469cd90fe8d976fadf,USGS-02085000,00060,00003,2014-10-08,3.75,ft^3/s,Approved,,2025-03-11 13:33:20.467623+00:00
-79.0955555555555,36.0711111111111,2bf55dc212734c469cd90fe8d976fadf,USGS-02085000,00060,00003,2014-10-07,3.01,ft^3/s,Approved,,2025-03-11 13:33:20.467623+00:00
-79.0955555555555,36.0711111111111,2bf55dc212734c469cd90fe8d976fadf,USGS-02085000,00060,00003,2014-10-06,3.13,ft^3/s,Approved,,2025-03-11 13:33:20.467623+00:00
-79.0955555555555,36.0711111111111,2bf55dc212734c469cd90fe8d976fadf,USGS-02085000,00060,00003,2014-10-05,3.34,ft^3/s,Approved,,2025-03-11 13:33:20.467623+00:00
-79.0955555555555,36.0711111111111,2bf55dc212734c469cd90fe8d976fadf,USGS-02085000,00060,00003,2014-10-04,2.08,ft^3/s,Approved,,2025-03-11 13:33:20.467623+00:00
-79.0955555555555,36.0711111111111,2bf55dc212734c469cd90fe8d976fadf,USGS-02085000,00060,00003,2014-10-03,2.77,ft^3/s,Approved,,2025-03-11 13:33:20.467623+00:00
-79.0955555555555,36.0711111111111,2bf55dc212734c469cd90fe8d976fadf,USGS-02085000,00060,00003,2014-10-02,3.01,ft^3/s,Approved,,2025-03-11 13:33:20.467623+00:00
-79.0955555555555,36.0711111111111,2bf55dc212734c469cd90fe8d976fadf,USGS-02085000,00060,00003,2014-10-01,3.33,ft^3/s,Approved,,2025-03-11 13:33:20.467623+00:00
-79.0955555555555,36.0711111111111,2bf55dc212734c469cd90fe8d976fadf,USGS-02085000,00060,00003,2014-09-30,3.25,ft^3/s,Approved,,2025-03-11 13:33:20.467623+00:00
-79.0955555555555,36.0711111111111,2bf55dc212734c469cd90fe8d976fadf,USGS-02085000,00060,00003,2014-09-29,3.31,ft^3/s,Approved,,2025-03-11 13:33:20.467623+00:00
-79.0955555555555,36.0711111111111,2bf55dc212734c469cd90fe8d976fadf,USGS-02085000,00060,00003,2014-09-28,3.25,ft^3/s,Approved,,2025-03-11 13:33:20.467623+00:00
-79.0955555555555,36.0711111111111,2bf55dc212734c469cd90fe8d976fadf,USGS-02085000,00060,00003,2014-09-27,4.02,ft^3/s,Approved,,2025-03-11 13:33:20.467623+00:00
-79.0955555555555,36.0711111111111,2bf55dc212734c469cd90fe8d976fadf,USGS-02085000,00060,00003,2014-09-26,4.36,ft^3/s,Approved,,2025-03-11 13:33:20.467623+00:00
-79.0955555555555,36.0711111111111,2bf55dc212734c469cd90fe8d976fadf,USGS-02085000,00060,00003,2014-09-25,7.30,ft^3/s,Approved,,2025-03-11 13:33:20.467623+00:00
-79.0955555555555,36.0711111111111,2bf55dc212734c469cd90fe8d976fadf,USGS-02085000,00060,00003,2014-09-24,5.55,ft^3/s,Approved,,2025-03-11 13:33:20.467623+00:00
-79.0955555555555,36.0711111111111,2bf55dc212734c469cd90fe8d976fadf,USGS-02085000,00060,00003,2014-09-23,2.27,ft^3/s,Approved,,2025-03-11 13:33:20.467623+00:00
-79.0955555555555,36.0711111111111,2bf55dc212734c469cd90fe8d976fadf,USGS-02085000,00060,00003,2014-09-22,3.06,ft^3/s,Approved,,2025-03-11 13:33:20.467623+00:00
-79.0955555555555,36.0711111111111,2bf55dc212734c469cd90fe8d976fadf,USGS-02085000,00060,00003,2014-09-21,3.41,ft^3/s,Approved,,2025-03-11 13:33:20.467623+00:00
-79.0955555555555,36.0711111111111,2bf55dc212734c469cd90fe8d976fadf,USGS-02085000,00060,00003,2014-09-20,3.33,ft^3/s,Approved,,2025-03-11 13:33:20.467623+00:00
-79.0955555555555,36.0711111111111,2bf55dc212734c469cd90fe8d976fadf,USGS-02085000,00060,00003,2014-09-19,3.35,ft^3/s,Approved,,2025-03-11 13:33:20.467623+00:00
-79.0955555555555,36.0711111111111,2bf55dc212734c469cd90fe8d976fadf,USGS-02085000,00060,00003,2014-09-18,3.46,ft^3/s,Approved,,2025-03-11 13:33:20.467623+00:00
-79.0955555555555,36.0711111111111,2bf55dc212734c469cd90fe8d976fadf,USGS-02085000,00060,00003,2014-09-17,3.77,ft^3/s,Approved,,2025-03-11 13:33:20.467623+00:00
-79.0955555555555,36.0711111111111,2bf55dc212734c469cd90fe8d976fadf,USGS-02085000,00060,00003,2014-09-16,3.60,ft^3/s,Approved,,2025-03-11 13:33:20.467623+00:00
-79.0955555555555,36.0711111111111,2bf55dc212734c469cd90fe8d976fadf,USGS-02085000,00060,00003,2014-09-15,4.47,ft^3/s,Approved,,2025-03-11 13:33:20.467623+00:00
-79.0955555555555,36.0711111111111,2bf55dc212734c469cd90fe8d976fadf,USGS-02085000,00060,00003,2014-09-14,5.99,ft^3/s,Approved,,2025-03-11 13:33:20.467623+00:00
-79.0955555555555,36.0711111111111,2bf55dc212734c469cd90fe8d976fadf,USGS-02085000,00060,00003,2014-09-13,9.08,ft^3/s,Approved,,2025-03-11 13:33:20.467623+00:00
-79.0955555555555,36.0711111111111,2bf55dc212734c469cd90fe8d976fadf,USGS-02085000,00060,00003,2014-09-12,8.48,ft^3/s,Approved,,2025-03-11 13:33:20.467623+00:00
-79.0955555555555,36.0711111111111,2bf55dc212734c469cd90fe8d976fadf,USGS-02085000,00060,00003,2014-09-11,4.59,ft^3/s,Approved,,2025-03-11 13:33:20.467623+00:00
-79.0955555555555,36.0711111111111,2bf55dc212734c469cd90fe8d976fadf,USGS-02085000,00060,00003,2014-09-10,7.06,ft^3/s,Approved,,2025-03-11 13:33:20.467623+00:00
-79.0955555555555,36.0711111111111,2bf55dc212734c469cd90fe8d976fadf,USGS-02085000,00060,00003,2014-09-09,12.7,ft^3/s,Approved,,2025-03-11 13:33:20.467623+00:00
-79.0955555555555,36.0711111111111,2bf55dc212734c469cd90fe8d976fadf,USGS-02085000,00060,00003,2014-09-08,8.19,ft^3/s,Approved,,2025-03-11 13:33:20.467623+00:00
-79.0955555555555,36.0711111111111,2bf55dc212734c469cd90fe8d976fadf,USGS-02085000,00060,00003,2014-09-07,8.05,ft^3/s,Approved,,2025-03-11 13:33:20.467623+00:00
-79.0955555555555,36.0711111111111,2bf55dc212734c469cd90fe8d976fadf,USGS-02085000,00060,00003,2014-09-06,16.6,ft^3/s,Approved,,2025-03-11 13:33:20.467623+00:00
-79.0955555555555,36.0711111111111,2bf55dc212734c469cd90fe8d976fadf,USGS-02085000,00060,00003,2014-09-05,18.3,ft^3/s,Approved,,2025-03-11 13:33:20.467623+00:00
-79.0955555555555,36.0711111111111,2bf55dc212734c469cd90fe8d976fadf,USGS-02085000,00060,00003,2014-09-04,7.88,ft^3/s,Approved,,2025-03-11 13:33:20.467623+00:00
-79.0955555555555,36.0711111111111,2bf55dc212734c469cd90fe8d976fadf,USGS-02085000,00060,00003,2014-09-03,3.13,ft^3/s,Approved,,2025-03-11 13:33:20.467623+00:00
-79.0955555555555,36.0711111111111,2bf55dc212734c469cd90fe8d976fadf,USGS-02085000,00060,00003,2014-09-02,3.54,ft^3/s,Approved,,2025-03-11 13:33:20.467623+00:00
-79.0955555555555,36.0711111111111,2bf55dc212734c469cd90fe8d976fadf,USGS-02085000,00060,00003,2014-09-01,3.81,ft^3/s,Approved,,2025-03-11 13:33:20.467623+00:00
-79.0955555555555,36.0711111111111,2bf55dc212734c469cd90fe8d976fadf,USGS-02085000,00060,00003,2014-08-31,3.94,ft^3/s,Approved,,2025-03-11 13:33:20.467623+00:00
-79.0955555555555,36.0711111111111,2bf55dc212734c469cd90fe8d976fadf,USGS-02085000,00060,00003,2014-08-30,3.96,ft^3/s,Approved,,2025-03-11 13:33:20.467623+00:00
-79.0955555555555,36.0711111111111,2bf55dc212734c469cd90fe8d976fadf,USGS-02085000,00060,00003,2014-08-29,3.76,ft^3/s,Approved,,2025-03-11 13:33:20.467623+00:00
-79.0955555555555,36.0711111111111,2bf55dc212734c469cd90fe8d976fadf,USGS-02085000,00060,00003,2014-08-28,3.53,ft^3/s,Approved,,2025-03-11 13:33:20.467623+00:00
-79.0955555555555,36.0711111111111,2bf55dc212734c469cd90fe8d976fadf,USGS-02085000,00060,00003,2014-08-27,4.22,ft^3/s,Approved,,2025-03-11 13:33:20.467623+00:00
-79.0955555555555,36.0711111111111,2bf55dc212734c469cd90fe8d976fadf,USGS-02085000,00060,00003,2014-08-26,4.12,ft^3/s,Approved,,2025-03-11 13:33:20.467623+00:00
-79.0955555555555,36.0711111111111,2bf55dc212734c469cd90fe8d976fadf,USGS-02085000,00060,00003,2014-08-25,4.39,ft^3/s,Approved,,2025-03-11 13:33:20.467623+00:00
-79.0955555555555,36.0711111111111,2bf55dc212734c469cd90fe8d976fadf,USGS-02085000,00060,00003,2014-08-24,5.15,ft^3/s,Approved,,2025-03-11 13:33:20.467623+00:00
-79.0955555555555,36.0711111111111,2bf55dc212734c469cd90fe8d976fadf,USGS-02085000,00060,00003,2014-08-23,5.08,ft^3/s,Approved,,2025-03-11 13:33:20.467623+00:00
-79.0955555555555,36.0711111111111,2bf55dc212734c469cd90fe8d976fadf,USGS-02085000,00060,00003,2014-08-22,4.87,ft^3/s,Approved,,2025-03-11 13:33:20.467623+00:00
-79.0955555555555,36.0711111111111,2bf55dc212734c469cd90fe8d976fadf,USGS-02085000,00060,00003,2014-08-21,5.72,ft^3/s,Approved,,2025-03-11 13:33:20.467623+00:00
-79.0955555555555,36.0711111111111,2bf55dc212734c469cd90fe8d976fadf,USGS-02085000,00060,00003,2014-08-20,6.52,ft^3/s,Approved,,2025-03-11 13:33:20.467623+00:00
-79.0955555555555,36.0711111111111,2bf55dc212734c469cd90fe8d976fadf,USGS-02085000,00060,00003,2014-08-19,9.04,ft^3/s,Approved,,2025-03-11 13:33:20.467623+00:00
-79.0955555555555,36.0711111111111,2bf55dc212734c469cd90fe8d976fadf,USGS-02085000,00060,00003,2014-08-18,6.65,ft^3/s,Approved,,2025-03-11 13:33:20.467623+00:00
-79.0955555555555,36.0711111111111,2bf55dc212734c469cd90fe8d976fadf,USGS-02085000,00060,00003,2014-08-17,5.87,ft^3/s,Approved,,2025-03-11 13:33:20.467623+00:00
-79.0955555555555,36.0711111111111,2bf55dc212734c469cd90fe8d976fadf,USGS-02085000,00060,00003,2014-08-16,7.89,ft^3/s,Approved,,2025-03-11 13:33:20.467623+00:00
-79.0955555555555,36.0711111111111,2bf55dc212734c469cd90fe8d976fadf,USGS-02085000,00060,00003,2014-08-15,13.2,ft^3/s,Approved,,2025-03-11 13:33:20.467623+00:00
-79.0955555555555,36.0711111111111,2bf55dc212734c469cd90fe8d976fadf,USGS-02085000,00060,00003,2014-08-14,31.5,ft^3/s,Approved,,2025-03-11 13:33:20.467623+00:00
-79.0955555555555,36.0711111111111,2bf55dc212734c469cd90fe8d976fadf,USGS-02085000,00060,00003,2014-08-13,116,ft^3/s,Approved,,2025-03-11 13:33:20.467623+00:00
-79.0955555555555,36.0711111111111,2bf55dc212734c469cd90fe8d976fadf,USGS-02085000,00060,00003,2014-08-12,42.4,ft^3/s,Approved,,2025-03-11 13:33:20.467623+00:00
-79.0955555555555,36.0711111111111,2bf55dc212734c469cd90fe8d976fadf,USGS-02085000,00060,00003,2014-08-11,8.54,ft^3/s,Approved,,2025-03-11 13:33:20.467623+00:00
-79.0955555555555,36.0711111111111,2bf55dc212734c469cd90fe8d976fadf,USGS-02085000,00060,00003,2014-08-10,10.3,ft^3/s,Approved,,2025-03-11 13:33:20.467623+00:00
-79.0955555555555,36.0711111111111,2bf55dc212734c469cd90fe8d976fadf,USGS-02085000,00060,00003,2014-08-09,7.15,ft^3/s,Approved,,2025-03-11 13:33:20.467623+00:00
-79.0955555555555,36.0711111111111,2bf55dc212734c469cd90fe8d976fadf,USGS-02085000,00060,00003,2014-08-08,4.09,ft^3/s,Approved,,2025-03-11 13:33:20.467623+00:00
-79.0955555555555,36.0711111111111,2bf55dc212734c469cd90fe8d976fadf,USGS-02085000,00060,00003,2014-08-07,3.42,ft^3/s,Approved,,2025-03-11 13:33:20.467623+00:00
-79.0955555555555,36.0711111111111,2bf55dc212734c469cd90fe8d976fadf,USGS-02085000,00060,00003,2014-08-06,3.82,ft^3/s,Approved,,2025-03-11 13:33:20.467623+00:00
-79.0955555555555,36.0711111111111,2bf55dc212734c469cd90fe8d976fadf,USGS-02085000,00060,00003,2014-08-05,5.80,ft^3/s,Approved,,2025-03-11 13:33:20.467623+00:00
-79.0955555555555,36.0711111111111,2bf55dc212734c469cd90fe8d976fadf,USGS-02085000,00060,00003,2014-08-04,8.67,ft^3/s,Approved,,2025-03-11 13:33:20.467623+00:00
-79.0955555555555,36.0711111111111,2bf55dc212734c469cd90fe8d976fadf,USGS-02085000,00060,00003,2014-08-03,14.9,ft^3/s,Approved,,2025-03-11 13:33:20.467623+00:00
-79.0955555555555,36.0711111111111,2bf55dc212734c469cd90fe8d976fadf,USGS-02085000,00060,00003,2014-08-02,28.9,ft^3/s,Approved,,2025-03-11 13:33:20.467623+00:00
-79.0955555555555,36.0711111111111,2bf55dc212734c469cd90fe8d976fadf,USGS-02085000,00060,00003,2014-08-01,25.2,ft^3/s,Approved,,2025-03-11 13:33:20.467623+00:00
-79.0955555555555,36.0711111111111,2bf55dc212734c469cd90fe8d976fadf,USGS-02085000,00060,00003,2014-07-31,7.09,ft^3/s,Approved,,2025-03-11 13:33:20.467623+00:00
-79.0955555555555,36.0711111111111,2bf55dc212734c469cd90fe8d976fadf,USGS-02085000,00060,00003,2014-07-30,4.81,ft^3/s,Approved,,2025-03-11 13:33:20.467623+00:00
-79.0955555555555,36.0711111111111,2bf55dc212734c469cd90fe8d976fadf,USGS-02085000,00060,00003,2014-07-29,6.13,ft^3/s,Approved,,2025-03-11 13:33:20.467623+00:00
-79.0955555555555,36.0711111111111,2bf55dc212734c469cd90fe8d976fadf,USGS-02085000,00060,00003,2014-07-28,9.03,ft^3/s,Approved,,2025-03-11 13:33:20.467623+00:00
-79.0955555555555,36.0711111111111,2bf55dc212734c469cd90fe8d976fadf,USGS-02085000,00060,00003,2014-07-27,8.32,ft^3/s,Approved,,2025-03-11 13:33:20.467623+00:00
-79.0955555555555,36.0711111111111,2bf55dc212734c469cd90fe8d976fadf,USGS-02085000,00060,00003,2014-07-26,9.70,ft^3/s,Approved,,2025-03-11 13:33:20.467623+00:00
-79.0955555555555,36.0711111111111,2bf55dc212734c469cd90fe8d976fadf,USGS-02085000,00060,00003,2014-07-25,29.8,ft^3/s,Approved,,2025-03-11 13:33:20.467623+00:00
-79.0955555555555,36.0711111111111,2bf55dc212734c469cd90fe8d976fadf,USGS-02085000,00060,00003,2014-07-24,5.49,ft^3/s,Approved,,2025-03-11 13:33:20.467623+00:00
-79.0955555555555,36.0711111111111,2bf55dc212734c469cd90fe8d976fadf,USGS-02085000,00060,00003,2014-07-23,4.57,ft^3/s,Approved,,2025-03-11 13:33:20.467623+00:00
-79.0955555555555,36.0711111111111,2bf55dc212734c469cd90fe8d976fadf,USGS-02085000,00060,00003,2014-07-22,7.37,ft^3/s,Approved,,2025-03-11 13:33:20.467623+00:00
-79.0955555555555,36.0711111111111,2bf55dc212734c469cd90fe8d976fadf,USGS-02085000,00060,00003,2014-07-21,7.60,ft^3/s,Approved,,2025-03-11 13:33:20.467623+00:00
-79.0955555555555,36.0711111111111,2bf55dc212734c469cd90fe8d976fadf,USGS-02085000,00060,00003,2014-07-20,3.00,ft^3/s,Approved,,2025-03-11 13:33:20.467623+00:00
-79.0955555555555,36.0711111111111,2bf55dc212734c469cd90fe8d976fadf,USGS-02085000,00060,00003,2014-07-19,3.04,ft^3/s,Approved,,2025-03-11 13:33:20.467623+00:00
-79.0955555555555,36.0711111111111,2bf55dc212734c469cd90fe8d976fadf,USGS-02085000,00060,00003,2014-07-18,3.51,ft^3/s,Approved,,2025-03-11 13:33:20.467623+00:00
-79.0955555555555,36.0711111111111,2bf55dc212734c469cd90fe8d976fadf,USGS-02085000,00060,00003,2014-07-17,4.26,ft^3/s,Approved,,2025-03-11 13:33:20.467623+00:00
-79.0955555555555,36.0711111111111,2bf55dc212734c469cd90fe8d976fadf,USGS-02085000,00060,00003,2014-07-16,10.3,ft^3/s,Approved,,2025-03-11 13:33:20.467623+00:00
-79.0955555555555,36.0711111111111,2bf55dc212734c469cd90fe8d976fadf,USGS-02085000,00060,00003,2014-07-15,21.7,ft^3/s,Approved,,2025-03-11 13:33:20.467623+00:00
-79.0955555555555,36.0711111111111,2bf55dc212734c469cd90fe8d976fadf,USGS-02085000,00060,00003,2014-07-14,3.29,ft^3/s,Approved,,2025-03-11 13:33:20.467623+00:00
-79.0955555555555,36.0711111111111,2bf55dc212734c469cd90fe8d976fadf,USGS-02085000,00060,00003,2014-07-13,3.60,ft^3/s,Approved,,2025-03-11 13:33:20.467623+00:00
-79.0955555555555,36.0711111111111,2bf55dc212734c469cd90fe8d976fadf,USGS-02085000,00060,00003,2014-07-12,4.18,ft^3/s,Approved,,2025-03-11 13:33:20.467623+00:00
-79.0955555555555,36.0711111111111,2bf55dc212734c469cd90fe8d976fadf,USGS-02085000,00060,00003,2014-07-11,4.63,ft^3/s,Approved,,2025-03-11 13:33:20.467623+00:00
-79.0955555555555,36.0711111111111,2bf55dc212734c469cd90fe8d976fadf,USGS-02085000,00060,00003,2014-07-10,3.09,ft^3/s,Approved,,2025-03-11 13:33:20.467623+00:00
-79.0955555555555,36.0711111111111,2bf55dc212734c469cd90fe8d976fadf,USGS-02085000,00060,00003,2014-07-09,2.60,ft^3/s,Approved,,2025-03-11 13:33:20.467623+00:00
-79.0955555555555,36.0711111111111,2bf55dc212734c469cd90fe8d976fadf,USGS-02085000,00060,00003,2014-07-08,2.63,ft^3/s,Approved,,2025-03-11 13:33:20.467623+00:00
-79.0955555555555,36.0711111111111,2bf55dc212734c469cd90fe8d976fadf,USGS-02085000,00060,00003,2014-07-07,2.81,ft^3/s,Approved,,2025-03-11 13:33:20.467623+00:00
-79.0955555555555,36.0711111111111,2bf55dc212734c469cd90fe8d976fadf,USGS-02085000,00060,00003,2014-07-06,3.19,ft^3/s,Approved,,2025-03-11 13:33:20.467623+00:00
-79.0955555555555,36.0711111111111,2bf55dc212734c469cd90fe8d976fadf,USGS-02085000,00060,00003,2014-07-05,3.48,ft^3/s,Approved,,2025-03-11 13:33:20.467623+00:00
-79.0955555555555,36.0711111111111,2bf55dc212734c469cd90fe8d976fadf,USGS-02085000,00060,00003,2014-07-04,3.58,ft^3/s,Approved,,2025-03-11 13:33:20.467623+00:00
-79.0955555555555,36.0711111111111,2bf55dc212734c469cd90fe8d976fadf,USGS-02085000,00060,00003,2014-07-03,3.88,ft^3/s,Approved,,2025-03-11 13:33:20.467623+00:00
-79.0955555555555,36.0711111111111,2bf55dc212734c469cd90fe8d976fadf,USGS-02085000,00060,00003,2014-07-02,4.51,ft^3/s,Approved,,2025-03-11 13:33:20.467623+00:00
-79.0955555555555,36.0711111111111,2bf55dc212734c469cd90fe8d976fadf,USGS-02085000,00060,00003,2014-07-01,5.28,ft^3/s,Approved,,2025-03-11 13:33:20.467623+00:00
-79.0955555555555,36.0711111111111,2bf55dc212734c469cd90fe8d976fadf,USGS-02085000,00060,00003,2014-06-30,6.79,ft^3/s,Approved,,2025-03-11 13:33:20.467623+00:00
-79.0955555555555,36.0711111111111,2bf55dc212734c469cd90fe8d976fadf,USGS-02085000,00060,00003,2014-06-29,9.97,ft^3/s,Approved,,2025-03-11 13:33:20.467623+00:00
-79.0955555555555,36.0711111111111,2bf55dc212734c469cd90fe8d976fadf,USGS-02085000,00060,00003,2014-06-28,17.9,ft^3/s,Approved,,2025-03-11 13:33:20.467623+00:00
-79.0955555555555,36.0711111111111,2bf55dc212734c469cd90fe8d976fadf,USGS-02085000,00060,00003,2014-06-27,38.2,ft^3/s,Approved,,2025-03-11 13:33:20.467623+00:00
-79.0955555555555,36.0711111111111,2bf55dc212734c469cd90fe8d976fadf,USGS-02085000,00060,00003,2014-06-26,3.66,ft^3/s,Approved,,2025-03-11 13:33:20.467623+00:00
-79.0955555555555,36.0711111111111,2bf55dc212734c469cd90fe8d976fadf,USGS-02085000,00060,00003,2014-06-25,3.95,ft^3/s,Approved,,2025-03-11 13:33:20.467623+00:00
-79.0955555555555,36.0711111111111,2bf55dc212734c469cd90fe8d976fadf,USGS-02085000,00060,00003,2014-06-24,4.49,ft^3/s,Approved,,2025-03-11 13:33:20.467623+00:00
-79.0955555555555,36.0711111111111,2bf55dc212734c469cd90fe8d976fadf,USGS-02085000,00060,00003,2014-06-23,5.44,ft^3/s,Approved,,2025-03-11 13:33:20.467623+00:00
-79.0955555555555,36.0711111111111,2bf55dc212734c469cd90fe8d976fadf,USGS-02085000,00060,00003,2014-06-22,5.95,ft^3/s,Approved,,2025-03-11 13:33:20.467623+00:00
-79.0955555555555,36.0711111111111,2bf55dc212734c469cd90fe8d976fadf,USGS-02085000,00060,00003,2014-06-21,9.24,ft^3/s,Approved,,2025-03-11 13:33:20.467623+00:00
-79.0955555555555,36.0711111111111,2bf55dc212734c469cd90fe8d976fadf,USGS-02085000,00060,00003,2014-06-20,9.77,ft^3/s,Approved,,2025-03-11 13:33:20.467623+00:00
-79.0955555555555,36.0711111111111,2bf55dc212734c469cd90fe8d976fadf,USGS-02085000,00060,00003,2014-06-19,8.91,ft^3/s,Approved,,2025-03-11 13:33:20.467623+00:00
-79.0955555555555,36.0711111111111,2bf55dc212734c469cd90fe8d976fadf,USGS-02085000,00060,00003,2014-06-18,6.63,ft^3/s,Approved,,2025-03-11 13:33:20.467623+00:00
-79.0955555555555,36.0711111111111,2bf55dc212734c469cd90fe8d976fadf,USGS-02085000,00060,00003,2014-06-17,6.65,ft^3/s,Approved,,2025-03-11 13:33:20.467623+00:00
-79.0955555555555,36.0711111111111,2bf55dc212734c469cd90fe8d976fadf,USGS-02085000,00060,00003,2014-06-16,8.00,ft^3/s,Approved,,2025-03-11 13:33:20.467623+00:00
-79.0955555555555,36.0711111111111,2bf55dc212734c469cd90fe8d976fadf,USGS-02085000,00060,00003,2014-06-15,10.9,ft^3/s,Approved,,2025-03-11 13:33:20.467623+00:00
-79.0955555555555,36.0711111111111,2bf55dc212734c469cd90fe8d976fadf,USGS-02085000,00060,00003,2014-06-14,14.0,ft^3/s,Approved,,2025-03-11 13:33:20.467623+00:00
-79.0955555555555,36.0711111111111,2bf55dc212734c469cd90fe8d976fadf,USGS-02085000,00060,00003,2014-06-13,17.4,ft^3/s,Approved,,2025-03-11 13:33:20.467623+00:00
-79.0955555555555,36.0711111111111,2bf55dc212734c469cd90fe8d976fadf,USGS-02085000,00060,00003,2014-06-12,20.9,ft^3/s,Approved,,2025-03-11 13:33:20.467623+00:00
-79.0955555555555,36.0711111111111,2bf55dc212734c469cd90fe8d976fadf,USGS-02085000,00060,00003,2014-06-11,16.7,ft^3/s,Approved,,2025-03-11 13:33:20.467623+00:00
-79.0955555555555,36.0711111111111,2bf55dc212734c469cd90fe8d976fadf,USGS-02085000,00060,00003,2014-06-10,10.0,ft^3/s,Approved,,2025-03-11 13:33:20.467623+00:00
-79.0955555555555,36.0711111111111,2bf55dc212734c469cd90fe8d976fadf,USGS-02085000,00060,00003,2014-06-09,9.16,ft^3/s,Approved,,2025-03-11 13:33:20.467623+00:00
-79.0955555555555,36.0711111111111,2bf55dc212734c469cd90fe8d976fadf,USGS-02085000,00060,00003,2014-06-08,10.3,ft^3/s,Approved,,2025-03-11 13:33:20.467623+00:00
-79.0955555555555,36.0711111111111,2bf55dc212734c469cd90fe8d976fadf,USGS-02085000,00060,00003,2014-06-07,11.9,ft^3/s,Approved,,2025-03-11 13:33:20.467623+00:00
-79.0955555555555,36.0711111111111,2bf55dc212734c469cd90fe8d976fadf,USGS-02085000,00060,00003,2014-06-06,14.9,ft^3/s,Approved,,2025-03-11 13:33:20.467623+00:00
-79.0955555555555,36.0711111111111,2bf55dc212734c469cd90fe8d976fadf,USGS-02085000,00060,00003,2014-06-05,17.6,ft^3/s,Approved,,2025-03-11 13:33:20.467623+00:00
-79.0955555555555,36.0711111111111,2bf55dc212734c469cd90fe8d976fadf,USGS-02085000,00060,00003,2014-06-04,13.4,ft^3/s,Approved,,2025-03-11 13:33:20.467623+00:00
-79.0955555555555,36.0711111111111,2bf55dc212734c469cd90fe8d976fadf,USGS-02085000,00060,00003,2014-06-03,13.4,ft^3/s,Approved,,2025-03-11 13:33:20.467623+00:00
-79.0955555555555,36.0711111111111,2bf55dc212734c469cd90fe8d976fadf,USGS-02085000,00060,00003,2014-06-02,14.8,ft^3/s,Approved,,2025-03-11 13:33:20.467623+00:00
-79.0955555555555,36.0711111111111,2bf55dc212734c469cd90fe8d976fadf,USGS-02085000,00060,00003,2014-06-01,17.2,ft^3/s,Approved,,2025-03-11 13:33:20.467623+00:00
-79.0955555555555,36.0711111111111,2bf55dc212734c469cd90fe8d976fadf,USGS-02085000,00060,00003,2014-05-31,20.8,ft^3/s,Approved,,2025-03-11 13:33:20.467623+00:00
-79.0955555555555,36.0711111111111,2bf55dc212734c469cd90fe8d976fadf,USGS-02085000,00060,00003,2014-05-30,22.7,ft^3/s,Approved,,2025-03-11 13:33:20.467623+00:00
-79.0955555555555,36.0711111111111,2bf55dc212734c469cd90fe8d976fadf,USGS-02085000,00060,00003,2014-05-29,27.4,ft^3/s,Approved,,2025-03-11 13:33:20.467623+00:00
-79.0955555555555,36.0711111111111,2bf55dc212734c469cd90fe8d976fadf,USGS-02085000,00060,00003,2014-05-28,54.0,ft^3/s,Approved,,2025-03-11 13:33:20.467623+00:00
-79.0955555555555,36.0711111111111,2bf55dc212734c469cd90fe8d976fadf,USGS-02085000,00060,00003,2014-05-27,22.5,ft^3/s,Approved,,2025-03-11 13:33:20.467623+00:00
-79.0955555555555,36.0711111111111,2bf55dc212734c469cd90fe8d976fadf,USGS-02085000,00060,00003,2014-05-26,20.1,ft^3/s,Approved,,2025-03-11 13:33:20.467623+00:00
-79.0955555555555,36.0711111111111,2bf55dc212734c469cd90fe8d976fadf,USGS-02085000,00060,00003,2014-05-25,21.3,ft^3/s,Approved,,2025-03-11 13:33:20.467623+00:00
-79.0955555555555,36.0711111111111,2bf55dc212734c469cd90fe8d976fadf,USGS-02085000,00060,00003,2014-05-24,24.0,ft^3/s,Approved,,2025-03-11 13:33:20.467623+00:00
-79.0955555555555,36.0711111111111,2bf55dc212734c469cd90fe8d976fadf,USGS-02085000,00060,00003,2014-05-23,27.4,ft^3/s,Approved,,2025-03-11 13:33:20.467623+00:00
-79.0955555555555,36.0711111111111,2bf55dc212734c469cd90fe8d976fadf,USGS-02085000,00060,00003,2014-05-22,31.2,ft^3/s,Approved,,2025-03-11 13:33:20.467623+00:00
-79.0955555555555,36.0711111111111,2bf55dc212734c469cd90fe8d976fadf,USGS-02085000,00060,00003,2014-05-21,35.6,ft^3/s,Approved,,2025-03-11 13:33:20.467623+00:00
-79.0955555555555,36.0711111111111,2bf55dc212734c469cd90fe8d976fadf,USGS-02085000,00060,00003,2014-05-20,43.2,ft^3/s,Approved,,2025-03-11 13:33:20.467623+00:00
-79.0955555555555,36.0711111111111,2bf55dc212734c469cd90fe8d976fadf,USGS-02085000,00060,00003,2014-05-19,58.8,ft^3/s,Approved,,2025-03-11 13:33:20.467623+00:00
-79.0955555555555,36.0711111111111,2bf55dc212734c469cd90fe8d976fadf,USGS-02085000,00060,00003,2014-05-18,86.1,ft^3/s,Approved,,2025-03-11 13:33:20.467623+00:00
-79.0955555555555,36.0711111111111,2bf55dc212734c469cd90fe8d976fadf,USGS-02085000,00060,00003,2014-05-17,191,ft^3/s,Approved,,2025-03-11 13:33:20.467623+00:00
-79.0955555555555,36.0711111111111,2bf55dc212734c469cd90fe8d976fadf,USGS-02085000,00060,00003,2014-05-16,1100,ft^3/s,Approved,,2025-03-11 13:33:20.467623+00:00
-79.0955555555555,36.0711111111111,2bf55dc212734c469cd90fe8d976fadf,USGS-02085000,00060,00003,2014-05-15,223,ft^3/s,Approved,,2025-03-11 13:33:20.467623+00:00
-79.0955555555555,36.0711111111111,2bf55dc212734c469cd90fe8d976fadf,USGS-02085000,00060,00003,2014-05-14,18.5,ft^3/s,Approved,,2025-03-11 13:33:20.467623+00:00
-79.0955555555555,36.0711111111111,2bf55dc212734c469cd90fe8d976fadf,USGS-02085000,00060,00003,2014-05-13,19.9,ft^3/s,Approved,,2025-03-11 13:33:20.467623+00:00
-79.0955555555555,36.0711111111111,2bf55dc212734c469cd90fe8d976fadf,USGS-02085000,00060,00003,2014-05-12,23.7,ft^3/s,Approved,,2025-03-11 13:33:20.467623+00:00
-79.0955555555555,36.0711111111111,2bf55dc212734c469cd90fe8d976fadf,USGS-02085000,00060,00003,2014-05-11,29.3,ft^3/s,Approved,,2025-03-11 13:33:20.467623+00:00
-79.0955555555555,36.0711111111111,2bf55dc212734c469cd90fe8d976fadf,USGS-02085000,00060,00003,2014-05-10,24.5,ft^3/s,Approved,,2025-03-11 13:33:20.467623+00:00
-79.0955555555555,36.0711111111111,2bf55dc212734c469cd90fe8d976fadf,USGS-02085000,00060,00003,2014-05-09,23.7,ft^3/s,Approved,,2025-03-11 13:33:20.467623+00:00
-79.0955555555555,36.0711111111111,2bf55dc212734c469cd90fe8d976fadf,USGS-02085000,00060,00003,2014-05-08,26.1,ft^3/s,Approved,,2025-03-11 13:33:20.467623+00:00
-79.0955555555555,36.0711111111111,2bf55dc212734c469cd90fe8d976fadf,USGS-02085000,00060,00003,2014-05-07,27.4,ft^3/s,Approved,,2025-03-11 13:33:20.467623+00:00
-79.0955555555555,36.0711111111111,2bf55dc212734c469cd90fe8d976fadf,USGS-02085000,00060,00003,2014-05-06,29.0,ft^3/s,Approved,,2025-03-11 13:33:20.467623+00:00
-79.0955555555555,36.0711111111111,2bf55dc212734c469cd90fe8d976fadf,USGS-02085000,00060,00003,2014-05-05,30.3,ft^3/s,Approved,,2025-03-11 13:33:20.467623+00:00
-79.0955555555555,36.0711111111111,2bf55dc212734c469cd90fe8d976fadf,USGS-02085000,00060,00003,2014-05-04,34.6,ft^3/s,Approved,,2025-03-11 13:33:20.467623+00:00
-79.0955555555555,36.0711111111111,2bf55dc212734c469cd90fe8d976fadf,USGS-02085000,00060,00003,2014-05-03,41.3,ft^3/s,Approved,,2025-03-11 13:33:20.467623+00:00
-79.0955555555555,36.0711111111111,2bf55dc212734c469cd90fe8d976fadf,USGS-02085000,00060,00003,2014-05-02,54.2,ft^3/s,Approved,,2025-03-11 13:33:20.467623+00:00
-79.0955555555555,36.0711111111111,2bf55dc212734c469cd90fe8d976fadf,USGS-02085000,00060,00003,2014-05-01,74.0,ft^3/s,Approved,,2025-03-11 13:33:20.467623+00:00
-79.0955555555555,36.0711111111111,2bf55dc212734c469cd90fe8d976fadf,USGS-02085000,00060,00003,2014-04-30,64.1,ft^3/s,Approved,,2025-03-11 13:33:20.467623+00:00
-79.0955555555555,36.0711111111111,2bf55dc212734c469cd90fe8d976fadf,USGS-02085000,00060,00003,2014-04-29,50.3,ft^3/s,Approved,,2025-03-11 13:33:20.467623+00:00
-79.0955555555555,36.0711111111111,2bf55dc212734c469cd90fe8d976fadf,USGS-02085000,00060,00003,2014-04-28,58.6,ft^3/s,Approved,,2025-03-11 13:33:20.467623+00:00
-79.0955555555555,36.0711111111111,2bf55dc212734c469cd90fe8d976fadf,USGS-02085000,00060,00003,2014-04-27,89.5,ft^3/s,Approved,,2025-03-11 13:33:20.467623+00:00
-79.0955555555555,36.0711111111111,2bf55dc212734c469cd90fe8d976fadf,USGS-02085000,00060,00003,2014-04-26,167,ft^3/s,Approved,,2025-03-11 13:33:20.467623+00:00
-79.0955555555555,36.0711111111111,2bf55dc212734c469cd90fe8d976fadf,USGS-02085000,00060,00003,2014-04-25,53.9,ft^3/s,Approved,,2025-03-11 13:33:20.467623+00:00
-79.0955555555555,36.0711111111111,2bf55dc212734c469cd90fe8d976fadf,USGS-02085000,00060,00003,2014-04-24,52.1,ft^3/s,Approved,,2025-03-11 13:33:20.467623+00:00
-79.0955555555555,36.0711111111111,2bf55dc212734c469cd90fe8d976fadf,USGS-02085000,00060,00003,2014-04-23,63.0,ft^3/s,Approved,,2025-03-11 13:33:20.467623+00:00
-79.0955555555555,36.0711111111111,2bf55dc212734c469cd90fe8d976fadf,USGS-02085000,00060,00003,2014-04-22,71.6,ft^3/s,Approved,,2025-03-11 13:33:20.467623+00:00
-79.0955555555555,36.0711111111111,2bf55dc212734c469cd90fe8d976fadf,USGS-02085000,00060,00003,2014-04-21,85.4,ft^3/s,Approved,,2025-03-11 13:33:20.467623+00:00
-79.0955555555555,36.0711111111111,2bf55dc212734c469cd90fe8d976fadf,USGS-02085000,00060,00003,2014-04-20,125,ft^3/s,Approved,,2025-03-11 13:33:20.467623+00:00
-79.0955555555555,36.0711111111111,2bf55dc212734c469cd90fe8d976fadf,USGS-02085000,00060,00003,2014-04-19,160,ft^3/s,Approved,,2025-03-11 13:33:20.467623+00:00
-79.0955555555555,36.0711111111111,2bf55dc212734c469cd90fe8d976fadf,USGS-02085000,00060,00003,2014-04-18,77.7,ft^3/s,Approved,,2025-03-11 13:33:20.467623+00:00
-79.0955555555555,36.0711111111111,2bf55dc212734c469cd90fe8d976fadf,USGS-02085000,00060,00003,2014-04-17,107,ft^3/s,Approved,,2025-03-11 13:33:20.467623+00:00
-79.0955555555555,36.0711111111111,2bf55dc212734c469cd90fe8d976fadf,USGS-02085000,00060,00003,2014-04-16,230,ft^3/s,Approved,,2025-03-11 13:33:20.467623+00:00
-79.0955555555555,36.0711111111111,2bf55dc212734c469cd90fe8d976fadf,USGS-02085000,00060,00003,2014-04-15,107,ft^3/s,Approved,,2025-03-11 13:33:20.467623+00:00
-79.0955555555555,36.0711111111111,2bf55dc212734c469cd90fe8d976fadf,USGS-02085000,00060,00003,2014-04-14,55.5,ft^3/s,Approved,,2025-03-11 13:33:20.467623+00:00
-79.0955555555555,36.0711111111111,2bf55dc212734c469cd90fe8d976fadf,USGS-02085000,00060,00003,2014-04-13,60.2,ft^3/s,Approved,,2025-03-11 13:33:20.467623+00:00
-79.0955555555555,36.0711111111111,2bf55dc212734c469cd90fe8d976fadf,USGS-02085000,00060,00003,2014-04-12,67.0,ft^3/s,Approved,,2025-03-11 13:33:20.467623+00:00
-79.0955555555555,36.0711111111111,2bf55dc212734c469cd90fe8d976fadf,USGS-02085000,00060,00003,2014-04-11,77.9,ft^3/s,Approved,,2025-03-11 13:33:20.467623+00:00
-79.0955555555555,36.0711111111111,2bf55dc212734c469cd90fe8d976fadf,USGS-02085000,00060,00003,2014-04-10,100,ft^3/s,Approved,,2025-03-11 13:33:20.467623+00:00
-79.0955555555555,36.0711111111111,2bf55dc212734c469cd90fe8d976fadf,USGS-02085000,00060,00003,2014-04-09,156,ft^3/s,Approved,,2025-03-11 13:33:20.467623+00:00
-79.0955555555555,36.0711111111111,2bf55dc212734c469cd90fe8d976fadf,USGS-02085000,00060,00003,2014-04-08,419,ft^3/s,Approved,,2025-03-11 13:33:20.467623+00:00
-79.0955555555555,36.0711111111111,2bf55dc212734c469cd90fe8d976fadf,USGS-02085000,00060,00003,2014-04-07,653,ft^3/s,Approved,,2025-03-11 13:33:20.467623+00:00
-79.0955555555555,36.0711111111111,2bf55dc212734c469cd90fe8d976fadf,USGS-02085000,00060,00003,2014-04-06,33.1,ft^3/s,Approved,,2025-03-11 13:33:20.467623+00:00
-79.0955555555555,36.0711111111111,2bf55dc212734c469cd90fe8d976fadf,USGS-02085000,00060,00003,2014-04-05,37.9,ft^3/s,Approved,,2025-03-11 13:33:20.467623+00:00
-79.0955555555555,36.0711111111111,2bf55dc212734c469cd90fe8d976fadf,USGS-02085000,00060,00003,2014-04-04,39.8,ft^3/s,Approved,,2025-03-11 13:33:20.467623+00:00
-79.0955555555555,36.0711111111111,2bf55dc212734c469cd90fe8d976fadf,USGS-02085000,00060,00003,2014-04-03,42.3,ft^3/s,Approved,,2025-03-11 13:33:20.467623+00:00
-79.0955555555555,36.0711111111111,2bf55dc212734c469cd90fe8d976fadf,USGS-02085000,00060,00003,2014-04-02,47.3,ft^3/s,Approved,,2025-03-11 13:33:20.467623+00:00
-79.0955555555555,36.0711111111111,2bf55dc212734c469cd90fe8d976fadf,USGS-02085000,00060,00003,2014-04-01,52.8,ft^3/s,Approved,,2025-03-11 13:33:20.467623+00:00
-79.0955555555555,36.0711111111111,2bf55dc212734c469cd90fe8d976fadf,USGS-02085000,00060,00003,2014-03-31,63.5,ft^3/s,Approved,,2025-03-11 13:33:20.467623+00:00
-79.0955555555555,36.0711111111111,2bf55dc212734c469cd90fe8d976fadf,USGS-02085000,00060,00003,2014-03-30,93.2,ft^3/s,Approved,,2025-03-11 13:33:20.467623+00:00
-79.0955555555555,36.0711111111111,2bf55dc212734c469cd90fe8d976fadf,USGS-02085000,00060,00003,2014-03-29,72.8,ft^3/s,Approved,,2025-03-11 13:33:20.467623+00:00
-79.0955555555555,36.0711111111111,2bf55dc212734c469cd90fe8d976fadf,USGS-02085000,00060,00003,2014-03-28,43.2,ft^3/s,Approved,,2025-03-11 13:33:20.467623+00:00
-79.0955555555555,36.0711111111111,2bf55dc212734c469cd90fe8d976fadf,USGS-02085000,00060,00003,2014-03-27,45.3,ft^3/s,Approved,,2025-03-11 13:33:20.467623+00:00
-79.0955555555555,36.0711111111111,2bf55dc212734c469cd90fe8d976fadf,USGS-02085000,00060,00003,2014-03-26,55.9,ft^3/s,Approved,,2025-03-11 13:33:20.467623+00:00
-79.0955555555555,36.0711111111111,2bf55dc212734c469cd90fe8d976fadf,USGS-02085000,00060,00003,2014-03-25,59.5,ft^3/s,Approved,,2025-03-11 13:33:20.467623+00:00
-79.0955555555555,36.0711111111111,2bf55dc212734c469cd90fe8d976fadf,USGS-02085000,00060,00003,2014-03-24,68.5,ft^3/s,Approved,,2025-03-11 13:33:20.467623+00:00
-79.0955555555555,36.0711111111111,2bf55dc212734c469cd90fe8d976fadf,USGS-02085000,00060,00003,2014-03-23,68.4,ft^3/s,Approved,,2025-03-11 13:33:20.467623+00:00
-79.0955555555555,36.0711111111111,2bf55dc212734c469cd90fe8d976fadf,USGS-02085000,00060,00003,2014-03-22,74.7,ft^3/s,Approved,,2025-03-11 13:33:20.467623+00:00
-79.0955555555555,36.0711111111111,2bf55dc212734c469cd90fe8d976fadf,USGS-02085000,00060,00003,2014-03-21,92.4,ft^3/s,Approved,,2025-03-11 13:33:20.467623+00:00
-79.0955555555555,36.0711111111111,2bf55dc212734c469cd90fe8d976fadf,USGS-02085000,00060,00003,2014-03-20,132,ft^3/s,Approved,,2025-03-11 13:33:20.467623+00:00
-79.0955555555555,36.0711111111111,2bf55dc212734c469cd90fe8d976fadf,USGS-02085000,00060,00003,2014-03-19,205,ft^3/s,Approved,,2025-03-11 13:33:20.467623+00:00
-79.0955555555555,36.0711111111111,2bf55dc212734c469cd90fe8d976fadf,USGS-02085000,00060,00003,2014-03-18,215,ft^3/s,Approved,,2025-03-11 13:33:20.467623+00:00
-79.0955555555555,36.0711111111111,2bf55dc212734c469cd90fe8d976fadf,USGS-02085000,00060,00003,2014-03-17,118,ft^3/s,Approved,,2025-03-11 13:33:20.467623+00:00
-79.0955555555555,36.0711111111111,2bf55dc212734c469cd90fe8d976fadf,USGS-02085000,00060,00003,2014-03-16,58.5,ft^3/s,Approved,,2025-03-11 13:33:20.467623+00:00
-79.0955555555555,36.0711111111111,2bf55dc212734c469cd90fe8d976fadf,USGS-02085000,00060,00003,2014-03-15,62.0,ft^3/s,Approved,,2025-03-11 13:33:20.467623+00:00
-79.0955555555555,36.0711111111111,2bf55dc212734c469cd90fe8d976fadf,USGS-02085000,00060,00003,2014-03-14,67.4,ft^3/s,Approved,,2025-03-11 13:33:20.467623+00:00
-79.0955555555555,36.0711111111111,2bf55dc212734c469cd90fe8d976fadf,USGS-02085000,00060,00003,2014-03-13,87.2,ft^3/s,Approved,,2025-03-11 13:33:20.467623+00:00
-79.0955555555555,36.0711111111111,2bf55dc212734c469cd90fe8d976fadf,USGS-02085000,00060,00003,2014-03-12,90.8,ft^3/s,Approved,,2025-03-11 13:33:20.467623+00:00
-79.0955555555555,36.0711111111111,2bf55dc212734c469cd90fe8d976fadf,USGS-02085000,00060,00003,2014-03-11,113,ft^3/s,Approved,,2025-03-11 13:33:20.467623+00:00
-79.0955555555555,36.0711111111111,2bf55dc212734c469cd90fe8d976fadf,USGS-02085000,00060,00003,2014-03-10,173,ft^3/s,Approved,,2025-03-11 13:33:20.467623+00:00
-79.0955555555555,36.0711111111111,2bf55dc212734c469cd90fe8d976fadf,USGS-02085000,00060,00003,2014-03-09,409,ft^3/s,Approved,,2025-03-11 13:33:20.467623+00:00
-79.0955555555555,36.0711111111111,2bf55dc212734c469cd90fe8d976fadf,USGS-02085000,00060,00003,2014-03-08,881,ft^3/s,Approved,,2025-03-11 13:33:20.467623+00:00
-79.0955555555555,36.0711111111111,2bf55dc212734c469cd90fe8d976fadf,USGS-02085000,00060,00003,2014-03-07,1150,ft^3/s,Approved,,2025-03-11 13:33:20.467623+00:00
-79.0955555555555,36.0711111111111,2bf55dc212734c469cd90fe8d976fadf,USGS-02085000,00060,00003,2014-03-06,47.2,ft^3/s,Approved,,2025-03-11 13:33:20.467623+00:00
-79.0955555555555,36.0711111111111,2bf55dc212734c469cd90fe8d976fadf,USGS-02085000,00060,00003,2014-03-05,52.0,ft^3/s,Approved,,2025-03-11 13:33:20.467623+00:00
-79.0955555555555,36.0711111111111,2bf55dc212734c469cd90fe8d976fadf,USGS-02085000,00060,00003,2014-03-04,61.9,ft^3/s,Approved,,2025-03-11 13:33:20.467623+00:00
-79.0955555555555,36.0711111111111,2bf55dc212734c469cd90fe8d976fadf,USGS-02085000,00060,00003,2014-03-03,47.6,ft^3/s,Approved,,2025-03-11 13:33:20.467623+00:00
-79.0955555555555,36.0711111111111,2bf55dc212734c469cd90fe8d976fadf,USGS-02085000,00060,00003,2014-03-02,35.9,ft^3/s,Approved,,2025-03-11 13:33:20.467623+00:00
-79.0955555555555,36.0711111111111,2bf55dc212734c469cd90fe8d976fadf,USGS-02085000,00060,00003,2014-03-01,37.7,ft^3/s,Approved,,2025-03-11 13:33:20.467623+00:00
-79.0955555555555,36.0711111111111,2bf55dc212734c469cd90fe8d976fadf,USGS-02085000,00060,00003,2014-02-28,42.1,ft^3/s,Approved,,2025-03-11 13:33:20.467623+00:00
-79.0955555555555,36.0711111111111,2bf55dc212734c469cd90fe8d976fadf,USGS-02085000,00060,00003,2014-02-27,49.1,ft^3/s,Approved,,2025-03-11 13:33:20.467623+00:00
-79.0955555555555,36.0711111111111,2bf55dc212734c469cd90fe8d976fadf,USGS-02085000,00060,00003,2014-02-26,54.8,ft^3/s,Approved,,2025-03-11 13:33:20.467623+00:00
-79.0955555555555,36.0711111111111,2bf55dc212734c469cd90fe8d976fadf,USGS-02085000,00060,00003,2014-02-25,61.3,ft^3/s,Approved,,2025-03-11 13:33:20.467623+00:00
-79.0955555555555,36.0711111111111,2bf55dc212734c469cd90fe8d976fadf,USGS-02085000,00060,00003,2014-02-24,76.6,ft^3/s,Approved,,2025-03-11 13:33:20.467623+00:00
-79.0955555555555,36.0711111111111,2bf55dc212734c469cd90fe8d976fadf,USGS-02085000,00060,00003,2014-02-23,101,ft^3/s,Approved,,2025-03-11 13:33:20.467623+00:00
-79.0955555555555,36.0711111111111,2bf55dc212734c469cd90fe8d976fadf,USGS-02085000,00060,00003,2014-02-22,169,ft^3/s,Approved,,2025-03-11 13:33:20.467623+00:00
-79.0955555555555,36.0711111111111,2bf55dc212734c469cd90fe8d976fadf,USGS-02085000,00060,00003,2014-02-21,142,ft^3/s,Approved,,2025-03-11 13:33:20.467623+00:00
-79.0955555555555,36.0711111111111,2bf55dc212734c469cd90fe8d976fadf,USGS-02085000,00060,00003,2014-02-20,133,ft^3/s,Approved,,2025-03-11 13:33:20.467623+00:00
-79.0955555555555,36.0711111111111,2bf55dc212734c469cd90fe8d976fadf,USGS-02085000,00060,00003,2014-02-19,162,ft^3/s,Approved,,2025-03-11 13:33:20.467623+00:00
-79.0955555555555,36.0711111111111,2bf55dc212734c469cd90fe8d976fadf,USGS-02085000,00060,00003,2014-02-18,130,ft^3/s,Approved,,2025-03-11 13:33:20.467623+00:00
-79.0955555555555,36.0711111111111,2bf55dc212734c469cd90fe8d976fadf,USGS-02085000,00060,00003,2014-02-17,166,ft^3/s,Approved,,2025-03-11 13:33:20.467623+00:00
-79.0955555555555,36.0711111111111,2bf55dc212734c469cd90fe8d976fadf,USGS-02085000,00060,00003,2014-02-16,243,ft^3/s,Approved,,2025-03-11 13:33:20.467623+00:00
-79.0955555555555,36.0711111111111,2bf55dc212734c469cd90fe8d976fadf,USGS-02085000,00060,00003,2014-02-15,227,ft^3/s,Approved,,2025-03-11 13:33:20.467623+00:00
-79.0955555555555,36.0711111111111,2bf55dc212734c469cd90fe8d976fadf,USGS-02085000,00060,00003,2014-02-14,70.7,ft^3/s,Approved,,2025-03-11 13:33:20.467623+00:00
-79.0955555555555,36.0711111111111,2bf55dc212734c469cd90fe8d976fadf,USGS-02085000,00060,00003,2014-02-13,66.0,ft^3/s,Approved,,2025-03-11 13:33:20.467623+00:00
-79.0955555555555,36.0711111111111,2bf55dc212734c469cd90fe8d976fadf,USGS-02085000,00060,00003,2014-02-12,31.7,ft^3/s,Approved,,2025-03-11 13:33:20.467623+00:00
-79.0955555555555,36.0711111111111,2bf55dc212734c469cd90fe8d976fadf,USGS-02085000,00060,00003,2014-02-11,32.9,ft^3/s,Approved,,2025-03-11 13:33:20.467623+00:00
-79.0955555555555,36.0711111111111,2bf55dc212734c469cd90fe8d976fadf,USGS-02085000,00060,00003,2014-02-10,35.3,ft^3/s,Approved,,2025-03-11 13:33:20.467623+00:00
-79.0955555555555,36.0711111111111,2bf55dc212734c469cd90fe8d976fadf,USGS-02085000,00060,00003,2014-02-09,38.8,ft^3/s,Approved,,2025-03-11 13:33:20.467623+00:00
-79.0955555555555,36.0711111111111,2bf55dc212734c469cd90fe8d976fadf,USGS-02085000,00060,00003,2014-02-08,44.7,ft^3/s,Approved,,2025-03-11 13:33:20.467623+00:00
-79.0955555555555,36.0711111111111,2bf55dc212734c469cd90fe8d976fadf,USGS-02085000,00060,00003,2014-02-07,55.1,ft^3/s,Approved,,2025-03-11 13:33:20.467623+00:00
-79.0955555555555,36.0711111111111,2bf55dc212734c469cd90fe8d976fadf,USGS-02085000,00060,00003,2014-02-06,77.5,ft^3/s,Approved,,2025-03-11 13:33:20.467623+00:00
-79.0955555555555,36.0711111111111,2bf55dc212734c469cd90fe8d976fadf,USGS-02085000,00060,00003,2014-02-05,91.2,ft^3/s,Approved,,2025-03-11 13:33:20.467623+00:00
-79.0955555555555,36.0711111111111,2bf55dc212734c469cd90fe8d976fadf,USGS-02085000,00060,00003,2014-02-04,40.7,ft^3/s,Approved,,2025-03-11 13:33:20.467623+00:00
-79.0955555555555,36.0711111111111,2bf55dc212734c469cd90fe8d976fadf,USGS-02085000,00060,00003,2014-02-03,34.3,ft^3/s,Approved,,2025-03-11 13:33:20.467623+00:00
-79.0955555555555,36.0711111111111,2bf55dc212734c469cd90fe8d976fadf,USGS-02085000,00060,00003,2014-02-02,30.6,ft^3/s,Approved,,2025-03-11 13:33:20.467623+00:00
-79.0955555555555,36.0711111111111,2bf55dc212734c469cd90fe8d976fadf,USGS-02085000,00060,00003,2014-02-01,29.3,ft^3/s,Approved,,2025-03-11 13:33:20.467623+00:00
-79.0955555555555,36.0711111111111,2bf55dc212734c469cd90fe8d976fadf,USGS-02085000,00060,00003,2014-01-31,28.5,ft^3/s,Approved,,2025-03-11 13:33:20.467623+00:00
-79.0955555555555,36.0711111111111,2bf55dc212734c469cd90fe8d976fadf,USGS-02085000,00060,00003,2014-01-30,28.1,ft^3/s,Approved,,2025-03-11 13:33:20.467623+00:00
-79.0955555555555,36.0711111111111,2bf55dc212734c469cd90fe8d976fadf,USGS-02085000,00060,00003,2014-01-29,31.0,ft^3/s,Approved,,2025-03-11 13:33:20.467623+00:00
-79.0955555555555,36.0711111111111,2bf55dc212734c469cd90fe8d976fadf,USGS-02085000,00060,00003,2014-01-28,33.3,ft^3/s,Approved,,2025-03-11 13:33:20.467623+00:00
-79.0955555555555,36.0711111111111,2bf55dc212734c469cd90fe8d976fadf,USGS-02085000,00060,00003,2014-01-27,33.5,ft^3/s,Approved,,2025-03-11 13:33:20.467623+00:00
-79.0955555555555,36.0711111111111,2bf55dc212734c469cd90fe8d976fadf,USGS-02085000,00060,00003,2014-01-26,33.8,ft^3/s,Approved,,2025-03-11 13:33:20.467623+00:00
-79.0955555555555,36.0711111111111,2bf55dc212734c469cd90fe8d976fadf,USGS-02085000,00060,00003,2014-01-25,32.8,ft^3/s,Approved,,2025-03-11 13:33:20.467623+00:00
-79.0955555555555,36.0711111111111,2bf55dc212734c469cd90fe8d976fadf,USGS-02085000,00060,00003,2014-01-24,35.7,ft^3/s,Approved,,2025-03-11 13:33:20.467623+00:00
-79.0955555555555,36.0711111111111,2bf55dc212734c469cd90fe8d976fadf,USGS-02085000,00060,00003,2014-01-23,39.1,ft^3/s,Approved,,2025-03-11 13:33:20.467623+00:00
-79.0955555555555,36.0711111111111,2bf55dc212734c469cd90fe8d976fadf,USGS-02085000,00060,00003,2014-01-22,48.0,ft^3/s,Approved,,2025-03-11 13:33:20.467623+00:00
-79.0955555555555,36.0711111111111,2bf55dc212734c469cd90fe8d976fadf,USGS-02085000,00060,00003,2014-01-21,50.3,ft^3/s,Approved,,2025-03-11 13:33:20.467623+00:00
-79.0955555555555,36.0711111111111,2bf55dc212734c469cd90fe8d976fadf,USGS-02085000,00060,00003,2014-01-20,54.9,ft^3/s,Approved,,2025-03-11 13:33:20.467623+00:00
-79.0955555555555,36.0711111111111,2bf55dc212734c469cd90fe8d976fadf,USGS-02085000,00060,00003,2014-01-19,60.8,ft^3/s,Approved,,2025-03-11 13:33:20.467623+00:00
-79.0955555555555,36.0711111111111,2bf55dc212734c469cd90fe8d976fadf,USGS-02085000,00060,00003,2014-01-18,70.6,ft^3/s,Approved,,2025-03-11 13:33:20.467623+00:00
-79.0955555555555,36.0711111111111,2bf55dc212734c469cd90fe8d976fadf,USGS-02085000,00060,00003,2014-01-17,83.7,ft^3/s,Approved,,2025-03-11 13:33:20.467623+00:00
-79.0955555555555,36.0711111111111,2bf55dc212734c469cd90fe8d976fadf,USGS-02085000,00060,00003,2014-01-16,109,ft^3/s,Approved,,2025-03-11 13:33:20.467623+00:00
-79.0955555555555,36.0711111111111,2bf55dc212734c469cd90fe8d976fadf,USGS-02085000,00060,00003,2014-01-15,148,ft^3/s,Approved,,2025-03-11 13:33:20.467623+00:00
-79.0955555555555,36.0711111111111,2bf55dc212734c469cd90fe8d976fadf,USGS-02085000,00060,00003,2014-01-14,145,ft^3/s,Approved,,2025-03-11 13:33:20.467623+00:00
-79.0955555555555,36.0711111111111,2bf55dc212734c469cd90fe8d976fadf,USGS-02085000,00060,00003,2014-01-13,185,ft^3/s,Approved,,2025-03-11 13:33:20.467623+00:00
-79.0955555555555,36.0711111111111,2bf55dc212734c469cd90fe8d976fadf,USGS-02085000,00060,00003,2014-01-12,599,ft^3/s,Approved,,2025-03-11 13:33:20.467623+00:00
-79.0955555555555,36.0711111111111,2bf55dc212734c469cd90fe8d976fadf,USGS-02085000,00060,00003,2014-01-11,926,ft^3/s,Approved,,2025-03-11 13:33:20.467623+00:00
-79.0955555555555,36.0711111111111,2bf55dc212734c469cd90fe8d976fadf,USGS-02085000,00060,00003,2014-01-10,79.9,ft^3/s,Approved,,2025-03-11 13:33:20.467623+00:00
-79.0955555555555,36.0711111111111,2bf55dc212734c469cd90fe8d976fadf,USGS-02085000,00060,00003,2014-01-09,65.7,ft^3/s,Approved,,2025-03-11 13:33:20.467623+00:00
-79.0955555555555,36.0711111111111,2bf55dc212734c469cd90fe8d976fadf,USGS-02085000,00060,00003,2014-01-08,84.0,ft^3/s,Approved,,2025-03-11 13:33:20.467623+00:00
-79.0955555555555,36.0711111111111,2bf55dc212734c469cd90fe8d976fadf,USGS-02085000,00060,00003,2014-01-07,145,ft^3/s,Approved,,2025-03-11 13:33:20.467623+00:00
-79.0955555555555,36.0711111111111,2bf55dc212734c469cd90fe8d976fadf,USGS-02085000,00060,00003,2014-01-06,290,ft^3/s,Approved,,2025-03-11 13:33:20.467623+00:00
-79.0955555555555,36.0711111111111,2bf55dc212734c469cd90fe8d976fadf,USGS-02085000,00060,00003,2014-01-05,55.8,ft^3/s,Approved,,2025-03-11 13:33:20.467623+00:00
-79.0955555555555,36.0711111111111,2bf55dc212734c469cd90fe8d976fadf,USGS-02085000,00060,00003,2014-01-04,67.8,ft^3/s,Approved,,2025-03-11 13:33:20.467623+00:00
-79.0955555555555,36.0711111111111,2bf55dc212734c469cd90fe8d976fadf,USGS-02085000,00060,00003,2014-01-03,96.0,ft^3/s,Approved,,2025-03-11 13:33:20.467623+00:00
-79.0955555555555,36.0711111111111,2bf55dc212734c469cd90fe8d976fadf,USGS-02085000,00060,00003,2014-01-02,64.5,ft^3/s,Approved,,2025-03-11 13:33:20.467623+00:00
-79.0955555555555,36.0711111111111,2bf55dc212734c469cd90fe8d976fadf,USGS-02085000,00060,00003,2014-01-01,77.8,ft^3/s,Approved,,2025-03-11 13:33:20.467623+00:00
-79.0955555555555,36.0711111111111,2bf55dc212734c469cd90fe8d976fadf,USGS-02085000,00060,00003,2013-12-31,123,ft^3/s,Approved,,2025-03-11 13:33:20.467623+00:00
-79.0955555555555,36.0711111111111,2bf55dc212734c469cd90fe8d976fadf,USGS-02085000,00060,00003,2013-12-30,336,ft^3/s,Approved,,2025-03-11 13:33:20.467623+00:00
-79.0955555555555,36.0711111111111,2bf55dc212734c469cd90fe8d976fadf,USGS-02085000,00060,00003,2013-12-29,541,ft^3/s,Approved,,2025-03-11 13:33:20.467623+00:00
-79.0955555555555,36.0711111111111,2bf55dc212734c469cd90fe8d976fadf,USGS-02085000,00060,00003,2013-12-28,35.3,ft^3/s,Approved,,2025-03-11 13:33:20.467623+00:00
-79.0955555555555,36.0711111111111,2bf55dc212734c469cd90fe8d976fadf,USGS-02085000,00060,00003,2013-12-27,44.7,ft^3/s,Approved,,2025-03-11 13:33:20.467623+00:00
-79.0955555555555,36.0711111111111,2bf55dc212734c469cd90fe8d976fadf,USGS-02085000,00060,00003,2013-12-26,59.5,ft^3/s,Approved,,2025-03-11 13:33:20.467623+00:00
-79.0955555555555,36.0711111111111,2bf55dc212734c469cd90fe8d976fadf,USGS-02085000,00060,00003,2013-12-25,91.0,ft^3/s,Approved,,2025-03-11 13:33:20.467623+00:00
-79.0955555555555,36.0711111111111,2bf55dc212734c469cd90fe8d976fadf,USGS-02085000,00060,00003,2013-12-24,207,ft^3/s,Approved,,2025-03-11 13:33:20.467623+00:00
-79.0955555555555,36.0711111111111,2bf55dc212734c469cd90fe8d976fadf,USGS-02085000,00060,00003,2013-12-23,305,ft^3/s,Approved,,2025-03-11 13:33:20.467623+00:00
-79.0955555555555,36.0711111111111,2bf55dc212734c469cd90fe8d976fadf,USGS-02085000,00060,00003,2013-12-22,21.3,ft^3/s,Approved,,2025-03-11 13:33:20.467623+00:00
-79.0955555555555,36.0711111111111,2bf55dc212734c469cd90fe8d976fadf,USGS-02085000,00060,00003,2013-12-21,20.5,ft^3/s,Approved,,2025-03-11 13:33:20.467623+00:00
-79.0955555555555,36.0711111111111,2bf55dc212734c469cd90fe8d976fadf,USGS-02085000,00060,00003,2013-12-20,21.0,ft^3/s,Approved,,2025-03-11 13:33:20.467623+00:00
-79.0955555555555,36.0711111111111,2bf55dc212734c469cd90fe8d976fadf,USGS-02085000,00060,00003,2013-12-19,24.3,ft^3/s,Approved,,2025-03-11 13:33:20.467623+00:00
-79.0955555555555,36.0711111111111,2bf55dc212734c469cd90fe8d976fadf,USGS-02085000,00060,00003,2013-12-18,31.4,ft^3/s,Approved,,2025-03-11 13:33:20.467623+00:00
-79.0955555555555,36.0711111111111,2bf55dc212734c469cd90fe8d976fadf,USGS-02085000,00060,00003,2013-12-17,43.7,ft^3/s,Approved,,2025-03-11 13:33:20.467623+00:00
-79.0955555555555,36.0711111111111,2bf55dc212734c469cd90fe8d976fadf,USGS-02085000,00060,00003,2013-12-16,70.1,ft^3/s,Approved,,2025-03-11 13:33:20.467623+00:00
-79.0955555555555,36.0711111111111,2bf55dc212734c469cd90fe8d976fadf,USGS-02085000,00060,00003,2013-12-15,146,ft^3/s,Approved,,2025-03-11 13:33:20.467623+00:00
-79.0955555555555,36.0711111111111,2bf55dc212734c469cd90fe8d976fadf,USGS-02085000,00060,00003,2013-12-14,50.8,ft^3/s,Approved,,2025-03-11 13:33:20.467623+00:00
-79.0955555555555,36.0711111111111,2bf55dc212734c469cd90fe8d976fadf,USGS-02085000,00060,00003,2013-12-13,31.2,ft^3/s,Approved,,2025-03-11 13:33:20.467623+00:00
-79.0955555555555,36.0711111111111,2bf55dc212734c469cd90fe8d976fadf,USGS-02085000,00060,00003,2013-12-12,50.8,ft^3/s,Approved,,2025-03-11 13:33:20.467623+00:00
-79.0955555555555,36.0711111111111,2bf55dc212734c469cd90fe8d976fadf,USGS-02085000,00060,00003,2013-12-11,96.3,ft^3/s,Approved,,2025-03-11 13:33:20.467623+00:00
-79.0955555555555,36.0711111111111,2bf55dc212734c469cd90fe8d976fadf,USGS-02085000,00060,00003,2013-12-10,121,ft^3/s,Approved,,2025-03-11 13:33:20.467623+00:00
-79.0955555555555,36.0711111111111,2bf55dc212734c469cd90fe8d976fadf,USGS-02085000,00060,00003,2013-12-09,35.7,ft^3/s,Approved,,2025-03-11 13:33:20.467623+00:00
-79.0955555555555,36.0711111111111,2bf55dc212734c469cd90fe8d976fadf,USGS-02085000,00060,00003,2013-12-08,43.7,ft^3/s,Approved,,2025-03-11 13:33:20.467623+00:00
-79.0955555555555,36.0711111111111,2bf55dc212734c469cd90fe8d976fadf,USGS-02085000,00060,00003,2013-12-07,35.0,ft^3/s,Approved,,2025-03-11 13:33:20.467623+00:00
-79.0955555555555,36.0711111111111,2bf55dc212734c469cd90fe8d976fadf,USGS-02085000,00060,00003,2013-12-06,9.75,ft^3/s,Approved,,2025-03-11 13:33:20.467623+00:00
-79.0955555555555,36.0711111111111,2bf55dc212734c469cd90fe8d976fadf,USGS-02085000,00060,00003,2013-12-05,10.1,ft^3/s,Approved,,2025-03-11 13:33:20.467623+00:00
-79.0955555555555,36.0711111111111,2bf55dc212734c469cd90fe8d976fadf,USGS-02085000,00060,00003,2013-12-04,10.3,ft^3/s,Approved,,2025-03-11 13:33:20.467623+00:00
-79.0955555555555,36.0711111111111,2bf55dc212734c469cd90fe8d976fadf,USGS-02085000,00060,00003,2013-12-03,11.8,ft^3/s,Approved,,2025-03-11 13:33:20.467623+00:00
-79.0955555555555,36.0711111111111,2bf55dc212734c469cd90fe8d976fadf,USGS-02085000,00060,00003,2013-12-02,11.7,ft^3/s,Approved,,2025-03-11 13:33:20.467623+00:00
-79.0955555555555,36.0711111111111,2bf55dc212734c469cd90fe8d976fadf,USGS-02085000,00060,00003,2013-12-01,13.1,ft^3/s,Approved,,2025-03-11 13:33:20.467623+00:00
-79.0955555555555,36.0711111111111,2bf55dc212734c469cd90fe8d976fadf,USGS-02085000,00060,00003,2013-11-30,18.6,ft^3/s,Approved,,2025-03-11 13:33:20.467623+00:00
-79.0955555555555,36.0711111111111,2bf55dc212734c469cd90fe8d976fadf,USGS-02085000,00060,00003,2013-11-29,26.6,ft^3/s,Approved,,2025-03-11 13:33:20.467623+00:00
-79.0955555555555,36.0711111111111,2bf55dc212734c469cd90fe8d976fadf,USGS-02085000,00060,00003,2013-11-28,54.9,ft^3/s,Approved,,2025-03-11 13:33:20.467623+00:00
-79.0955555555555,36.0711111111111,2bf55dc212734c469cd90fe8d976fadf,USGS-02085000,00060,00003,2013-11-27,83.4,ft^3/s,Approved,,2025-03-11 13:33:20.467623+00:00
-79.0955555555555,36.0711111111111,2bf55dc212734c469cd90fe8d976fadf,USGS-02085000,00060,00003,2013-11-26,9.10,ft^3/s,Approved,,2025-03-11 13:33:20.467623+00:00
-79.0955555555555,36.0711111111111,2bf55dc212734c469cd90fe8d976fadf,USGS-02085000,00060,00003,2013-11-25,5.44,ft^3/s,Approved,,2025-03-11 13:33:20.467623+00:00
-79.0955555555555,36.0711111111111,2bf55dc212734c469cd90fe8d976fadf,USGS-02085000,00060,00003,2013-11-24,5.05,ft^3/s,Approved,,2025-03-11 13:33:20.467623+00:00
-79.0955555555555,36.0711111111111,2bf55dc212734c469cd90fe8d976fadf,USGS-02085000,00060,00003,2013-11-23,4.60,ft^3/s,Approved,,2025-03-11 13:33:20.467623+00:00
-79.0955555555555,36.0711111111111,2bf55dc212734c469cd90fe8d976fadf,USGS-02085000,00060,00003,2013-11-22,4.76,ft^3/s,Approved,,2025-03-11 13:33:20.467623+00:00
-79.0955555555555,36.0711111111111,2bf55dc212734c469cd90fe8d976fadf,USGS-02085000,00060,00003,2013-11-21,4.74,ft^3/s,Approved,,2025-03-11 13:33:20.467623+00:00
-79.0955555555555,36.0711111111111,2bf55dc212734c469cd90fe8d976fadf,USGS-02085000,00060,00003,2013-11-20,5.62,ft^3/s,Approved,,2025-03-11 13:33:20.467623+00:00
-79.0955555555555,36.0711111111111,2bf55dc212734c469cd90fe8d976fadf,USGS-02085000,00060,00003,2013-11-19,6.15,ft^3/s,Approved,,2025-03-11 13:33:20.467623+00:00
-79.0955555555555,36.0711111111111,2bf55dc212734c469cd90fe8d976fadf,USGS-02085000,00060,00003,2013-11-18,5.75,ft^3/s,Approved,,2025-03-11 13:33:20.467623+00:00
-79.0955555555555,36.0711111111111,2bf55dc212734c469cd90fe8d976fadf,USGS-02085000,00060,00003,2013-11-17,4.74,ft^3/s,Approved,,2025-03-11 13:33:20.467623+00:00
-79.0955555555555,36.0711111111111,2bf55dc212734c469cd90fe8d976fadf,USGS-02085000,00060,00003,2013-11-16,4.37,ft^3/s,Approved,,2025-03-11 13:33:20.467623+00:00
-79.0955555555555,36.0711111111111,2bf55dc212734c469cd90fe8d976fadf,USGS-02085000,00060,00003,2013-11-15,4.34,ft^3/s,Approved,,2025-03-11 13:33:20.467623+00:00
-79.0955555555555,36.0711111111111,2bf55dc212734c469cd90fe8d976fadf,USGS-02085000,00060,00003,2013-11-14,4.66,ft^3/s,Approved,,2025-03-11 13:33:20.467623+00:00
-79.0955555555555,36.0711111111111,2bf55dc212734c469cd90fe8d976fadf,USGS-02085000,00060,00003,2013-11-13,4.36,ft^3/s,Approved,,2025-03-11 13:33:20.467623+00:00
-79.0955555555555,36.0711111111111,2bf55dc212734c469cd90fe8d976fadf,USGS-02085000,00060,00003,2013-11-12,4.38,ft^3/s,Approved,,2025-03-11 13:33:20.467623+00:00
-79.0955555555555,36.0711111111111,2bf55dc212734c469cd90fe8d976fadf,USGS-02085000,00060,00003,2013-11-11,4.83,ft^3/s,Approved,,2025-03-11 13:33:20.467623+00:00
-79.0955555555555,36.0711111111111,2bf55dc212734c469cd90fe8d976fadf,USGS-02085000,00060,00003,2013-11-10,5.15,ft^3/s,Approved,,2025-03-11 13:33:20.467623+00:00
-79.0955555555555,36.0711111111111,2bf55dc212734c469cd90fe8d976fadf,USGS-02085000,00060,00003,2013-11-09,4.64,ft^3/s,Approved,,2025-03-11 13:33:20.467623+00:00
-79.0955555555555,36.0711111111111,2bf55dc212734c469cd90fe8d976fadf,USGS-02085000,00060,00003,2013-11-08,4.72,ft^3/s,Approved,,2025-03-11 13:33:20.467623+00:00
-79.0955555555555,36.0711111111111,2bf55dc212734c469cd90fe8d976fadf,USGS-02085000,00060,00003,2013-11-07,4.50,ft^3/s,Approved,,2025-03-11 13:33:20.467623+00:00
-79.0955555555555,36.0711111111111,2bf55dc212734c469cd90fe8d976fadf,USGS-02085000,00060,00003,2013-11-06,4.90,ft^3/s,Approved,,2025-03-11 13:33:20.467623+00:00
-79.0955555555555,36.0711111111111,2bf55dc212734c469cd90fe8d976fadf,USGS-02085000,00060,00003,2013-11-05,5.49,ft^3/s,Approved,,2025-03-11 13:33:20.467623+00:00
-79.0955555555555,36.0711111111111,2bf55dc212734c469cd90fe8d976fadf,USGS-02085000,00060,00003,2013-11-04,6.15,ft^3/s,Approved,,2025-03-11 13:33:20.467623+00:00
-79.0955555555555,36.0711111111111,2bf55dc212734c469cd90fe8d976fadf,USGS-02085000,00060,00003,2013-11-03,7.17,ft^3/s,Approved,,2025-03-11 13:33:20.467623+00:00
-79.0955555555555,36.0711111111111,2bf55dc212734c469cd90fe8d976fadf,USGS-02085000,00060,00003,2013-11-02,6.64,ft^3/s,Approved,,2025-03-11 13:33:20.467623+00:00
-79.0955555555555,36.0711111111111,2bf55dc212734c469cd90fe8d976fadf,USGS-02085000,00060,00003,2013-11-01,5.05,ft^3/s,Approved,,2025-03-11 13:33:20.467623+00:00
-79.0955555555555,36.0711111111111,2bf55dc212734c469cd90fe8d976fadf,USGS-02085000,00060,00003,2013-10-31,4.88,ft^3/s,Approved,,2025-03-11 13:33:20.467623+00:00
-79.0955555555555,36.0711111111111,2bf55dc212734c469cd90fe8d976fadf,USGS-02085000,00060,00003,2013-10-30,5.97,ft^3/s,Approved,,2025-03-11 13:33:20.467623+00:00
-79.0955555555555,36.0711111111111,2bf55dc212734c469cd90fe8d976fadf,USGS-02085000,00060,00003,2013-10-29,4.94,ft^3/s,Approved,,2025-03-11 13:33:20.467623+00:00
-79.0955555555555,36.0711111111111,2bf55dc212734c469cd90fe8d976fadf,USGS-02085000,00060,00003,2013-10-28,5.23,ft^3/s,Approved,,2025-03-11 13:33:20.467623+00:00
-79.0955555555555,36.0711111111111,2bf55dc212734c469cd90fe8d976fadf,USGS-02085000,00060,00003,2013-10-27,4.87,ft^3/s,Approved,,2025-03-11 13:33:20.467623+00:00
-79.0955555555555,36.0711111111111,2bf55dc212734c469cd90fe8d976fadf,USGS-02085000,00060,00003,2013-10-26,5.07,ft^3/s,Approved,,2025-03-11 13:33:20.467623+00:00
-79.0955555555555,36.0711111111111,2bf55dc212734c469cd90fe8d976fadf,USGS-02085000,00060,00003,2013-10-25,5.27,ft^3/s,Approved,,2025-03-11 13:33:20.467623+00:00
-79.0955555555555,36.0711111111111,2bf55dc212734c469cd90fe8d976fadf,USGS-02085000,00060,00003,2013-10-24,5.66,ft^3/s,Approved,,2025-03-11 13:33:20.467623+00:00
-79.0955555555555,36.0711111111111,2bf55dc212734c469cd90fe8d976fadf,USGS-02085000,00060,00003,2013-10-23,4.94,ft^3/s,Approved,,2025-03-11 13:33:20.467623+00:00
-79.0955555555555,36.0711111111111,2bf55dc212734c469cd90fe8d976fadf,USGS-02085000,00060,00003,2013-10-22,4.78,ft^3/s,Approved,,2025-03-11 13:33:20.467623+00:00
-79.0955555555555,36.0711111111111,2bf55dc212734c469cd90fe8d976fadf,USGS-02085000,00060,00003,2013-10-21,4.92,ft^3/s,Approved,,2025-03-11 13:33:20.467623+00:00
-79.0955555555555,36.0711111111111,2bf55dc212734c469cd90fe8d976fadf,USGS-02085000,00060,00003,2013-10-20,5.42,ft^3/s,Approved,,2025-03-11 13:33:20.467623+00:00
-79.0955555555555,36.0711111111111,2bf55dc212734c469cd90fe8d976fadf,USGS-02085000,00060,00003,2013-10-19,5.74,ft^3/s,Approved,,2025-03-11 13:33:20.467623+00:00
-79.0955555555555,36.0711111111111,2bf55dc212734c469cd90fe8d976fadf,USGS-02085000,00060,00003,2013-10-18,5.77,ft^3/s,Approved,,2025-03-11 13:33:20.467623+00:00
-79.0955555555555,36.0711111111111,2bf55dc212734c469cd90fe8d976fadf,USGS-02085000,00060,00003,2013-10-17,6.06,ft^3/s,Approved,,2025-03-11 13:33:20.467623+00:00
-79.0955555555555,36.0711111111111,2bf55dc212734c469cd90fe8d976fadf,USGS-02085000,00060,00003,2013-10-16,6.65,ft^3/s,Approved,,2025-03-11 13:33:20.467623+00:00
-79.0955555555555,36.0711111111111,2bf55dc212734c469cd90fe8d976fadf,USGS-02085000,00060,00003,2013-10-15,7.99,ft^3/s,Approved,,2025-03-11 13:33:20.467623+00:00
-79.0955555555555,36.0711111111111,2bf55dc212734c469cd90fe8d976fadf,USGS-02085000,00060,00003,2013-10-14,9.27,ft^3/s,Approved,,2025-03-11 13:33:20.467623+00:00
-79.0955555555555,36.0711111111111,2bf55dc212734c469cd90fe8d976fadf,USGS-02085000,00060,00003,2013-10-13,10.9,ft^3/s,Approved,,2025-03-11 13:33:20.467623+00:00
-79.0955555555555,36.0711111111111,2bf55dc212734c469cd90fe8d976fadf,USGS-02085000,00060,00003,2013-10-12,15.6,ft^3/s,Approved,,2025-03-11 13:33:20.467623+00:00
-79.0955555555555,36.0711111111111,2bf55dc212734c469cd90fe8d976fadf,USGS-02085000,00060,00003,2013-10-11,24.8,ft^3/s,Approved,,2025-03-11 13:33:20.467623+00:00
-79.0955555555555,36.0711111111111,2bf55dc212734c469cd90fe8d976fadf,USGS-02085000,00060,00003,2013-10-10,14.1,ft^3/s,Approved,,2025-03-11 13:33:20.467623+00:00
-79.0955555555555,36.0711111111111,2bf55dc212734c469cd90fe8d976fadf,USGS-02085000,00060,00003,2013-10-09,11.2,ft^3/s,Approved,,2025-03-11 13:33:20.467623+00:00
-79.0955555555555,36.0711111111111,2bf55dc212734c469cd90fe8d976fadf,USGS-02085000,00060,00003,2013-10-08,28.3,ft^3/s,Approved,,2025-03-11 13:33:20.467623+00:00
-79.0955555555555,36.0711111111111,2bf55dc212734c469cd90fe8d976fadf,USGS-02085000,00060,00003,2013-10-07,25.6,ft^3/s,Approved,,2025-03-11 13:33:20.467623+00:00
-79.0955555555555,36.0711111111111,2bf55dc212734c469cd90fe8d976fadf,USGS-02085000,00060,00003,2013-10-06,3.69,ft^3/s,Approved,,2025-03-11 13:33:20.467623+00:00
-79.0955555555555,36.0711111111111,2bf55dc212734c469cd90fe8d976fadf,USGS-02085000,00060,00003,2013-10-05,3.63,ft^3/s,Approved,,2025-03-11 13:33:20.467623+00:00
-79.0955555555555,36.0711111111111,2bf55dc212734c469cd90fe8d976fadf,USGS-02085000,00060,00003,2013-10-04,3.44,ft^3/s,Approved,,2025-03-11 13:33:20.467623+00:00
-79.0955555555555,36.0711111111111,2bf55dc212734c469cd90fe8d976fadf,USGS-02085000,00060,00003,2013-10-03,3.32,ft^3/s,Approved,,2025-03-11 13:33:20.467623+00:00
-79.0955555555555,36.0711111111111,2bf55dc212734c469cd90fe8d976fadf,USGS-02085000,00060,00003,2013-10-02,3.11,ft^3/s,Approved,,2025-03-11 13:33:20.467623+00:00
-79.0955555555555,36.0711111111111,2bf55dc212734c469cd90fe8d976fadf,USGS-02085000,00060,00003,2013-10-01,3.69,ft^3/s,Approved,,2025-03-11 13:33:20.467623+00:00
-79.0955555555555,36.0711111111111,2bf55dc212734c469cd90fe8d976fadf,USGS-02085000,00060,00003,2013-09-30,4.10,ft^3/s,Approved,,2025-03-11 13:33:20.467623+00:00
-79.0955555555555,36.0711111111111,2bf55dc212734c469cd90fe8d976fadf,USGS-02085000,00060,00003,2013-09-29,5.03,ft^3/s,Approved,,2025-03-11 13:33:20.467623+00:00
-79.0955555555555,36.0711111111111,2bf55dc212734c469cd90fe8d976fadf,USGS-02085000,00060,00003,2013-09-28,4.87,ft^3/s,Approved,,2025-03-11 13:33:20.467623+00:00
-79.0955555555555,36.0711111111111,2bf55dc212734c469cd90fe8d976fadf,USGS-02085000,00060,00003,2013-09-27,4.95,ft^3/s,Approved,,2025-03-11 13:33:20.467623+00:00
-79.0955555555555,36.0711111111111,2bf55dc212734c469cd90fe8d976fadf,USGS-02085000,00060,00003,2013-09-26,6.57,ft^3/s,Approved,,2025-03-11 13:33:20.467623+00:00
-79.0955555555555,36.0711111111111,2bf55dc212734c469cd90fe8d976fadf,USGS-02085000,00060,00003,2013-09-25,5.67,ft^3/s,Approved,,2025-03-11 13:33:20.467623+00:00
-79.0955555555555,36.0711111111111,2bf55dc212734c469cd90fe8d976fadf,USGS-02085000,00060,00003,2013-09-24,6.56,ft^3/s,Approved,,2025-03-11 13:33:20.467623+00:00
-79.0955555555555,36.0711111111111,2bf55dc212734c469cd90fe8d976fadf,USGS-02085000,00060,00003,2013-09-23,10.8,ft^3/s,Approved,,2025-03-11 13:33:20.467623+00:00
-79.0955555555555,36.0711111111111,2bf55dc212734c469cd90fe8d976fadf,USGS-02085000,00060,00003,2013-09-22,16.0,ft^3/s,Approved,,2025-03-11 13:33:20.467623+00:00
-79.0955555555555,36.0711111111111,2bf55dc212734c469cd90fe8d976fadf,USGS-02085000,00060,00003,2013-09-21,8.81,ft^3/s,Approved,,2025-03-11 13:33:20.467623+00:00
-79.0955555555555,36.0711111111111,2bf55dc212734c469cd90fe8d976fadf,USGS-02085000,00060,00003,2013-09-20,7.21,ft^3/s,Approved,,2025-03-11 13:33:20.467623+00:00
-79.0955555555555,36.0711111111111,2bf55dc212734c469cd90fe8d976fadf,USGS-02085000,00060,00003,2013-09-19,5.15,ft^3/s,Approved,,2025-03-11 13:33:20.467623+00:00
-79.0955555555555,36.0711111111111,2bf55dc212734c469cd90fe8d976fadf,USGS-02085000,00060,00003,2013-09-18,5.70,ft^3/s,Approved,,2025-03-11 13:33:20.467623+00:00
-79.0955555555555,36.0711111111111,2bf55dc212734c469cd90fe8d976fadf,USGS-02085000,00060,00003,2013-09-17,1.74,ft^3/s,Approved,,2025-03-11 13:33:20.467623+00:00
-79.0955555555555,36.0711111111111,2bf55dc212734c469cd90fe8d976fadf,USGS-02085000,00060,00003,2013-09-16,0.70,ft^3/s,Approved,,2025-03-11 13:33:20.467623+00:00
-79.0955555555555,36.0711111111111,2bf55dc212734c469cd90fe8d976fadf,USGS-02085000,00060,00003,2013-09-15,2.08,ft^3/s,Approved,,2025-03-11 13:33:20.467623+00:00
-79.0955555555555,36.0711111111111,2bf55dc212734c469cd90fe8d976fadf,USGS-02085000,00060,00003,2013-09-14,11.1,ft^3/s,Approved,,2025-03-11 13:33:20.467623+00:00
-79.0955555555555,36.0711111111111,2bf55dc212734c469cd90fe8d976fadf,USGS-02085000,00060,00003,2013-09-13,4.61,ft^3/s,Approved,,2025-03-11 13:33:20.467623+00:00
-79.0955555555555,36.0711111111111,2bf55dc212734c469cd90fe8d976fadf,USGS-02085000,00060,00003,2013-09-12,4.73,ft^3/s,Approved,,2025-03-11 13:33:20.467623+00:00
-79.0955555555555,36.0711111111111,2bf55dc212734c469cd90fe8d976fadf,USGS-02085000,00060,00003,2013-09-11,4.91,ft^3/s,Approved,,2025-03-11 13:33:20.467623+00:00
-79.0955555555555,36.0711111111111,2bf55dc212734c469cd90fe8d976fadf,USGS-02085000,00060,00003,2013-09-10,6.02,ft^3/s,Approved,,2025-03-11 13:33:20.467623+00:00
-79.0955555555555,36.0711111111111,2bf55dc212734c469cd90fe8d976fadf,USGS-02085000,00060,00003,2013-09-09,6.52,ft^3/s,Approved,,2025-03-11 13:33:20.467623+00:00
-79.0955555555555,36.0711111111111,2bf55dc212734c469cd90fe8d976fadf,USGS-02085000,00060,00003,2013-09-08,7.88,ft^3/s,Approved,,2025-03-11 13:33:20.467623+00:00
-79.0955555555555,36.0711111111111,2bf55dc212734c469cd90fe8d976fadf,USGS-02085000,00060,00003,2013-09-07,8.32,ft^3/s,Approved,,2025-03-11 13:33:20.467623+00:00
-79.0955555555555,36.0711111111111,2bf55dc212734c469cd90fe8d976fadf,USGS-02085000,00060,00003,2013-09-06,10.0,ft^3/s,Approved,,2025-03-11 13:33:20.467623+00:00
-79.0955555555555,36.0711111111111,2bf55dc212734c469cd90fe8d976fadf,USGS-02085000,00060,00003,2013-09-05,12.0,ft^3/s,Approved,,2025-03-11 13:33:20.467623+00:00
-79.0955555555555,36.0711111111111,2bf55dc212734c469cd90fe8d976fadf,USGS-02085000,00060,00003,2013-09-04,16.6,ft^3/s,Approved,,2025-03-11 13:33:20.467623+00:00
-79.0955555555555,36.0711111111111,2bf55dc212734c469cd90fe8d976fadf,USGS-02085000,00060,00003,2013-09-03,25.1,ft^3/s,Approved,,2025-03-11 13:33:20.467623+00:00
-79.0955555555555,36.0711111111111,2bf55dc212734c469cd90fe8d976fadf,USGS-02085000,00060,00003,2013-09-02,70.8,ft^3/s,Approved,,2025-03-11 13:33:20.467623+00:00
-79.0955555555555,36.0711111111111,2bf55dc212734c469cd90fe8d976fadf,USGS-02085000,00060,00003,2013-09-01,24.3,ft^3/s,Approved,,2025-03-11 13:33:20.467623+00:00
-79.0955555555555,36.0711111111111,2bf55dc212734c469cd90fe8d976fadf,USGS-02085000,00060,00003,2013-08-31,11.3,ft^3/s,Approved,,2025-03-11 13:33:20.467623+00:00
-79.0955555555555,36.0711111111111,2bf55dc212734c469cd90fe8d976fadf,USGS-02085000,00060,00003,2013-08-30,12.6,ft^3/s,Approved,,2025-03-11 13:33:20.467623+00:00
-79.0955555555555,36.0711111111111,2bf55dc212734c469cd90fe8d976fadf,USGS-02085000,00060,00003,2013-08-29,14.2,ft^3/s,Approved,,2025-03-11 13:33:20.467623+00:00
-79.0955555555555,36.0711111111111,2bf55dc212734c469cd90fe8d976fadf,USGS-02085000,00060,00003,2013-08-28,14.6,ft^3/s,Approved,,2025-03-11 13:33:20.467623+00:00
-79.0955555555555,36.0711111111111,2bf55dc212734c469cd90fe8d976fadf,USGS-02085000,00060,00003,2013-08-27,16.2,ft^3/s,Approved,,2025-03-11 13:33:20.467623+00:00
-79.0955555555555,36.0711111111111,2bf55dc212734c469cd90fe8d976fadf,USGS-02085000,00060,00003,2013-08-26,19.8,ft^3/s,Approved,,2025-03-11 13:33:20.467623+00:00
-79.0955555555555,36.0711111111111,2bf55dc212734c469cd90fe8d976fadf,USGS-02085000,00060,00003,2013-08-25,27.1,ft^3/s,Approved,,2025-03-11 13:33:20.467623+00:00
-79.0955555555555,36.0711111111111,2bf55dc212734c469cd90fe8d976fadf,USGS-02085000,00060,00003,2013-08-24,42.7,ft^3/s,Approved,,2025-03-11 13:33:20.467623+00:00
-79.0955555555555,36.0711111111111,2bf55dc212734c469cd90fe8d976fadf,USGS-02085000,00060,00003,2013-08-23,74.3,ft^3/s,Approved,,2025-03-11 13:33:20.467623+00:00
-79.0955555555555,36.0711111111111,2bf55dc212734c469cd90fe8d976fadf,USGS-02085000,00060,00003,2013-08-22,249,ft^3/s,Approved,,2025-03-11 13:33:20.467623+00:00
-79.0955555555555,36.0711111111111,2bf55dc212734c469cd90fe8d976fadf,USGS-02085000,00060,00003,2013-08-21,394,ft^3/s,Approved,,2025-03-11 13:33:20.467623+00:00
-79.0955555555555,36.0711111111111,2bf55dc212734c469cd90fe8d976fadf,USGS-02085000,00060,00003,2013-08-20,76.0,ft^3/s,Approved,,2025-03-11 13:33:20.467623+00:00
-79.0955555555555,36.0711111111111,2bf55dc212734c469cd90fe8d976fadf,USGS-02085000,00060,00003,2013-08-19,72.2,ft^3/s,Approved,,2025-03-11 13:33:20.467623+00:00
-79.0955555555555,36.0711111111111,2bf55dc212734c469cd90fe8d976fadf,USGS-02085000,00060,00003,2013-08-18,37.1,ft^3/s,Approved,,2025-03-11 13:33:20.467623+00:00
-79.0955555555555,36.0711111111111,2bf55dc212734c469cd90fe8d976fadf,USGS-02085000,00060,00003,2013-08-17,17.9,ft^3/s,Approved,,2025-03-11 13:33:20.467623+00:00
-79.0955555555555,36.0711111111111,2bf55dc212734c469cd90fe8d976fadf,USGS-02085000,00060,00003,2013-08-16,20.6,ft^3/s,Approved,,2025-03-11 13:33:20.467623+00:00
-79.0955555555555,36.0711111111111,2bf55dc212734c469cd90fe8d976fadf,USGS-02085000,00060,00003,2013-08-15,32.0,ft^3/s,Approved,,2025-03-11 13:33:20.467623+00:00
-79.0955555555555,36.0711111111111,2bf55dc212734c469cd90fe8d976fadf,USGS-02085000,00060,00003,2013-08-14,57.9,ft^3/s,Approved,,2025-03-11 13:33:20.467623+00:00
-79.0955555555555,36.0711111111111,2bf55dc212734c469cd90fe8d976fadf,USGS-02085000,00060,00003,2013-08-13,119,ft^3/s,Approved,,2025-03-11 13:33:20.467623+00:00
-79.0955555555555,36.0711111111111,2bf55dc212734c469cd90fe8d976fadf,USGS-02085000,00060,00003,2013-08-12,110,ft^3/s,Approved,,2025-03-11 13:33:20.467623+00:00
-79.0955555555555,36.0711111111111,2bf55dc212734c469cd90fe8d976fadf,USGS-02085000,00060,00003,2013-08-11,126,ft^3/s,Approved,,2025-03-11 13:33:20.467623+00:00
-79.0955555555555,36.0711111111111,2bf55dc212734c469cd90fe8d976fadf,USGS-02085000,00060,00003,2013-08-10,171,ft^3/s,Approved,,2025-03-11 13:33:20.467623+00:00
-79.0955555555555,36.0711111111111,2bf55dc212734c469cd90fe8d976fadf,USGS-02085000,00060,00003,2013-08-09,14.1,ft^3/s,Approved,,2025-03-11 13:33:20.467623+00:00
-79.0955555555555,36.0711111111111,2bf55dc212734c469cd90fe8d976fadf,USGS-02085000,00060,00003,2013-08-08,17.2,ft^3/s,Approved,,2025-03-11 13:33:20.467623+00:00
-79.0955555555555,36.0711111111111,2bf55dc212734c469cd90fe8d976fadf,USGS-02085000,00060,00003,2013-08-07,25.0,ft^3/s,Approved,,2025-03-11 13:33:20.467623+00:00
-79.0955555555555,36.0711111111111,2bf55dc212734c469cd90fe8d976fadf,USGS-02085000,00060,00003,2013-08-06,33.1,ft^3/s,Approved,,2025-03-11 13:33:20.467623+00:00
-79.0955555555555,36.0711111111111,2bf55dc212734c469cd90fe8d976fadf,USGS-02085000,00060,00003,2013-08-05,44.6,ft^3/s,Approved,,2025-03-11 13:33:20.467623+00:00
-79.0955555555555,36.0711111111111,2bf55dc212734c469cd90fe8d976fadf,USGS-02085000,00060,00003,2013-08-04,117,ft^3/s,Approved,,2025-03-11 13:33:20.467623+00:00
-79.0955555555555,36.0711111111111,2bf55dc212734c469cd90fe8d976fadf,USGS-02085000,00060,00003,2013-08-03,57.5,ft^3/s,Approved,,2025-03-11 13:33:20.467623+00:00
-79.0955555555555,36.0711111111111,2bf55dc212734c469cd90fe8d976fadf,USGS-02085000,00060,00003,2013-08-02,134,ft^3/s,Approved,,2025-03-11 13:33:20.467623+00:00
-79.0955555555555,36.0711111111111,2bf55dc212734c469cd90fe8d976fadf,USGS-02085000,00060,00003,2013-08-01,23.3,ft^3/s,Approved,,2025-03-11 13:33:20.467623+00:00
-79.0955555555555,36.0711111111111,2bf55dc212734c469cd90fe8d976fadf,USGS-02085000,00060,00003,2013-07-31,13.1,ft^3/s,Approved,,2025-03-11 13:33:20.467623+00:00
-79.0955555555555,36.0711111111111,2bf55dc212734c469cd90fe8d976fadf,USGS-02085000,00060,00003,2013-07-30,18.3,ft^3/s,Approved,,2025-03-11 13:33:20.467623+00:00
-79.0955555555555,36.0711111111111,2bf55dc212734c469cd90fe8d976fadf,USGS-02085000,00060,00003,2013-07-29,23.3,ft^3/s,Approved,,2025-03-11 13:33:20.467623+00:00
-79.0955555555555,36.0711111111111,2bf55dc212734c469cd90fe8d976fadf,USGS-02085000,00060,00003,2013-07-28,32.3,ft^3/s,Approved,,2025-03-11 13:33:20.467623+00:00
-79.0955555555555,36.0711111111111,2bf55dc212734c469cd90fe8d976fadf,USGS-02085000,00060,00003,2013-07-27,17.7,ft^3/s,Approved,,2025-03-11 13:33:20.467623+00:00
-79.0955555555555,36.0711111111111,2bf55dc212734c469cd90fe8d976fadf,USGS-02085000,00060,00003,2013-07-26,16.2,ft^3/s,Approved,,2025-03-11 13:33:20.467623+00:00
-79.0955555555555,36.0711111111111,2bf55dc212734c469cd90fe8d976fadf,USGS-02085000,00060,00003,2013-07-25,21.6,ft^3/s,Approved,,2025-03-11 13:33:20.467623+00:00
-79.0955555555555,36.0711111111111,2bf55dc212734c469cd90fe8d976fadf,USGS-02085000,00060,00003,2013-07-24,8.78,ft^3/s,Approved,,2025-03-11 13:33:20.467623+00:00
-79.0955555555555,36.0711111111111,2bf55dc212734c469cd90fe8d976fadf,USGS-02085000,00060,00003,2013-07-23,11.3,ft^3/s,Approved,,2025-03-11 13:33:20.467623+00:00
-79.0955555555555,36.0711111111111,2bf55dc212734c469cd90fe8d976fadf,USGS-02085000,00060,00003,2013-07-22,14.5,ft^3/s,Approved,,2025-03-11 13:33:20.467623+00:00
-79.0955555555555,36.0711111111111,2bf55dc212734c469cd90fe8d976fadf,USGS-02085000,00060,00003,2013-07-21,13.6,ft^3/s,Approved,,2025-03-11 13:33:20.467623+00:00
-79.0955555555555,36.0711111111111,2bf55dc212734c469cd90fe8d976fadf,USGS-02085000,00060,00003,2013-07-20,15.5,ft^3/s,Approved,,2025-03-11 13:33:20.467623+00:00
-79.0955555555555,36.0711111111111,2bf55dc212734c469cd90fe8d976fadf,USGS-02085000,00060,00003,2013-07-19,15.8,ft^3/s,Approved,,2025-03-11 13:33:20.467623+00:00
-79.0955555555555,36.0711111111111,2bf55dc212734c469cd90fe8d976fadf,USGS-02085000,00060,00003,2013-07-18,24.1,ft^3/s,Approved,,2025-03-11 13:33:20.467623+00:00
-79.0955555555555,36.0711111111111,2bf55dc212734c469cd90fe8d976fadf,USGS-02085000,00060,00003,2013-07-17,28.7,ft^3/s,Approved,,2025-03-11 13:33:20.467623+00:00
-79.0955555555555,36.0711111111111,2bf55dc212734c469cd90fe8d976fadf,USGS-02085000,00060,00003,2013-07-16,49.4,ft^3/s,Approved,,2025-03-11 13:33:20.467623+00:00
-79.0955555555555,36.0711111111111,2bf55dc212734c469cd90fe8d976fadf,USGS-02085000,00060,00003,2013-07-15,61.3,ft^3/s,Approved,,2025-03-11 13:33:20.467623+00:00
-79.0955555555555,36.0711111111111,2bf55dc212734c469cd90fe8d976fadf,USGS-02085000,00060,00003,2013-07-14,90.2,ft^3/s,Approved,,2025-03-11 13:33:20.467623+00:00
-79.0955555555555,36.0711111111111,2bf55dc212734c469cd90fe8d976fadf,USGS-02085000,00060,00003,2013-07-13,113,ft^3/s,Approved,,2025-03-11 13:33:20.467623+00:00
-79.0955555555555,36.0711111111111,2bf55dc212734c469cd90fe8d976fadf,USGS-02085000,00060,00003,2013-07-12,241,ft^3/s,Approved,,2025-03-11 13:33:20.467623+00:00
-79.0955555555555,36.0711111111111,2bf55dc212734c469cd90fe8d976fadf,USGS-02085000,00060,00003,2013-07-11,588,ft^3/s,Approved,,2025-03-11 13:33:20.467623+00:00
-79.0955555555555,36.0711111111111,2bf55dc212734c469cd90fe8d976fadf,USGS-02085000,00060,00003,2013-07-10,186,ft^3/s,Approved,,2025-03-11 13:33:20.467623+00:00
-79.0955555555555,36.0711111111111,2bf55dc212734c469cd90fe8d976fadf,USGS-02085000,00060,00003,2013-07-09,256,ft^3/s,Approved,,2025-03-11 13:33:20.467623+00:00
-79.0955555555555,36.0711111111111,2bf55dc212734c469cd90fe8d976fadf,USGS-02085000,00060,00003,2013-07-08,442,ft^3/s,Approved,,2025-03-11 13:33:20.467623+00:00
-79.0955555555555,36.0711111111111,2bf55dc212734c469cd90fe8d976fadf,USGS-02085000,00060,00003,2013-07-07,32.3,ft^3/s,Approved,,2025-03-11 13:33:20.467623+00:00
-79.0955555555555,36.0711111111111,2bf55dc212734c469cd90fe8d976fadf,USGS-02085000,00060,00003,2013-07-06,55.1,ft^3/s,Approved,,2025-03-11 13:33:20.467623+00:00
-79.0955555555555,36.0711111111111,2bf55dc212734c469cd90fe8d976fadf,USGS-02085000,00060,00003,2013-07-05,120,ft^3/s,Approved,,2025-03-11 13:33:20.467623+00:00
-79.0955555555555,36.0711111111111,2bf55dc212734c469cd90fe8d976fadf,USGS-02085000,00060,00003,2013-07-04,216,ft^3/s,Approved,,2025-03-11 13:33:20.467623+00:00
-79.0955555555555,36.0711111111111,2bf55dc212734c469cd90fe8d976fadf,USGS-02085000,00060,00003,2013-07-03,200,ft^3/s,Approved,,2025-03-11 13:33:20.467623+00:00
-79.0955555555555,36.0711111111111,2bf55dc212734c469cd90fe8d976fadf,USGS-02085000,00060,00003,2013-07-02,73.7,ft^3/s,Approved,,2025-03-11 13:33:20.467623+00:00
-79.0955555555555,36.0711111111111,2bf55dc212734c469cd90fe8d976fadf,USGS-02085000,00060,00003,2013-07-01,154,ft^3/s,Approved,,2025-03-11 13:33:20.467623+00:00
-79.0955555555555,36.0711111111111,2bf55dc212734c469cd90fe8d976fadf,USGS-02085000,00060,00003,2013-06-30,51.5,ft^3/s,Approved,,2025-03-11 13:33:20.467623+00:00
-79.0955555555555,36.0711111111111,2bf55dc212734c469cd90fe8d976fadf,USGS-02085000,00060,00003,2013-06-29,44.8,ft^3/s,Approved,,2025-03-11 13:33:20.467623+00:00
-79.0955555555555,36.0711111111111,2bf55dc212734c469cd90fe8d976fadf,USGS-02085000,00060,00003,2013-06-28,14.3,ft^3/s,Approved,,2025-03-11 13:33:20.467623+00:00
-79.0955555555555,36.0711111111111,2bf55dc212734c469cd90fe8d976fadf,USGS-02085000,00060,00003,2013-06-27,11.8,ft^3/s,Approved,,2025-03-11 13:33:20.467623+00:00
-79.0955555555555,36.0711111111111,2bf55dc212734c469cd90fe8d976fadf,USGS-02085000,00060,00003,2013-06-26,8.63,ft^3/s,Approved,,2025-03-11 13:33:20.467623+00:00
-79.0955555555555,36.0711111111111,2bf55dc212734c469cd90fe8d976fadf,USGS-02085000,00060,00003,2013-06-25,8.89,ft^3/s,Approved,,2025-03-11 13:33:20.467623+00:00
-79.0955555555555,36.0711111111111,2bf55dc212734c469cd90fe8d976fadf,USGS-02085000,00060,00003,2013-06-24,10.0,ft^3/s,Approved,,2025-03-11 13:33:20.467623+00:00
-79.0955555555555,36.0711111111111,2bf55dc212734c469cd90fe8d976fadf,USGS-02085000,00060,00003,2013-06-23,8.61,ft^3/s,Approved,,2025-03-11 13:33:20.467623+00:00
-79.0955555555555,36.0711111111111,2bf55dc212734c469cd90fe8d976fadf,USGS-02085000,00060,00003,2013-06-22,9.30,ft^3/s,Approved,,2025-03-11 13:33:20.467623+00:00
-79.0955555555555,36.0711111111111,2bf55dc212734c469cd90fe8d976fadf,USGS-02085000,00060,00003,2013-06-21,8.42,ft^3/s,Approved,,2025-03-11 13:33:20.467623+00:00
-79.0955555555555,36.0711111111111,2bf55dc212734c469cd90fe8d976fadf,USGS-02085000,00060,00003,2013-06-20,12.2,ft^3/s,Approved,,2025-03-11 13:33:20.467623+00:00
-79.0955555555555,36.0711111111111,2bf55dc212734c469cd90fe8d976fadf,USGS-02085000,00060,00003,2013-06-19,19.0,ft^3/s,Approved,,2025-03-11 13:33:20.467623+00:00
-79.0955555555555,36.0711111111111,2bf55dc212734c469cd90fe8d976fadf,USGS-02085000,00060,00003,2013-06-18,12.0,ft^3/s,Approved,,2025-03-11 13:33:20.467623+00:00
-79.0955555555555,36.0711111111111,2bf55dc212734c469cd90fe8d976fadf,USGS-02085000,00060,00003,2013-06-17,10.3,ft^3/s,Approved,,2025-03-11 13:33:20.467623+00:00
-79.0955555555555,36.0711111111111,2bf55dc212734c469cd90fe8d976fadf,USGS-02085000,00060,00003,2013-06-16,13.1,ft^3/s,Approved,,2025-03-11 13:33:20.467623+00:00
-79.0955555555555,36.0711111111111,2bf55dc212734c469cd90fe8d976fadf,USGS-02085000,00060,00003,2013-06-15,18.7,ft^3/s,Approved,,2025-03-11 13:33:20.467623+00:00
-79.0955555555555,36.0711111111111,2bf55dc212734c469cd90fe8d976fadf,USGS-02085000,00060,00003,2013-06-14,24.8,ft^3/s,Approved,,2025-03-11 13:33:20.467623+00:00
-79.0955555555555,36.0711111111111,2bf55dc212734c469cd90fe8d976fadf,USGS-02085000,00060,00003,2013-06-13,32.6,ft^3/s,Approved,,2025-03-11 13:33:20.467623+00:00
-79.0955555555555,36.0711111111111,2bf55dc212734c469cd90fe8d976fadf,USGS-02085000,00060,00003,2013-06-12,60.8,ft^3/s,Approved,,2025-03-11 13:33:20.467623+00:00
-79.0955555555555,36.0711111111111,2bf55dc212734c469cd90fe8d976fadf,USGS-02085000,00060,00003,2013-06-11,140,ft^3/s,Approved,,2025-03-11 13:33:20.467623+00:00
-79.0955555555555,36.0711111111111,2bf55dc212734c469cd90fe8d976fadf,USGS-02085000,00060,00003,2013-06-10,70.1,ft^3/s,Approved,,2025-03-11 13:33:20.467623+00:00
-79.0955555555555,36.0711111111111,2bf55dc212734c469cd90fe8d976fadf,USGS-02085000,00060,00003,2013-06-09,83.5,ft^3/s,Approved,,2025-03-11 13:33:20.467623+00:00
-79.0955555555555,36.0711111111111,2bf55dc212734c469cd90fe8d976fadf,USGS-02085000,00060,00003,2013-06-08,250,ft^3/s,Approved,,2025-03-11 13:33:20.467623+00:00
-79.0955555555555,36.0711111111111,2bf55dc212734c469cd90fe8d976fadf,USGS-02085000,00060,00003,2013-06-07,246,ft^3/s,Approved,,2025-03-11 13:33:20.467623+00:00
-79.0955555555555,36.0711111111111,2bf55dc212734c469cd90fe8d976fadf,USGS-02085000,00060,00003,2013-06-06,11.1,ft^3/s,Approved,,2025-03-11 13:33:20.467623+00:00
-79.0955555555555,36.0711111111111,2bf55dc212734c469cd90fe8d976fadf,USGS-02085000,00060,00003,2013-06-05,12.2,ft^3/s,Approved,,2025-03-11 13:33:20.467623+00:00
-79.0955555555555,36.0711111111111,2bf55dc212734c469cd90fe8d976fadf,USGS-02085000,00060,00003,2013-06-04,16.7,ft^3/s,Approved,,2025-03-11 13:33:20.467623+00:00
-79.0955555555555,36.0711111111111,2bf55dc212734c469cd90fe8d976fadf,USGS-02085000,00060,00003,2013-06-03,11.5,ft^3/s,Approved,,2025-03-11 13:33:20.467623+00:00
-79.0955555555555,36.0711111111111,2bf55dc212734c469cd90fe8d976fadf,USGS-02085000,00060,00003,2013-06-02,6.03,ft^3/s,Approved,,2025-03-11 13:33:20.467623+00:00
-79.0955555555555,36.0711111111111,2bf55dc212734c469cd90fe8d976fadf,USGS-02085000,00060,00003,2013-06-01,7.30,ft^3/s,Approved,,2025-03-11 13:33:20.467623+00:00
-79.0955555555555,36.0711111111111,2bf55dc212734c469cd90fe8d976fadf,USGS-02085000,00060,00003,2013-05-31,8.40,ft^3/s,Approved,,2025-03-11 13:33:20.467623+00:00
-79.0955555555555,36.0711111111111,2bf55dc212734c469cd90fe8d976fadf,USGS-02085000,00060,00003,2013-05-30,10.1,ft^3/s,Approved,,2025-09-16 15:57:16.658682+00:00
-79.0955555555555,36.0711111111111,2bf55dc212734c469cd90fe8d976fadf,USGS-02085000,00060,00003,2013-05-29,12.0,ft^3/s,Approved,['ESTIMATED'],2025-09-16 15:57:16.658682+00:00
-79.0955555555555,36.0711111111111,2bf55dc212734c469cd90fe8d976fadf,USGS-02085000,00060,00003,2013-05-28,15.5,ft^3/s,Approved,['ESTIMATED'],2025-09-16 15:57:16.658682+00:00
-79.0955555555555,36.0711111111111,2bf55dc212734c469cd90fe8d976fadf,USGS-02085000,00060,00003,2013-05-27,20.4,ft^3/s,Approved,,2025-03-11 13:33:20.467623+00:00
-79.0955555555555,36.0711111111111,2bf55dc212734c469cd90fe8d976fadf,USGS-02085000,00060,00003,2013-05-26,27.0,ft^3/s,Approved,,2025-03-11 13:33:20.467623+00:00
-79.0955555555555,36.0711111111111,2bf55dc212734c469cd90fe8d976fadf,USGS-02085000,00060,00003,2013-05-25,42.2,ft^3/s,Approved,,2025-03-11 13:33:20.467623+00:00
-79.0955555555555,36.0711111111111,2bf55dc212734c469cd90fe8d976fadf,USGS-02085000,00060,00003,2013-05-24,83.8,ft^3/s,Approved,,2025-03-11 13:33:20.467623+00:00
-79.0955555555555,36.0711111111111,2bf55dc212734c469cd90fe8d976fadf,USGS-02085000,00060,00003,2013-05-23,143,ft^3/s,Approved,,2025-03-11 13:33:20.467623+00:00
-79.0955555555555,36.0711111111111,2bf55dc212734c469cd90fe8d976fadf,USGS-02085000,00060,00003,2013-05-22,73.1,ft^3/s,Approved,,2025-03-11 13:33:20.467623+00:00
-79.0955555555555,36.0711111111111,2bf55dc212734c469cd90fe8d976fadf,USGS-02085000,00060,00003,2013-05-21,139,ft^3/s,Approved,,2025-03-11 13:33:20.467623+00:00
-79.0955555555555,36.0711111111111,2bf55dc212734c469cd90fe8d976fadf,USGS-02085000,00060,00003,2013-05-20,219,ft^3/s,Approved,,2025-03-11 13:33:20.467623+00:00
-79.0955555555555,36.0711111111111,2bf55dc212734c469cd90fe8d976fadf,USGS-02085000,00060,00003,2013-05-19,152,ft^3/s,Approved,,2025-03-11 13:33:20.467623+00:00
-79.0955555555555,36.0711111111111,2bf55dc212734c469cd90fe8d976fadf,USGS-02085000,00060,00003,2013-05-18,11.0,ft^3/s,Approved,,2025-03-11 13:33:20.467623+00:00
-79.0955555555555,36.0711111111111,2bf55dc212734c469cd90fe8d976fadf,USGS-02085000,00060,00003,2013-05-17,7.96,ft^3/s,Approved,,2025-03-11 13:33:20.467623+00:00
-79.0955555555555,36.0711111111111,2bf55dc212734c469cd90fe8d976fadf,USGS-02085000,00060,00003,2013-05-16,8.93,ft^3/s,Approved,,2025-03-11 13:33:20.467623+00:00
-79.0955555555555,36.0711111111111,2bf55dc212734c469cd90fe8d976fadf,USGS-02085000,00060,00003,2013-05-15,9.85,ft^3/s,Approved,,2025-03-11 13:33:20.467623+00:00
-79.0955555555555,36.0711111111111,2bf55dc212734c469cd90fe8d976fadf,USGS-02085000,00060,00003,2013-05-14,12.0,ft^3/s,Approved,,2025-03-11 13:33:20.467623+00:00
-79.0955555555555,36.0711111111111,2bf55dc212734c469cd90fe8d976fadf,USGS-02085000,00060,00003,2013-05-13,16.1,ft^3/s,Approved,,2025-03-11 13:33:20.467623+00:00
-79.0955555555555,36.0711111111111,2bf55dc212734c469cd90fe8d976fadf,USGS-02085000,00060,00003,2013-05-12,19.8,ft^3/s,Approved,,2025-03-11 13:33:20.467623+00:00
-79.0955555555555,36.0711111111111,2bf55dc212734c469cd90fe8d976fadf,USGS-02085000,00060,00003,2013-05-11,22.1,ft^3/s,Approved,,2025-03-11 13:33:20.467623+00:00
-79.0955555555555,36.0711111111111,2bf55dc212734c469cd90fe8d976fadf,USGS-02085000,00060,00003,2013-05-10,31.9,ft^3/s,Approved,,2025-03-11 13:33:20.467623+00:00
-79.0955555555555,36.0711111111111,2bf55dc212734c469cd90fe8d976fadf,USGS-02085000,00060,00003,2013-05-09,51.2,ft^3/s,Approved,,2025-03-11 13:33:20.467623+00:00
-79.0955555555555,36.0711111111111,2bf55dc212734c469cd90fe8d976fadf,USGS-02085000,00060,00003,2013-05-08,63.1,ft^3/s,Approved,,2025-03-11 13:33:20.467623+00:00
-79.0955555555555,36.0711111111111,2bf55dc212734c469cd90fe8d976fadf,USGS-02085000,00060,00003,2013-05-07,112,ft^3/s,Approved,,2025-03-11 13:33:20.467623+00:00
-79.0955555555555,36.0711111111111,2bf55dc212734c469cd90fe8d976fadf,USGS-02085000,00060,00003,2013-05-06,64.2,ft^3/s,Approved,,2025-03-11 13:33:20.467623+00:00
-79.0955555555555,36.0711111111111,2bf55dc212734c469cd90fe8d976fadf,USGS-02085000,00060,00003,2013-05-05,15.8,ft^3/s,Approved,,2025-03-11 13:33:20.467623+00:00
-79.0955555555555,36.0711111111111,2bf55dc212734c469cd90fe8d976fadf,USGS-02085000,00060,00003,2013-05-04,18.9,ft^3/s,Approved,,2025-03-11 13:33:20.467623+00:00
-79.0955555555555,36.0711111111111,2bf55dc212734c469cd90fe8d976fadf,USGS-02085000,00060,00003,2013-05-03,22.2,ft^3/s,Approved,,2025-03-11 13:33:20.467623+00:00
-79.0955555555555,36.0711111111111,2bf55dc212734c469cd90fe8d976fadf,USGS-02085000,00060,00003,2013-05-02,26.3,ft^3/s,Approved,,2025-03-11 13:33:20.467623+00:00
-79.0955555555555,36.0711111111111,2bf55dc212734c469cd90fe8d976fadf,USGS-02085000,00060,00003,2013-05-01,35.2,ft^3/s,Approved,,2025-03-11 13:33:20.467623+00:00
-79.0955555555555,36.0711111111111,2bf55dc212734c469cd90fe8d976fadf,USGS-02085000,00060,00003,2013-04-30,57.7,ft^3/s,Approved,,2025-03-11 13:33:20.467623+00:00
-79.0955555555555,36.0711111111111,2bf55dc212734c469cd90fe8d976fadf,USGS-02085000,00060,00003,2013-04-29,63.1,ft^3/s,Approved,,2025-03-11 13:33:20.467623+00:00
-79.0955555555555,36.0711111111111,2bf55dc212734c469cd90fe8d976fadf,USGS-02085000,00060,00003,2013-04-28,14.8,ft^3/s,Approved,,2025-03-11 13:33:20.467623+00:00
-79.0955555555555,36.0711111111111,2bf55dc212734c469cd90fe8d976fadf,USGS-02085000,00060,00003,2013-04-27,13.1,ft^3/s,Approved,,2025-03-11 13:33:20.467623+00:00
-79.0955555555555,36.0711111111111,2bf55dc212734c469cd90fe8d976fadf,USGS-02085000,00060,00003,2013-04-26,13.9,ft^3/s,Approved,,2025-03-11 13:33:20.467623+00:00
-79.0955555555555,36.0711111111111,2bf55dc212734c469cd90fe8d976fadf,USGS-02085000,00060,00003,2013-04-25,16.8,ft^3/s,Approved,,2025-03-11 13:33:20.467623+00:00
-79.0955555555555,36.0711111111111,2bf55dc212734c469cd90fe8d976fadf,USGS-02085000,00060,00003,2013-04-24,19.5,ft^3/s,Approved,,2025-03-11 13:33:20.467623+00:00
-79.0955555555555,36.0711111111111,2bf55dc212734c469cd90fe8d976fadf,USGS-02085000,00060,00003,2013-04-23,22.4,ft^3/s,Approved,,2025-03-11 13:33:20.467623+00:00
-79.0955555555555,36.0711111111111,2bf55dc212734c469cd90fe8d976fadf,USGS-02085000,00060,00003,2013-04-22,26.5,ft^3/s,Approved,,2025-03-11 13:33:20.467623+00:00
-79.0955555555555,36.0711111111111,2bf55dc212734c469cd90fe8d976fadf,USGS-02085000,00060,00003,2013-04-21,41.7,ft^3/s,Approved,,2025-03-11 13:33:20.467623+00:00
-79.0955555555555,36.0711111111111,2bf55dc212734c469cd90fe8d976fadf,USGS-02085000,00060,00003,2013-04-20,69.8,ft^3/s,Approved,,2025-03-11 13:33:20.467623+00:00
-79.0955555555555,36.0711111111111,2bf55dc212734c469cd90fe8d976fadf,USGS-02085000,00060,00003,2013-04-19,29.2,ft^3/s,Approved,,2025-03-11 13:33:20.467623+00:00
-79.0955555555555,36.0711111111111,2bf55dc212734c469cd90fe8d976fadf,USGS-02085000,00060,00003,2013-04-18,25.2,ft^3/s,Approved,,2025-03-11 13:33:20.467623+00:00
-79.0955555555555,36.0711111111111,2bf55dc212734c469cd90fe8d976fadf,USGS-02085000,00060,00003,2013-04-17,26.1,ft^3/s,Approved,,2025-03-11 13:33:20.467623+00:00
-79.0955555555555,36.0711111111111,2bf55dc212734c469cd90fe8d976fadf,USGS-02085000,00060,00003,2013-04-16,30.1,ft^3/s,Approved,,2025-03-11 13:33:20.467623+00:00
-79.0955555555555,36.0711111111111,2bf55dc212734c469cd90fe8d976fadf,USGS-02085000,00060,00003,2013-04-15,35.5,ft^3/s,Approved,,2025-03-11 13:33:20.467623+00:00
-79.0955555555555,36.0711111111111,2bf55dc212734c469cd90fe8d976fadf,USGS-02085000,00060,00003,2013-04-14,48.4,ft^3/s,Approved,,2025-03-11 13:33:20.467623+00:00
-79.0955555555555,36.0711111111111,2bf55dc212734c469cd90fe8d976fadf,USGS-02085000,00060,00003,2013-04-13,86.0,ft^3/s,Approved,,2025-03-11 13:33:20.467623+00:00
-79.0955555555555,36.0711111111111,2bf55dc212734c469cd90fe8d976fadf,USGS-02085000,00060,00003,2013-04-12,90.3,ft^3/s,Approved,,2025-03-11 13:33:20.467623+00:00
-79.0955555555555,36.0711111111111,2bf55dc212734c469cd90fe8d976fadf,USGS-02085000,00060,00003,2013-04-11,28.4,ft^3/s,Approved,,2025-03-11 13:33:20.467623+00:00
-79.0955555555555,36.0711111111111,2bf55dc212734c469cd90fe8d976fadf,USGS-02085000,00060,00003,2013-04-10,32.7,ft^3/s,Approved,,2025-03-11 13:33:20.467623+00:00
-79.0955555555555,36.0711111111111,2bf55dc212734c469cd90fe8d976fadf,USGS-02085000,00060,00003,2013-04-09,38.5,ft^3/s,Approved,,2025-03-11 13:33:20.467623+00:00
-79.0955555555555,36.0711111111111,2bf55dc212734c469cd90fe8d976fadf,USGS-02085000,00060,00003,2013-04-08,48.1,ft^3/s,Approved,,2025-03-11 13:33:20.467623+00:00
-79.0955555555555,36.0711111111111,2bf55dc212734c469cd90fe8d976fadf,USGS-02085000,00060,00003,2013-04-07,65.3,ft^3/s,Approved,,2025-03-11 13:33:20.467623+00:00
-79.0955555555555,36.0711111111111,2bf55dc212734c469cd90fe8d976fadf,USGS-02085000,00060,00003,2013-04-06,104,ft^3/s,Approved,,2025-03-11 13:33:20.467623+00:00
-79.0955555555555,36.0711111111111,2bf55dc212734c469cd90fe8d976fadf,USGS-02085000,00060,00003,2013-04-05,187,ft^3/s,Approved,,2025-03-11 13:33:20.467623+00:00
-79.0955555555555,36.0711111111111,2bf55dc212734c469cd90fe8d976fadf,USGS-02085000,00060,00003,2013-04-04,40.0,ft^3/s,Approved,,2025-03-11 13:33:20.467623+00:00
-79.0955555555555,36.0711111111111,2bf55dc212734c469cd90fe8d976fadf,USGS-02085000,00060,00003,2013-04-03,42.3,ft^3/s,Approved,,2025-03-11 13:33:20.467623+00:00
-79.0955555555555,36.0711111111111,2bf55dc212734c469cd90fe8d976fadf,USGS-02085000,00060,00003,2013-04-02,61.8,ft^3/s,Approved,,2025-03-11 13:33:20.467623+00:00
-79.0955555555555,36.0711111111111,2bf55dc212734c469cd90fe8d976fadf,USGS-02085000,00060,00003,2013-04-01,88.7,ft^3/s,Approved,,2025-03-11 13:33:20.467623+00:00
-79.0955555555555,36.0711111111111,2bf55dc212734c469cd90fe8d976fadf,USGS-02085000,00060,00003,2013-03-31,38.6,ft^3/s,Approved,,2025-03-11 13:33:20.467623+00:00
-79.0955555555555,36.0711111111111,2bf55dc212734c469cd90fe8d976fadf,USGS-02085000,00060,00003,2013-03-30,25.3,ft^3/s,Approved,,2025-03-11 13:33:20.467623+00:00
-79.0955555555555,36.0711111111111,2bf55dc212734c469cd90fe8d976fadf,USGS-02085000,00060,00003,2013-03-29,28.9,ft^3/s,Approved,,2025-03-11 13:33:20.467623+00:00
-79.0955555555555,36.0711111111111,2bf55dc212734c469cd90fe8d976fadf,USGS-02085000,00060,00003,2013-03-28,33.7,ft^3/s,Approved,,2025-03-11 13:33:20.467623+00:00
-79.0955555555555,36.0711111111111,2bf55dc212734c469cd90fe8d976fadf,USGS-02085000,00060,00003,2013-03-27,47.3,ft^3/s,Approved,,2025-03-11 13:33:20.467623+00:00
-79.0955555555555,36.0711111111111,2bf55dc212734c469cd90fe8d976fadf,USGS-02085000,00060,00003,2013-03-26,72.3,ft^3/s,Approved,,2025-03-11 13:33:20.467623+00:00
-79.0955555555555,36.0711111111111,2bf55dc212734c469cd90fe8d976fadf,USGS-02085000,00060,00003,2013-03-25,120,ft^3/s,Approved,,2025-03-11 13:33:20.467623+00:00
-79.0955555555555,36.0711111111111,2bf55dc212734c469cd90fe8d976fadf,USGS-02085000,00060,00003,2013-03-24,40.7,ft^3/s,Approved,,2025-03-11 13:33:20.467623+00:00
-79.0955555555555,36.0711111111111,2bf55dc212734c469cd90fe8d976fadf,USGS-02085000,00060,00003,2013-03-23,20.8,ft^3/s,Approved,,2025-03-11 13:33:20.467623+00:00
-79.0955555555555,36.0711111111111,2bf55dc212734c469cd90fe8d976fadf,USGS-02085000,00060,00003,2013-03-22,22.7,ft^3/s,Approved,,2025-03-11 13:33:20.467623+00:00
-79.0955555555555,36.0711111111111,2bf55dc212734c469cd90fe8d976fadf,USGS-02085000,00060,00003,2013-03-21,25.7,ft^3/s,Approved,,2025-03-11 13:33:20.467623+00:00
-79.0955555555555,36.0711111111111,2bf55dc212734c469cd90fe8d976fadf,USGS-02085000,00060,00003,2013-03-20,30.8,ft^3/s,Approved,,2025-03-11 13:33:20.467623+00:00
-79.0955555555555,36.0711111111111,2bf55dc212734c469cd90fe8d976fadf,USGS-02085000,00060,00003,2013-03-19,35.4,ft^3/s,Approved,,2025-03-11 13:33:20.467623+00:00
-79.0955555555555,36.0711111111111,2bf55dc212734c469cd90fe8d976fadf,USGS-02085000,00060,00003,2013-03-18,27.8,ft^3/s,Approved,,2025-03-11 13:33:20.467623+00:00
-79.0955555555555,36.0711111111111,2bf55dc212734c469cd90fe8d976fadf,USGS-02085000,00060,00003,2013-03-17,31.3,ft^3/s,Approved,,2025-03-11 13:33:20.467623+00:00
-79.0955555555555,36.0711111111111,2bf55dc212734c469cd90fe8d976fadf,USGS-02085000,00060,00003,2013-03-16,34.9,ft^3/s,Approved,,2025-03-11 13:33:20.467623+00:00
-79.0955555555555,36.0711111111111,2bf55dc212734c469cd90fe8d976fadf,USGS-02085000,00060,00003,2013-03-15,42.6,ft^3/s,Approved,,2025-03-11 13:33:20.467623+00:00
-79.0955555555555,36.0711111111111,2bf55dc212734c469cd90fe8d976fadf,USGS-02085000,00060,00003,2013-03-14,63.7,ft^3/s,Approved,,2025-03-11 13:33:20.467623+00:00
-79.0955555555555,36.0711111111111,2bf55dc212734c469cd90fe8d976fadf,USGS-02085000,00060,00003,2013-03-13,108,ft^3/s,Approved,,2025-03-11 13:33:20.467623+00:00
-79.0955555555555,36.0711111111111,2bf55dc212734c469cd90fe8d976fadf,USGS-02085000,00060,00003,2013-03-12,87.8,ft^3/s,Approved,,2025-03-11 13:33:20.467623+00:00
-79.0955555555555,36.0711111111111,2bf55dc212734c469cd90fe8d976fadf,USGS-02085000,00060,00003,2013-03-11,23.0,ft^3/s,Approved,,2025-03-11 13:33:20.467623+00:00
-79.0955555555555,36.0711111111111,2bf55dc212734c469cd90fe8d976fadf,USGS-02085000,00060,00003,2013-03-10,25.7,ft^3/s,Approved,,2025-03-11 13:33:20.467623+00:00
-79.0955555555555,36.0711111111111,2bf55dc212734c469cd90fe8d976fadf,USGS-02085000,00060,00003,2013-03-09,29.3,ft^3/s,Approved,,2025-03-11 13:33:20.467623+00:00
-79.0955555555555,36.0711111111111,2bf55dc212734c469cd90fe8d976fadf,USGS-02085000,00060,00003,2013-03-08,34.8,ft^3/s,Approved,,2025-03-11 13:33:20.467623+00:00
-79.0955555555555,36.0711111111111,2bf55dc212734c469cd90fe8d976fadf,USGS-02085000,00060,00003,2013-03-07,45.6,ft^3/s,Approved,,2025-03-11 13:33:20.467623+00:00
-79.0955555555555,36.0711111111111,2bf55dc212734c469cd90fe8d976fadf,USGS-02085000,00060,00003,2013-03-06,51.1,ft^3/s,Approved,,2025-03-11 13:33:20.467623+00:00
-79.0955555555555,36.0711111111111,2bf55dc212734c469cd90fe8d976fadf,USGS-02085000,00060,00003,2013-03-05,30.7,ft^3/s,Approved,,2025-03-11 13:33:20.467623+00:00
-79.0955555555555,36.0711111111111,2bf55dc212734c469cd90fe8d976fadf,USGS-02085000,00060,00003,2013-03-04,33.0,ft^3/s,Approved,,2025-03-11 13:33:20.467623+00:00
-79.0955555555555,36.0711111111111,2bf55dc212734c469cd90fe8d976fadf,USGS-02085000,00060,00003,2013-03-03,42.3,ft^3/s,Approved,,2025-03-11 13:33:20.467623+00:00
-79.0955555555555,36.0711111111111,2bf55dc212734c469cd90fe8d976fadf,USGS-02085000,00060,00003,2013-03-02,51.9,ft^3/s,Approved,,2025-03-11 13:33:20.467623+00:00
-79.0955555555555,36.0711111111111,2bf55dc212734c469cd90fe8d976fadf,USGS-02085000,00060,00003,2013-03-01,66.7,ft^3/s,Approved,,2025-03-11 13:33:20.467623+00:00
-79.0955555555555,36.0711111111111,2bf55dc212734c469cd90fe8d976fadf,USGS-02085000,00060,00003,2013-02-28,95.3,ft^3/s,Approved,,2025-03-11 13:33:20.467623+00:00
-79.0955555555555,36.0711111111111,2bf55dc212734c469cd90fe8d976fadf,USGS-02085000,00060,00003,2013-02-27,175,ft^3/s,Approved,,2025-03-11 13:33:20.467623+00:00
-79.0955555555555,36.0711111111111,2bf55dc212734c469cd90fe8d976fadf,USGS-02085000,00060,00003,2013-02-26,131,ft^3/s,Approved,,2025-03-11 13:33:20.467623+00:00
-79.0955555555555,36.0711111111111,2bf55dc212734c469cd90fe8d976fadf,USGS-02085000,00060,00003,2013-02-25,67.2,ft^3/s,Approved,,2025-03-11 13:33:20.467623+00:00
-79.0955555555555,36.0711111111111,2bf55dc212734c469cd90fe8d976fadf,USGS-02085000,00060,00003,2013-02-24,100,ft^3/s,Approved,,2025-03-11 13:33:20.467623+00:00
-79.0955555555555,36.0711111111111,2bf55dc212734c469cd90fe8d976fadf,USGS-02085000,00060,00003,2013-02-23,93.0,ft^3/s,Approved,,2025-03-11 13:33:20.467623+00:00
-79.0955555555555,36.0711111111111,2bf55dc212734c469cd90fe8d976fadf,USGS-02085000,00060,00003,2013-02-22,42.5,ft^3/s,Approved,,2025-03-11 13:33:20.467623+00:00
-79.0955555555555,36.0711111111111,2bf55dc212734c469cd90fe8d976fadf,USGS-02085000,00060,00003,2013-02-21,43.5,ft^3/s,Approved,,2025-03-11 13:33:20.467623+00:00
-79.0955555555555,36.0711111111111,2bf55dc212734c469cd90fe8d976fadf,USGS-02085000,00060,00003,2013-02-20,58.0,ft^3/s,Approved,,2025-03-11 13:33:20.467623+00:00
-79.0955555555555,36.0711111111111,2bf55dc212734c469cd90fe8d976fadf,USGS-02085000,00060,00003,2013-02-19,47.7,ft^3/s,Approved,,2025-03-11 13:33:20.467623+00:00
-79.0955555555555,36.0711111111111,2bf55dc212734c469cd90fe8d976fadf,USGS-02085000,00060,00003,2013-02-18,50.3,ft^3/s,Approved,,2025-03-11 13:33:20.467623+00:00
-79.0955555555555,36.0711111111111,2bf55dc212734c469cd90fe8d976fadf,USGS-02085000,00060,00003,2013-02-17,71.1,ft^3/s,Approved,,2025-03-11 13:33:20.467623+00:00
-79.0955555555555,36.0711111111111,2bf55dc212734c469cd90fe8d976fadf,USGS-02085000,00060,00003,2013-02-16,51.9,ft^3/s,Approved,,2025-03-11 13:33:20.467623+00:00
-79.0955555555555,36.0711111111111,2bf55dc212734c469cd90fe8d976fadf,USGS-02085000,00060,00003,2013-02-15,51.4,ft^3/s,Approved,,2025-03-11 13:33:20.467623+00:00
-79.0955555555555,36.0711111111111,2bf55dc212734c469cd90fe8d976fadf,USGS-02085000,00060,00003,2013-02-14,73.3,ft^3/s,Approved,,2025-03-11 13:33:20.467623+00:00
-79.0955555555555,36.0711111111111,2bf55dc212734c469cd90fe8d976fadf,USGS-02085000,00060,00003,2013-02-13,66.7,ft^3/s,Approved,,2025-03-11 13:33:20.467623+00:00
-79.0955555555555,36.0711111111111,2bf55dc212734c469cd90fe8d976fadf,USGS-02085000,00060,00003,2013-02-12,51.0,ft^3/s,Approved,,2025-03-11 13:33:20.467623+00:00
-79.0955555555555,36.0711111111111,2bf55dc212734c469cd90fe8d976fadf,USGS-02085000,00060,00003,2013-02-11,56.9,ft^3/s,Approved,,2025-03-11 13:33:20.467623+00:00
-79.0955555555555,36.0711111111111,2bf55dc212734c469cd90fe8d976fadf,USGS-02085000,00060,00003,2013-02-10,72.9,ft^3/s,Approved,,2025-03-11 13:33:20.467623+00:00
-79.0955555555555,36.0711111111111,2bf55dc212734c469cd90fe8d976fadf,USGS-02085000,00060,00003,2013-02-09,134,ft^3/s,Approved,,2025-03-11 13:33:20.467623+00:00
-79.0955555555555,36.0711111111111,2bf55dc212734c469cd90fe8d976fadf,USGS-02085000,00060,00003,2013-02-08,294,ft^3/s,Approved,,2025-03-11 13:33:20.467623+00:00
-79.0955555555555,36.0711111111111,2bf55dc212734c469cd90fe8d976fadf,USGS-02085000,00060,00003,2013-02-07,21.3,ft^3/s,Approved,,2025-03-11 13:33:20.467623+00:00
-79.0955555555555,36.0711111111111,2bf55dc212734c469cd90fe8d976fadf,USGS-02085000,00060,00003,2013-02-06,19.2,ft^3/s,Approved,,2025-03-11 13:33:20.467623+00:00
-79.0955555555555,36.0711111111111,2bf55dc212734c469cd90fe8d976fadf,USGS-02085000,00060,00003,2013-02-05,20.1,ft^3/s,Approved,,2025-03-11 13:33:20.467623+00:00
-79.0955555555555,36.0711111111111,2bf55dc212734c469cd90fe8d976fadf,USGS-02085000,00060,00003,2013-02-04,23.9,ft^3/s,Approved,,2025-03-11 13:33:20.467623+00:00
-79.0955555555555,36.0711111111111,2bf55dc212734c469cd90fe8d976fadf,USGS-02085000,00060,00003,2013-02-03,26.0,ft^3/s,Approved,,2025-03-11 13:33:20.467623+00:00
-79.0955555555555,36.0711111111111,2bf55dc212734c469cd90fe8d976fadf,USGS-02085000,00060,00003,2013-02-02,32.0,ft^3/s,Approved,,2025-03-11 13:33:20.467623+00:00
-79.0955555555555,36.0711111111111,2bf55dc212734c469cd90fe8d976fadf,USGS-02085000,00060,00003,2013-02-01,49.1,ft^3/s,Approved,,2025-03-11 13:33:20.467623+00:00
-79.0955555555555,36.0711111111111,2bf55dc212734c469cd90fe8d976fadf,USGS-02085000,00060,00003,2013-01-31,73.2,ft^3/s,Approved,,2025-03-11 13:33:20.467623+00:00
-79.0955555555555,36.0711111111111,2bf55dc212734c469cd90fe8d976fadf,USGS-02085000,00060,00003,2013-01-30,21.5,ft^3/s,Approved,,2025-03-11 13:33:20.467623+00:00
-79.0955555555555,36.0711111111111,2bf55dc212734c469cd90fe8d976fadf,USGS-02085000,00060,00003,2013-01-29,22.3,ft^3/s,Approved,,2025-03-11 13:33:20.467623+00:00
-79.0955555555555,36.0711111111111,2bf55dc212734c469cd90fe8d976fadf,USGS-02085000,00060,00003,2013-01-28,23.5,ft^3/s,Approved,,2025-03-11 13:33:20.467623+00:00
-79.0955555555555,36.0711111111111,2bf55dc212734c469cd90fe8d976fadf,USGS-02085000,00060,00003,2013-01-27,27.0,ft^3/s,Approved,,2025-03-11 13:33:20.467623+00:00
-79.0955555555555,36.0711111111111,2bf55dc212734c469cd90fe8d976fadf,USGS-02085000,00060,00003,2013-01-26,30.1,ft^3/s,Approved,,2025-03-11 13:33:20.467623+00:00
-79.0955555555555,36.0711111111111,2bf55dc212734c469cd90fe8d976fadf,USGS-02085000,00060,00003,2013-01-25,27.6,ft^3/s,Approved,,2025-03-11 13:33:20.467623+00:00
-79.0955555555555,36.0711111111111,2bf55dc212734c469cd90fe8d976fadf,USGS-02085000,00060,00003,2013-01-24,32.1,ft^3/s,Approved,,2025-03-11 13:33:20.467623+00:00
-79.0955555555555,36.0711111111111,2bf55dc212734c469cd90fe8d976fadf,USGS-02085000,00060,00003,2013-01-23,38.7,ft^3/s,Approved,,2025-03-11 13:33:20.467623+00:00
-79.0955555555555,36.0711111111111,2bf55dc212734c469cd90fe8d976fadf,USGS-02085000,00060,00003,2013-01-22,55.9,ft^3/s,Approved,,2025-03-11 13:33:20.467623+00:00
-79.0955555555555,36.0711111111111,2bf55dc212734c469cd90fe8d976fadf,USGS-02085000,00060,00003,2013-01-21,77.9,ft^3/s,Approved,,2025-03-11 13:33:20.467623+00:00
-79.0955555555555,36.0711111111111,2bf55dc212734c469cd90fe8d976fadf,USGS-02085000,00060,00003,2013-01-20,115,ft^3/s,Approved,,2025-03-11 13:33:20.467623+00:00
-79.0955555555555,36.0711111111111,2bf55dc212734c469cd90fe8d976fadf,USGS-02085000,00060,00003,2013-01-19,198,ft^3/s,Approved,,2025-03-11 13:33:20.467623+00:00
-79.0955555555555,36.0711111111111,2bf55dc212734c469cd90fe8d976fadf,USGS-02085000,00060,00003,2013-01-18,581,ft^3/s,Approved,,2025-03-11 13:33:20.467623+00:00
-79.0955555555555,36.0711111111111,2bf55dc212734c469cd90fe8d976fadf,USGS-02085000,00060,00003,2013-01-17,298,ft^3/s,Approved,,2025-03-11 13:33:20.467623+00:00
-79.0955555555555,36.0711111111111,2bf55dc212734c469cd90fe8d976fadf,USGS-02085000,00060,00003,2013-01-16,38.9,ft^3/s,Approved,,2025-03-11 13:33:20.467623+00:00
-79.0955555555555,36.0711111111111,2bf55dc212734c469cd90fe8d976fadf,USGS-02085000,00060,00003,2013-01-15,50.0,ft^3/s,Approved,,2025-03-11 13:33:20.467623+00:00
-79.0955555555555,36.0711111111111,2bf55dc212734c469cd90fe8d976fadf,USGS-02085000,00060,00003,2013-01-14,15.7,ft^3/s,Approved,,2025-03-11 13:33:20.467623+00:00
-79.0955555555555,36.0711111111111,2bf55dc212734c469cd90fe8d976fadf,USGS-02085000,00060,00003,2013-01-13,11.6,ft^3/s,Approved,,2025-03-11 13:33:20.467623+00:00
-79.0955555555555,36.0711111111111,2bf55dc212734c469cd90fe8d976fadf,USGS-02085000,00060,00003,2013-01-12,12.1,ft^3/s,Approved,,2025-03-11 13:33:20.467623+00:00
-79.0955555555555,36.0711111111111,2bf55dc212734c469cd90fe8d976fadf,USGS-02085000,00060,00003,2013-01-11,11.3,ft^3/s,Approved,,2025-03-11 13:33:20.467623+00:00
-79.0955555555555,36.0711111111111,2bf55dc212734c469cd90fe8d976fadf,USGS-02085000,00060,00003,2013-01-10,10.9,ft^3/s,Approved,,2025-03-11 13:33:20.467623+00:00
-79.0955555555555,36.0711111111111,2bf55dc212734c469cd90fe8d976fadf,USGS-02085000,00060,00003,2013-01-09,11.8,ft^3/s,Approved,,2025-03-11 13:33:20.467623+00:00
-79.0955555555555,36.0711111111111,2bf55dc212734c469cd90fe8d976fadf,USGS-02085000,00060,00003,2013-01-08,12.5,ft^3/s,Approved,,2025-03-11 13:33:20.467623+00:00
-79.0955555555555,36.0711111111111,2bf55dc212734c469cd90fe8d976fadf,USGS-02085000,00060,00003,2013-01-07,14.0,ft^3/s,Approved,,2025-03-11 13:33:20.467623+00:00
-79.0955555555555,36.0711111111111,2bf55dc212734c469cd90fe8d976fadf,USGS-02085000,00060,00003,2013-01-06,16.0,ft^3/s,Approved,,2025-03-11 13:33:20.467623+00:00
-79.0955555555555,36.0711111111111,2bf55dc212734c469cd90fe8d976fadf,USGS-02085000,00060,00003,2013-01-05,18.0,ft^3/s,Approved,,2025-03-11 13:33:20.467623+00:00
-79.0955555555555,36.0711111111111,2bf55dc212734c469cd90fe8d976fadf,USGS-02085000,00060,00003,2013-01-04,22.5,ft^3/s,Approved,,2025-03-11 13:33:20.467623+00:00
-79.0955555555555,36.0711111111111,2bf55dc212734c469cd90fe8d976fadf,USGS-02085000,00060,00003,2013-01-03,32.5,ft^3/s,Approved,,2025-03-11 13:33:20.467623+00:00
-79.0955555555555,36.0711111111111,2bf55dc212734c469cd90fe8d976fadf,USGS-02085000,00060,00003,2013-01-02,33.8,ft^3/s,Approved,,2025-03-11 13:33:20.467623+00:00
-79.0955555555555,36.0711111111111,2bf55dc212734c469cd90fe8d976fadf,USGS-02085000,00060,00003,2013-01-01,18.4,ft^3/s,Approved,,2025-03-11 13:33:20.467623+00:00
-79.0955555555555,36.0711111111111,2bf55dc212734c469cd90fe8d976fadf,USGS-02085000,00060,00003,2012-12-31,21.2,ft^3/s,Approved,,2025-03-11 13:33:20.467623+00:00
-79.0955555555555,36.0711111111111,2bf55dc212734c469cd90fe8d976fadf,USGS-02085000,00060,00003,2012-12-30,30.9,ft^3/s,Approved,,2025-03-11 13:33:20.467623+00:00
-79.0955555555555,36.0711111111111,2bf55dc212734c469cd90fe8d976fadf,USGS-02085000,00060,00003,2012-12-29,35.6,ft^3/s,Approved,,2025-03-11 13:33:20.467623+00:00
-79.0955555555555,36.0711111111111,2bf55dc212734c469cd90fe8d976fadf,USGS-02085000,00060,00003,2012-12-28,37.5,ft^3/s,Approved,,2025-03-11 13:33:20.467623+00:00
-79.0955555555555,36.0711111111111,2bf55dc212734c469cd90fe8d976fadf,USGS-02085000,00060,00003,2012-12-27,91.7,ft^3/s,Approved,,2025-03-11 13:33:20.467623+00:00
-79.0955555555555,36.0711111111111,2bf55dc212734c469cd90fe8d976fadf,USGS-02085000,00060,00003,2012-12-26,156,ft^3/s,Approved,,2025-03-11 13:33:20.467623+00:00
-79.0955555555555,36.0711111111111,2bf55dc212734c469cd90fe8d976fadf,USGS-02085000,00060,00003,2012-12-25,8.86,ft^3/s,Approved,,2025-03-11 13:33:20.467623+00:00
-79.0955555555555,36.0711111111111,2bf55dc212734c469cd90fe8d976fadf,USGS-02085000,00060,00003,2012-12-24,9.72,ft^3/s,Approved,,2025-03-11 13:33:20.467623+00:00
-79.0955555555555,36.0711111111111,2bf55dc212734c469cd90fe8d976fadf,USGS-02085000,00060,00003,2012-12-23,12.2,ft^3/s,Approved,,2025-03-11 13:33:20.467623+00:00
-79.0955555555555,36.0711111111111,2bf55dc212734c469cd90fe8d976fadf,USGS-02085000,00060,00003,2012-12-22,18.2,ft^3/s,Approved,,2025-03-11 13:33:20.467623+00:00
-79.0955555555555,36.0711111111111,2bf55dc212734c469cd90fe8d976fadf,USGS-02085000,00060,00003,2012-12-21,29.6,ft^3/s,Approved,,2025-03-11 13:33:20.467623+00:00
-79.0955555555555,36.0711111111111,2bf55dc212734c469cd90fe8d976fadf,USGS-02085000,00060,00003,2012-12-20,10.9,ft^3/s,Approved,,2025-03-11 13:33:20.467623+00:00
-79.0955555555555,36.0711111111111,2bf55dc212734c469cd90fe8d976fadf,USGS-02085000,00060,00003,2012-12-19,9.80,ft^3/s,Approved,,2025-03-11 13:33:20.467623+00:00
-79.0955555555555,36.0711111111111,2bf55dc212734c469cd90fe8d976fadf,USGS-02085000,00060,00003,2012-12-18,14.1,ft^3/s,Approved,,2025-03-11 13:33:20.467623+00:00
-79.0955555555555,36.0711111111111,2bf55dc212734c469cd90fe8d976fadf,USGS-02085000,00060,00003,2012-12-17,12.0,ft^3/s,Approved,,2025-03-11 13:33:20.467623+00:00
-79.0955555555555,36.0711111111111,2bf55dc212734c469cd90fe8d976fadf,USGS-02085000,00060,00003,2012-12-16,6.58,ft^3/s,Approved,,2025-03-11 13:33:20.467623+00:00
-79.0955555555555,36.0711111111111,2bf55dc212734c469cd90fe8d976fadf,USGS-02085000,00060,00003,2012-12-15,6.31,ft^3/s,Approved,,2025-03-11 13:33:20.467623+00:00
-79.0955555555555,36.0711111111111,2bf55dc212734c469cd90fe8d976fadf,USGS-02085000,00060,00003,2012-12-14,7.13,ft^3/s,Approved,,2025-03-11 13:33:20.467623+00:00
-79.0955555555555,36.0711111111111,2bf55dc212734c469cd90fe8d976fadf,USGS-02085000,00060,00003,2012-12-13,7.14,ft^3/s,Approved,,2025-03-11 13:33:20.467623+00:00
-79.0955555555555,36.0711111111111,2bf55dc212734c469cd90fe8d976fadf,USGS-02085000,00060,00003,2012-12-12,6.49,ft^3/s,Approved,,2025-03-11 13:33:20.467623+00:00
-79.0955555555555,36.0711111111111,2bf55dc212734c469cd90fe8d976fadf,USGS-02085000,00060,00003,2012-12-11,7.54,ft^3/s,Approved,,2025-03-11 13:33:20.467623+00:00
-79.0955555555555,36.0711111111111,2bf55dc212734c469cd90fe8d976fadf,USGS-02085000,00060,00003,2012-12-10,9.26,ft^3/s,Approved,,2025-03-11 13:33:20.467623+00:00
-79.0955555555555,36.0711111111111,2bf55dc212734c469cd90fe8d976fadf,USGS-02085000,00060,00003,2012-12-09,12.5,ft^3/s,Approved,,2025-03-11 13:33:20.467623+00:00
-79.0955555555555,36.0711111111111,2bf55dc212734c469cd90fe8d976fadf,USGS-02085000,00060,00003,2012-12-08,20.0,ft^3/s,Approved,,2025-03-11 13:33:20.467623+00:00
-79.0955555555555,36.0711111111111,2bf55dc212734c469cd90fe8d976fadf,USGS-02085000,00060,00003,2012-12-07,7.08,ft^3/s,Approved,,2025-03-11 13:33:20.467623+00:00
-79.0955555555555,36.0711111111111,2bf55dc212734c469cd90fe8d976fadf,USGS-02085000,00060,00003,2012-12-06,4.14,ft^3/s,Approved,,2025-03-11 13:33:20.467623+00:00
-79.0955555555555,36.0711111111111,2bf55dc212734c469cd90fe8d976fadf,USGS-02085000,00060,00003,2012-12-05,4.74,ft^3/s,Approved,,2025-03-11 13:33:20.467623+00:00
-79.0955555555555,36.0711111111111,2bf55dc212734c469cd90fe8d976fadf,USGS-02085000,00060,00003,2012-12-04,2.90,ft^3/s,Approved,,2025-03-11 13:33:20.467623+00:00
-79.0955555555555,36.0711111111111,2bf55dc212734c469cd90fe8d976fadf,USGS-02085000,00060,00003,2012-12-03,3.36,ft^3/s,Approved,,2025-03-11 13:33:20.467623+00:00
-79.0955555555555,36.0711111111111,2bf55dc212734c469cd90fe8d976fadf,USGS-02085000,00060,00003,2012-12-02,3.51,ft^3/s,Approved,,2025-03-11 13:33:20.467623+00:00
-79.0955555555555,36.0711111111111,2bf55dc212734c469cd90fe8d976fadf,USGS-02085000,00060,00003,2012-12-01,3.48,ft^3/s,Approved,,2025-03-11 13:33:20.467623+00:00
-79.0955555555555,36.0711111111111,2bf55dc212734c469cd90fe8d976fadf,USGS-02085000,00060,00003,2012-11-30,3.25,ft^3/s,Approved,,2025-03-11 13:33:20.467623+00:00
-79.0955555555555,36.0711111111111,2bf55dc212734c469cd90fe8d976fadf,USGS-02085000,00060,00003,2012-11-29,3.38,ft^3/s,Approved,,2025-03-11 13:33:20.467623+00:00
-79.0955555555555,36.0711111111111,2bf55dc212734c469cd90fe8d976fadf,USGS-02085000,00060,00003,2012-11-28,3.23,ft^3/s,Approved,,2025-03-11 13:33:20.467623+00:00
-79.0955555555555,36.0711111111111,2bf55dc212734c469cd90fe8d976fadf,USGS-02085000,00060,00003,2012-11-27,3.38,ft^3/s,Approved,,2025-03-11 13:33:20.467623+00:00
-79.0955555555555,36.0711111111111,2bf55dc212734c469cd90fe8d976fadf,USGS-02085000,00060,00003,2012-11-26,3.70,ft^3/s,Approved,,2025-03-11 13:33:20.467623+00:00
-79.0955555555555,36.0711111111111,2bf55dc212734c469cd90fe8d976fadf,USGS-02085000,00060,00003,2012-11-25,3.99,ft^3/s,Approved,,2025-03-11 13:33:20.467623+00:00
-79.0955555555555,36.0711111111111,2bf55dc212734c469cd90fe8d976fadf,USGS-02085000,00060,00003,2012-11-24,3.93,ft^3/s,Approved,,2025-03-11 13:33:20.467623+00:00
-79.0955555555555,36.0711111111111,2bf55dc212734c469cd90fe8d976fadf,USGS-02085000,00060,00003,2012-11-23,4.18,ft^3/s,Approved,,2025-03-11 13:33:20.467623+00:00
-79.0955555555555,36.0711111111111,2bf55dc212734c469cd90fe8d976fadf,USGS-02085000,00060,00003,2012-11-22,3.74,ft^3/s,Approved,,2025-03-11 13:33:20.467623+00:00
-79.0955555555555,36.0711111111111,2bf55dc212734c469cd90fe8d976fadf,USGS-02085000,00060,00003,2012-11-21,3.96,ft^3/s,Approved,,2025-03-11 13:33:20.467623+00:00
-79.0955555555555,36.0711111111111,2bf55dc212734c469cd90fe8d976fadf,USGS-02085000,00060,00003,2012-11-20,4.10,ft^3/s,Approved,,2025-03-11 13:33:20.467623+00:00
-79.0955555555555,36.0711111111111,2bf55dc212734c469cd90fe8d976fadf,USGS-02085000,00060,00003,2012-11-19,3.84,ft^3/s,Approved,,2025-03-11 13:33:20.467623+00:00
-79.0955555555555,36.0711111111111,2bf55dc212734c469cd90fe8d976fadf,USGS-02085000,00060,00003,2012-11-18,4.51,ft^3/s,Approved,,2025-03-11 13:33:20.467623+00:00
-79.0955555555555,36.0711111111111,2bf55dc212734c469cd90fe8d976fadf,USGS-02085000,00060,00003,2012-11-17,5.08,ft^3/s,Approved,,2025-03-11 13:33:20.467623+00:00
-79.0955555555555,36.0711111111111,2bf55dc212734c469cd90fe8d976fadf,USGS-02085000,00060,00003,2012-11-16,4.54,ft^3/s,Approved,,2025-03-11 13:33:20.467623+00:00
-79.0955555555555,36.0711111111111,2bf55dc212734c469cd90fe8d976fadf,USGS-02085000,00060,00003,2012-11-15,3.60,ft^3/s,Approved,,2025-03-11 13:33:20.467623+00:00
-79.0955555555555,36.0711111111111,2bf55dc212734c469cd90fe8d976fadf,USGS-02085000,00060,00003,2012-11-14,3.80,ft^3/s,Approved,,2025-03-11 13:33:20.467623+00:00
-79.0955555555555,36.0711111111111,2bf55dc212734c469cd90fe8d976fadf,USGS-02085000,00060,00003,2012-11-13,3.70,ft^3/s,Approved,,2025-03-11 13:33:20.467623+00:00
-79.0955555555555,36.0711111111111,2bf55dc212734c469cd90fe8d976fadf,USGS-02085000,00060,00003,2012-11-12,3.57,ft^3/s,Approved,,2025-03-11 13:33:20.467623+00:00
-79.0955555555555,36.0711111111111,2bf55dc212734c469cd90fe8d976fadf,USGS-02085000,00060,00003,2012-11-11,3.49,ft^3/s,Approved,,2025-03-11 13:33:20.467623+00:00
-79.0955555555555,36.0711111111111,2bf55dc212734c469cd90fe8d976fadf,USGS-02085000,00060,00003,2012-11-10,3.64,ft^3/s,Approved,,2025-03-11 13:33:20.467623+00:00
-79.0955555555555,36.0711111111111,2bf55dc212734c469cd90fe8d976fadf,USGS-02085000,00060,00003,2012-11-09,3.78,ft^3/s,Approved,,2025-03-11 13:33:20.467623+00:00
-79.0955555555555,36.0711111111111,2bf55dc212734c469cd90fe8d976fadf,USGS-02085000,00060,00003,2012-11-08,3.67,ft^3/s,Approved,,2025-03-11 13:33:20.467623+00:00
-79.0955555555555,36.0711111111111,2bf55dc212734c469cd90fe8d976fadf,USGS-02085000,00060,00003,2012-11-07,3.44,ft^3/s,Approved,,2025-03-11 13:33:20.467623+00:00
-79.0955555555555,36.0711111111111,2bf55dc212734c469cd90fe8d976fadf,USGS-02085000,00060,00003,2012-11-06,3.17,ft^3/s,Approved,,2025-03-11 13:33:20.467623+00:00
-79.0955555555555,36.0711111111111,2bf55dc212734c469cd90fe8d976fadf,USGS-02085000,00060,00003,2012-11-05,3.38,ft^3/s,Approved,,2025-03-11 13:33:20.467623+00:00
-79.0955555555555,36.0711111111111,2bf55dc212734c469cd90fe8d976fadf,USGS-02085000,00060,00003,2012-11-04,3.61,ft^3/s,Approved,,2025-03-11 13:33:20.467623+00:00
-79.0955555555555,36.0711111111111,2bf55dc212734c469cd90fe8d976fadf,USGS-02085000,00060,00003,2012-11-03,4.10,ft^3/s,Approved,,2025-03-11 13:33:20.467623+00:00
-79.0955555555555,36.0711111111111,2bf55dc212734c469cd90fe8d976fadf,USGS-02085000,00060,00003,2012-11-02,3.57,ft^3/s,Approved,,2025-03-11 13:33:20.467623+00:00
-79.0955555555555,36.0711111111111,2bf55dc212734c469cd90fe8d976fadf,USGS-02085000,00060,00003,2012-11-01,4.13,ft^3/s,Approved,,2025-03-11 13:33:20.467623+00:00
-79.0955555555555,36.0711111111111,2bf55dc212734c469cd90fe8d976fadf,USGS-02085000,00060,00003,2012-10-31,4.33,ft^3/s,Approved,,2025-03-11 13:33:20.467623+00:00
-79.0955555555555,36.0711111111111,2bf55dc212734c469cd90fe8d976fadf,USGS-02085000,00060,00003,2012-10-30,4.98,ft^3/s,Approved,,2025-03-11 13:33:20.467623+00:00
-79.0955555555555,36.0711111111111,2bf55dc212734c469cd90fe8d976fadf,USGS-02085000,00060,00003,2012-10-29,3.88,ft^3/s,Approved,,2025-03-11 13:33:20.467623+00:00
-79.0955555555555,36.0711111111111,2bf55dc212734c469cd90fe8d976fadf,USGS-02085000,00060,00003,2012-10-28,3.14,ft^3/s,Approved,,2025-03-11 13:33:20.467623+00:00
-79.0955555555555,36.0711111111111,2bf55dc212734c469cd90fe8d976fadf,USGS-02085000,00060,00003,2012-10-27,3.47,ft^3/s,Approved,,2025-03-11 13:33:20.467623+00:00
-79.0955555555555,36.0711111111111,2bf55dc212734c469cd90fe8d976fadf,USGS-02085000,00060,00003,2012-10-26,3.11,ft^3/s,Approved,,2025-03-11 13:33:20.467623+00:00
-79.0955555555555,36.0711111111111,2bf55dc212734c469cd90fe8d976fadf,USGS-02085000,00060,00003,2012-10-25,4.33,ft^3/s,Approved,,2025-03-11 13:33:20.467623+00:00
-79.0955555555555,36.0711111111111,2bf55dc212734c469cd90fe8d976fadf,USGS-02085000,00060,00003,2012-10-24,3.62,ft^3/s,Approved,,2025-03-11 13:33:20.467623+00:00
-79.0955555555555,36.0711111111111,2bf55dc212734c469cd90fe8d976fadf,USGS-02085000,00060,00003,2012-10-23,3.70,ft^3/s,Approved,,2025-03-11 13:33:20.467623+00:00
-79.0955555555555,36.0711111111111,2bf55dc212734c469cd90fe8d976fadf,USGS-02085000,00060,00003,2012-10-22,4.54,ft^3/s,Approved,,2025-03-11 13:33:20.467623+00:00
-79.0955555555555,36.0711111111111,2bf55dc212734c469cd90fe8d976fadf,USGS-02085000,00060,00003,2012-10-21,6.54,ft^3/s,Approved,,2025-03-11 13:33:20.467623+00:00
-79.0955555555555,36.0711111111111,2bf55dc212734c469cd90fe8d976fadf,USGS-02085000,00060,00003,2012-10-20,8.76,ft^3/s,Approved,,2025-03-11 13:33:20.467623+00:00
-79.0955555555555,36.0711111111111,2bf55dc212734c469cd90fe8d976fadf,USGS-02085000,00060,00003,2012-10-19,12.0,ft^3/s,Approved,,2025-03-11 13:33:20.467623+00:00
-79.0955555555555,36.0711111111111,2bf55dc212734c469cd90fe8d976fadf,USGS-02085000,00060,00003,2012-10-18,4.76,ft^3/s,Approved,,2025-03-11 13:33:20.467623+00:00
-79.0955555555555,36.0711111111111,2bf55dc212734c469cd90fe8d976fadf,USGS-02085000,00060,00003,2012-10-17,5.74,ft^3/s,Approved,,2025-03-11 13:33:20.467623+00:00
-79.0955555555555,36.0711111111111,2bf55dc212734c469cd90fe8d976fadf,USGS-02085000,00060,00003,2012-10-16,6.78,ft^3/s,Approved,,2025-03-11 13:33:20.467623+00:00
-79.0955555555555,36.0711111111111,2bf55dc212734c469cd90fe8d976fadf,USGS-02085000,00060,00003,2012-10-15,6.37,ft^3/s,Approved,,2025-03-11 13:33:20.467623+00:00
-79.0955555555555,36.0711111111111,2bf55dc212734c469cd90fe8d976fadf,USGS-02085000,00060,00003,2012-10-14,5.39,ft^3/s,Approved,,2025-03-11 13:33:20.467623+00:00
-79.0955555555555,36.0711111111111,2bf55dc212734c469cd90fe8d976fadf,USGS-02085000,00060,00003,2012-10-13,6.11,ft^3/s,Approved,,2025-03-11 13:33:20.467623+00:00
-79.0955555555555,36.0711111111111,2bf55dc212734c469cd90fe8d976fadf,USGS-02085000,00060,00003,2012-10-12,7.42,ft^3/s,Approved,,2025-03-11 13:33:20.467623+00:00
-79.0955555555555,36.0711111111111,2bf55dc212734c469cd90fe8d976fadf,USGS-02085000,00060,00003,2012-10-11,9.96,ft^3/s,Approved,,2025-03-11 13:33:20.467623+00:00
-79.0955555555555,36.0711111111111,2bf55dc212734c469cd90fe8d976fadf,USGS-02085000,00060,00003,2012-10-10,15.1,ft^3/s,Approved,,2025-03-11 13:33:20.467623+00:00
-79.0955555555555,36.0711111111111,2bf55dc212734c469cd90fe8d976fadf,USGS-02085000,00060,00003,2012-10-09,25.1,ft^3/s,Approved,,2025-03-11 13:33:20.467623+00:00
-79.0955555555555,36.0711111111111,2bf55dc212734c469cd90fe8d976fadf,USGS-02085000,00060,00003,2012-10-08,33.1,ft^3/s,Approved,,2025-03-11 13:33:20.467623+00:00
-79.0955555555555,36.0711111111111,2bf55dc212734c469cd90fe8d976fadf,USGS-02085000,00060,00003,2012-10-07,45.1,ft^3/s,Approved,,2025-03-11 13:33:20.467623+00:00
-79.0955555555555,36.0711111111111,2bf55dc212734c469cd90fe8d976fadf,USGS-02085000,00060,00003,2012-10-06,5.74,ft^3/s,Approved,,2025-03-11 13:33:20.467623+00:00
-79.0955555555555,36.0711111111111,2bf55dc212734c469cd90fe8d976fadf,USGS-02085000,00060,00003,2012-10-05,5.96,ft^3/s,Approved,,2025-03-11 13:33:20.467623+00:00
-79.0955555555555,36.0711111111111,2bf55dc212734c469cd90fe8d976fadf,USGS-02085000,00060,00003,2012-10-04,7.23,ft^3/s,Approved,,2025-03-11 13:33:20.467623+00:00
-79.0955555555555,36.0711111111111,2bf55dc212734c469cd90fe8d976fadf,USGS-02085000,00060,00003,2012-10-03,8.86,ft^3/s,Approved,,2025-03-11 13:33:20.467623+00:00
-79.0955555555555,36.0711111111111,2bf55dc212734c469cd90fe8d976fadf,USGS-02085000,00060,00003,2012-10-02,12.7,ft^3/s,Approved,,2025-03-11 13:33:20.467623+00:00
-79.0955555555555,36.0711111111111,2bf55dc212734c469cd90fe8d976fadf,USGS-02085000,00060,00003,2012-10-01,12.2,ft^3/s,Approved,,2025-03-11 13:33:20.467623+00:00
-79.0955555555555,36.0711111111111,2bf55dc212734c469cd90fe8d976fadf,USGS-02085000,00060,00003,2012-09-30,24.1,ft^3/s,Approved,,2025-03-11 13:33:20.467623+00:00
-79.0955555555555,36.0711111111111,2bf55dc212734c469cd90fe8d976fadf,USGS-02085000,00060,00003,2012-09-29,35.7,ft^3/s,Approved,,2025-03-11 13:33:20.467623+00:00
-79.0955555555555,36.0711111111111,2bf55dc212734c469cd90fe8d976fadf,USGS-02085000,00060,00003,2012-09-28,4.73,ft^3/s,Approved,,2025-03-11 13:33:20.467623+00:00
-79.0955555555555,36.0711111111111,2bf55dc212734c469cd90fe8d976fadf,USGS-02085000,00060,00003,2012-09-27,5.82,ft^3/s,Approved,,2025-03-11 13:33:20.467623+00:00
-79.0955555555555,36.0711111111111,2bf55dc212734c469cd90fe8d976fadf,USGS-02085000,00060,00003,2012-09-26,5.92,ft^3/s,Approved,,2025-03-11 13:33:20.467623+00:00
-79.0955555555555,36.0711111111111,2bf55dc212734c469cd90fe8d976fadf,USGS-02085000,00060,00003,2012-09-25,5.00,ft^3/s,Approved,,2025-03-11 13:33:20.467623+00:00
-79.0955555555555,36.0711111111111,2bf55dc212734c469cd90fe8d976fadf,USGS-02085000,00060,00003,2012-09-24,5.60,ft^3/s,Approved,,2025-03-11 13:33:20.467623+00:00
-79.0955555555555,36.0711111111111,2bf55dc212734c469cd90fe8d976fadf,USGS-02085000,00060,00003,2012-09-23,8.63,ft^3/s,Approved,,2025-03-11 13:33:20.467623+00:00
-79.0955555555555,36.0711111111111,2bf55dc212734c469cd90fe8d976fadf,USGS-02085000,00060,00003,2012-09-22,12.7,ft^3/s,Approved,,2025-03-11 13:33:20.467623+00:00
-79.0955555555555,36.0711111111111,2bf55dc212734c469cd90fe8d976fadf,USGS-02085000,00060,00003,2012-09-21,20.9,ft^3/s,Approved,,2025-03-11 13:33:20.467623+00:00
-79.0955555555555,36.0711111111111,2bf55dc212734c469cd90fe8d976fadf,USGS-02085000,00060,00003,2012-09-20,44.7,ft^3/s,Approved,,2025-03-11 13:33:20.467623+00:00
-79.0955555555555,36.0711111111111,2bf55dc212734c469cd90fe8d976fadf,USGS-02085000,00060,00003,2012-09-19,217,ft^3/s,Approved,,2025-03-11 13:33:20.467623+00:00
-79.0955555555555,36.0711111111111,2bf55dc212734c469cd90fe8d976fadf,USGS-02085000,00060,00003,2012-09-18,476,ft^3/s,Approved,,2025-03-11 13:33:20.467623+00:00
-79.0955555555555,36.0711111111111,2bf55dc212734c469cd90fe8d976fadf,USGS-02085000,00060,00003,2012-09-17,8.86,ft^3/s,Approved,,2025-03-11 13:33:20.467623+00:00
-79.0955555555555,36.0711111111111,2bf55dc212734c469cd90fe8d976fadf,USGS-02085000,00060,00003,2012-09-16,8.42,ft^3/s,Approved,,2025-03-11 13:33:20.467623+00:00
-79.0955555555555,36.0711111111111,2bf55dc212734c469cd90fe8d976fadf,USGS-02085000,00060,00003,2012-09-15,4.30,ft^3/s,Approved,,2025-03-11 13:33:20.467623+00:00
-79.0955555555555,36.0711111111111,2bf55dc212734c469cd90fe8d976fadf,USGS-02085000,00060,00003,2012-09-14,4.80,ft^3/s,Approved,,2025-03-11 13:33:20.467623+00:00
-79.0955555555555,36.0711111111111,2bf55dc212734c469cd90fe8d976fadf,USGS-02085000,00060,00003,2012-09-13,5.45,ft^3/s,Approved,,2025-03-11 13:33:20.467623+00:00
-79.0955555555555,36.0711111111111,2bf55dc212734c469cd90fe8d976fadf,USGS-02085000,00060,00003,2012-09-12,7.06,ft^3/s,Approved,,2025-03-11 13:33:20.467623+00:00
-79.0955555555555,36.0711111111111,2bf55dc212734c469cd90fe8d976fadf,USGS-02085000,00060,00003,2012-09-11,8.73,ft^3/s,Approved,,2025-03-11 13:33:20.467623+00:00
-79.0955555555555,36.0711111111111,2bf55dc212734c469cd90fe8d976fadf,USGS-02085000,00060,00003,2012-09-10,17.0,ft^3/s,Approved,,2025-03-11 13:33:20.467623+00:00
-79.0955555555555,36.0711111111111,2bf55dc212734c469cd90fe8d976fadf,USGS-02085000,00060,00003,2012-09-09,73.2,ft^3/s,Approved,,2025-03-11 13:33:20.467623+00:00
-79.0955555555555,36.0711111111111,2bf55dc212734c469cd90fe8d976fadf,USGS-02085000,00060,00003,2012-09-08,32.6,ft^3/s,Approved,,2025-03-11 13:33:20.467623+00:00
-79.0955555555555,36.0711111111111,2bf55dc212734c469cd90fe8d976fadf,USGS-02085000,00060,00003,2012-09-07,54.7,ft^3/s,Approved,,2025-03-11 13:33:20.467623+00:00
-79.0955555555555,36.0711111111111,2bf55dc212734c469cd90fe8d976fadf,USGS-02085000,00060,00003,2012-09-06,42.4,ft^3/s,Approved,,2025-03-11 13:33:20.467623+00:00
-79.0955555555555,36.0711111111111,2bf55dc212734c469cd90fe8d976fadf,USGS-02085000,00060,00003,2012-09-05,13.5,ft^3/s,Approved,,2025-03-11 13:33:20.467623+00:00
-79.0955555555555,36.0711111111111,2bf55dc212734c469cd90fe8d976fadf,USGS-02085000,00060,00003,2012-09-04,65.7,ft^3/s,Approved,,2025-03-11 13:33:20.467623+00:00
-79.0955555555555,36.0711111111111,2bf55dc212734c469cd90fe8d976fadf,USGS-02085000,00060,00003,2012-09-03,56.8,ft^3/s,Approved,,2025-03-11 13:33:20.467623+00:00
-79.0955555555555,36.0711111111111,2bf55dc212734c469cd90fe8d976fadf,USGS-02085000,00060,00003,2012-09-02,3.67,ft^3/s,Approved,,2025-03-11 13:33:20.467623+00:00
-79.0955555555555,36.0711111111111,2bf55dc212734c469cd90fe8d976fadf,USGS-02085000,00060,00003,2012-09-01,3.04,ft^3/s,Approved,,2025-03-11 13:33:20.467623+00:00
-79.0955555555555,36.0711111111111,2bf55dc212734c469cd90fe8d976fadf,USGS-02085000,00060,00003,2012-08-31,2.43,ft^3/s,Approved,,2025-03-11 13:33:20.467623+00:00
-79.0955555555555,36.0711111111111,2bf55dc212734c469cd90fe8d976fadf,USGS-02085000,00060,00003,2012-08-30,1.91,ft^3/s,Approved,,2025-03-11 13:33:20.467623+00:00
-79.0955555555555,36.0711111111111,2bf55dc212734c469cd90fe8d976fadf,USGS-02085000,00060,00003,2012-08-29,1.75,ft^3/s,Approved,,2025-03-11 13:33:20.467623+00:00
-79.0955555555555,36.0711111111111,2bf55dc212734c469cd90fe8d976fadf,USGS-02085000,00060,00003,2012-08-28,1.29,ft^3/s,Approved,,2025-03-11 13:33:20.467623+00:00
-79.0955555555555,36.0711111111111,2bf55dc212734c469cd90fe8d976fadf,USGS-02085000,00060,00003,2012-08-27,2.40,ft^3/s,Approved,,2025-03-11 13:33:20.467623+00:00
-79.0955555555555,36.0711111111111,2bf55dc212734c469cd90fe8d976fadf,USGS-02085000,00060,00003,2012-08-26,2.77,ft^3/s,Approved,,2025-03-11 13:33:20.467623+00:00
-79.0955555555555,36.0711111111111,2bf55dc212734c469cd90fe8d976fadf,USGS-02085000,00060,00003,2012-08-25,2.97,ft^3/s,Approved,,2025-03-11 13:33:20.467623+00:00
-79.0955555555555,36.0711111111111,2bf55dc212734c469cd90fe8d976fadf,USGS-02085000,00060,00003,2012-08-24,3.30,ft^3/s,Approved,,2025-03-11 13:33:20.467623+00:00
-79.0955555555555,36.0711111111111,2bf55dc212734c469cd90fe8d976fadf,USGS-02085000,00060,00003,2012-08-23,3.73,ft^3/s,Approved,,2025-03-11 13:33:20.467623+00:00
-79.0955555555555,36.0711111111111,2bf55dc212734c469cd90fe8d976fadf,USGS-02085000,00060,00003,2012-08-22,4.28,ft^3/s,Approved,,2025-03-11 13:33:20.467623+00:00
-79.0955555555555,36.0711111111111,2bf55dc212734c469cd90fe8d976fadf,USGS-02085000,00060,00003,2012-08-21,6.23,ft^3/s,Approved,,2025-03-11 13:33:20.467623+00:00
-79.0955555555555,36.0711111111111,2bf55dc212734c469cd90fe8d976fadf,USGS-02085000,00060,00003,2012-08-20,11.1,ft^3/s,Approved,,2025-03-11 13:33:20.467623+00:00
-79.0955555555555,36.0711111111111,2bf55dc212734c469cd90fe8d976fadf,USGS-02085000,00060,00003,2012-08-19,27.2,ft^3/s,Approved,,2025-03-11 13:33:20.467623+00:00
-79.0955555555555,36.0711111111111,2bf55dc212734c469cd90fe8d976fadf,USGS-02085000,00060,00003,2012-08-18,2.22,ft^3/s,Approved,,2025-03-11 13:33:20.467623+00:00
-79.0955555555555,36.0711111111111,2bf55dc212734c469cd90fe8d976fadf,USGS-02085000,00060,00003,2012-08-17,2.15,ft^3/s,Approved,,2025-03-11 13:33:20.467623+00:00
-79.0955555555555,36.0711111111111,2bf55dc212734c469cd90fe8d976fadf,USGS-02085000,00060,00003,2012-08-16,2.20,ft^3/s,Approved,,2025-03-11 13:33:20.467623+00:00
-79.0955555555555,36.0711111111111,2bf55dc212734c469cd90fe8d976fadf,USGS-02085000,00060,00003,2012-08-15,2.72,ft^3/s,Approved,,2025-03-11 13:33:20.467623+00:00
-79.0955555555555,36.0711111111111,2bf55dc212734c469cd90fe8d976fadf,USGS-02085000,00060,00003,2012-08-14,4.31,ft^3/s,Approved,,2025-03-11 13:33:20.467623+00:00
-79.0955555555555,36.0711111111111,2bf55dc212734c469cd90fe8d976fadf,USGS-02085000,00060,00003,2012-08-13,7.40,ft^3/s,Approved,,2025-03-11 13:33:20.467623+00:00
-79.0955555555555,36.0711111111111,2bf55dc212734c469cd90fe8d976fadf,USGS-02085000,00060,00003,2012-08-12,21.5,ft^3/s,Approved,,2025-03-11 13:33:20.467623+00:00
-79.0955555555555,36.0711111111111,2bf55dc212734c469cd90fe8d976fadf,USGS-02085000,00060,00003,2012-08-11,71.0,ft^3/s,Approved,,2025-03-11 13:33:20.467623+00:00
-79.0955555555555,36.0711111111111,2bf55dc212734c469cd90fe8d976fadf,USGS-02085000,00060,00003,2012-08-10,7.27,ft^3/s,Approved,,2025-03-11 13:33:20.467623+00:00
-79.0955555555555,36.0711111111111,2bf55dc212734c469cd90fe8d976fadf,USGS-02085000,00060,00003,2012-08-09,1.55,ft^3/s,Approved,,2025-03-11 13:33:20.467623+00:00
-79.0955555555555,36.0711111111111,2bf55dc212734c469cd90fe8d976fadf,USGS-02085000,00060,00003,2012-08-08,3.81,ft^3/s,Approved,,2025-03-11 13:33:20.467623+00:00
-79.0955555555555,36.0711111111111,2bf55dc212734c469cd90fe8d976fadf,USGS-02085000,00060,00003,2012-08-07,4.35,ft^3/s,Approved,,2025-03-11 13:33:20.467623+00:00
-79.0955555555555,36.0711111111111,2bf55dc212734c469cd90fe8d976fadf,USGS-02085000,00060,00003,2012-08-06,2.37,ft^3/s,Approved,,2025-03-11 13:33:20.467623+00:00
-79.0955555555555,36.0711111111111,2bf55dc212734c469cd90fe8d976fadf,USGS-02085000,00060,00003,2012-08-05,2.77,ft^3/s,Approved,,2025-03-11 13:33:20.467623+00:00
-79.0955555555555,36.0711111111111,2bf55dc212734c469cd90fe8d976fadf,USGS-02085000,00060,00003,2012-08-04,2.62,ft^3/s,Approved,,2025-03-11 13:33:20.467623+00:00
-79.0955555555555,36.0711111111111,2bf55dc212734c469cd90fe8d976fadf,USGS-02085000,00060,00003,2012-08-03,2.78,ft^3/s,Approved,,2025-03-11 13:33:20.467623+00:00
-79.0955555555555,36.0711111111111,2bf55dc212734c469cd90fe8d976fadf,USGS-02085000,00060,00003,2012-08-02,2.58,ft^3/s,Approved,,2025-03-11 13:33:20.467623+00:00
-79.0955555555555,36.0711111111111,2bf55dc212734c469cd90fe8d976fadf,USGS-02085000,00060,00003,2012-08-01,4.27,ft^3/s,Approved,,2025-03-11 13:33:20.467623+00:00
-79.0955555555555,36.0711111111111,2bf55dc212734c469cd90fe8d976fadf,USGS-02085000,00060,00003,2012-07-31,7.03,ft^3/s,Approved,,2025-03-11 13:33:20.467623+00:00
-79.0955555555555,36.0711111111111,2bf55dc212734c469cd90fe8d976fadf,USGS-02085000,00060,00003,2012-07-30,9.68,ft^3/s,Approved,,2025-03-11 13:33:20.467623+00:00
-79.0955555555555,36.0711111111111,2bf55dc212734c469cd90fe8d976fadf,USGS-02085000,00060,00003,2012-07-29,42.3,ft^3/s,Approved,,2025-03-11 13:33:20.467623+00:00
-79.0955555555555,36.0711111111111,2bf55dc212734c469cd90fe8d976fadf,USGS-02085000,00060,00003,2012-07-28,6.02,ft^3/s,Approved,,2025-03-11 13:33:20.467623+00:00
-79.0955555555555,36.0711111111111,2bf55dc212734c469cd90fe8d976fadf,USGS-02085000,00060,00003,2012-07-27,1.73,ft^3/s,Approved,,2025-03-11 13:33:20.467623+00:00
-79.0955555555555,36.0711111111111,2bf55dc212734c469cd90fe8d976fadf,USGS-02085000,00060,00003,2012-07-26,2.80,ft^3/s,Approved,,2025-03-11 13:33:20.467623+00:00
-79.0955555555555,36.0711111111111,2bf55dc212734c469cd90fe8d976fadf,USGS-02085000,00060,00003,2012-07-25,5.56,ft^3/s,Approved,,2025-03-11 13:33:20.467623+00:00
-79.0955555555555,36.0711111111111,2bf55dc212734c469cd90fe8d976fadf,USGS-02085000,00060,00003,2012-07-24,21.4,ft^3/s,Approved,,2025-03-11 13:33:20.467623+00:00
-79.0955555555555,36.0711111111111,2bf55dc212734c469cd90fe8d976fadf,USGS-02085000,00060,00003,2012-07-23,10.2,ft^3/s,Approved,,2025-03-11 13:33:20.467623+00:00
-79.0955555555555,36.0711111111111,2bf55dc212734c469cd90fe8d976fadf,USGS-02085000,00060,00003,2012-07-22,11.5,ft^3/s,Approved,,2025-03-11 13:33:20.467623+00:00
-79.0955555555555,36.0711111111111,2bf55dc212734c469cd90fe8d976fadf,USGS-02085000,00060,00003,2012-07-21,2.94,ft^3/s,Approved,,2025-03-11 13:33:20.467623+00:00
-79.0955555555555,36.0711111111111,2bf55dc212734c469cd90fe8d976fadf,USGS-02085000,00060,00003,2012-07-20,1.53,ft^3/s,Approved,,2025-03-11 13:33:20.467623+00:00
-79.0955555555555,36.0711111111111,2bf55dc212734c469cd90fe8d976fadf,USGS-02085000,00060,00003,2012-07-19,2.51,ft^3/s,Approved,,2025-03-11 13:33:20.467623+00:00
-79.0955555555555,36.0711111111111,2bf55dc212734c469cd90fe8d976fadf,USGS-02085000,00060,00003,2012-07-18,3.53,ft^3/s,Approved,,2025-03-11 13:33:20.467623+00:00
-79.0955555555555,36.0711111111111,2bf55dc212734c469cd90fe8d976fadf,USGS-02085000,00060,00003,2012-07-17,4.17,ft^3/s,Approved,,2025-03-11 13:33:20.467623+00:00
-79.0955555555555,36.0711111111111,2bf55dc212734c469cd90fe8d976fadf,USGS-02085000,00060,00003,2012-07-16,3.72,ft^3/s,Approved,,2025-03-11 13:33:20.467623+00:00
-79.0955555555555,36.0711111111111,2bf55dc212734c469cd90fe8d976fadf,USGS-02085000,00060,00003,2012-07-15,4.23,ft^3/s,Approved,,2025-03-11 13:33:20.467623+00:00
-79.0955555555555,36.0711111111111,2bf55dc212734c469cd90fe8d976fadf,USGS-02085000,00060,00003,2012-07-14,5.37,ft^3/s,Approved,,2025-03-11 13:33:20.467623+00:00
-79.0955555555555,36.0711111111111,2bf55dc212734c469cd90fe8d976fadf,USGS-02085000,00060,00003,2012-07-13,10.6,ft^3/s,Approved,,2025-03-11 13:33:20.467623+00:00
-79.0955555555555,36.0711111111111,2bf55dc212734c469cd90fe8d976fadf,USGS-02085000,00060,00003,2012-07-12,32.6,ft^3/s,Approved,,2025-03-11 13:33:20.467623+00:00
-79.0955555555555,36.0711111111111,2bf55dc212734c469cd90fe8d976fadf,USGS-02085000,00060,00003,2012-07-11,72.8,ft^3/s,Approved,,2025-03-11 13:33:20.467623+00:00
-79.0955555555555,36.0711111111111,2bf55dc212734c469cd90fe8d976fadf,USGS-02085000,00060,00003,2012-07-10,7.35,ft^3/s,Approved,,2025-03-11 13:33:20.467623+00:00
-79.0955555555555,36.0711111111111,2bf55dc212734c469cd90fe8d976fadf,USGS-02085000,00060,00003,2012-07-09,4.78,ft^3/s,Approved,,2025-03-11 13:33:20.467623+00:00
-79.0955555555555,36.0711111111111,2bf55dc212734c469cd90fe8d976fadf,USGS-02085000,00060,00003,2012-07-08,3.16,ft^3/s,Approved,,2025-03-11 13:33:20.467623+00:00
-79.0955555555555,36.0711111111111,2bf55dc212734c469cd90fe8d976fadf,USGS-02085000,00060,00003,2012-07-07,7.23,ft^3/s,Approved,,2025-03-11 13:33:20.467623+00:00
-79.0955555555555,36.0711111111111,2bf55dc212734c469cd90fe8d976fadf,USGS-02085000,00060,00003,2012-07-06,7.87,ft^3/s,Approved,,2025-03-11 13:33:20.467623+00:00
-79.0955555555555,36.0711111111111,2bf55dc212734c469cd90fe8d976fadf,USGS-02085000,00060,00003,2012-07-05,2.59,ft^3/s,Approved,,2025-03-11 13:33:20.467623+00:00
-79.0955555555555,36.0711111111111,2bf55dc212734c469cd90fe8d976fadf,USGS-02085000,00060,00003,2012-07-04,1.65,ft^3/s,Approved,,2025-03-11 13:33:20.467623+00:00
-79.0955555555555,36.0711111111111,2bf55dc212734c469cd90fe8d976fadf,USGS-02085000,00060,00003,2012-07-03,1.77,ft^3/s,Approved,,2025-03-11 13:33:20.467623+00:00
-79.0955555555555,36.0711111111111,2bf55dc212734c469cd90fe8d976fadf,USGS-02085000,00060,00003,2012-07-02,2.39,ft^3/s,Approved,,2025-03-11 13:33:20.467623+00:00
-79.0955555555555,36.0711111111111,2bf55dc212734c469cd90fe8d976fadf,USGS-02085000,00060,00003,2012-07-01,2.91,ft^3/s,Approved,,2025-03-11 13:33:20.467623+00:00
-79.0955555555555,36.0711111111111,2bf55dc212734c469cd90fe8d976fadf,USGS-02085000,00060,00003,2012-06-30,2.46,ft^3/s,Approved,,2025-03-11 13:33:20.467623+00:00
-79.0955555555555,36.0711111111111,2bf55dc212734c469cd90fe8d976fadf,USGS-02085000,00060,00003,2012-06-29,2.47,ft^3/s,Approved,,2025-03-11 13:33:20.467623+00:00
-79.0955555555555,36.0711111111111,2bf55dc212734c469cd90fe8d976fadf,USGS-02085000,00060,00003,2012-06-28,1.96,ft^3/s,Approved,,2025-03-11 13:33:20.467623+00:00
-79.0955555555555,36.0711111111111,2bf55dc212734c469cd90fe8d976fadf,USGS-02085000,00060,00003,2012-06-27,2.03,ft^3/s,Approved,,2025-03-11 13:33:20.467623+00:00
-79.0955555555555,36.0711111111111,2bf55dc212734c469cd90fe8d976fadf,USGS-02085000,00060,00003,2012-06-26,2.51,ft^3/s,Approved,,2025-03-11 13:33:20.467623+00:00
-79.0955555555555,36.0711111111111,2bf55dc212734c469cd90fe8d976fadf,USGS-02085000,00060,00003,2012-06-25,3.12,ft^3/s,Approved,,2025-03-11 13:33:20.467623+00:00
-79.0955555555555,36.0711111111111,2bf55dc212734c469cd90fe8d976fadf,USGS-02085000,00060,00003,2012-06-24,3.31,ft^3/s,Approved,,2025-03-11 13:33:20.467623+00:00
-79.0955555555555,36.0711111111111,2bf55dc212734c469cd90fe8d976fadf,USGS-02085000,00060,00003,2012-06-23,3.87,ft^3/s,Approved,,2025-03-11 13:33:20.467623+00:00
-79.0955555555555,36.0711111111111,2bf55dc212734c469cd90fe8d976fadf,USGS-02085000,00060,00003,2012-06-22,5.94,ft^3/s,Approved,,2025-03-11 13:33:20.467623+00:00
-79.0955555555555,36.0711111111111,2bf55dc212734c469cd90fe8d976fadf,USGS-02085000,00060,00003,2012-06-21,2.51,ft^3/s,Approved,,2025-03-11 13:33:20.467623+00:00
-79.0955555555555,36.0711111111111,2bf55dc212734c469cd90fe8d976fadf,USGS-02085000,00060,00003,2012-06-20,2.60,ft^3/s,Approved,,2025-03-11 13:33:20.467623+00:00
-79.0955555555555,36.0711111111111,2bf55dc212734c469cd90fe8d976fadf,USGS-02085000,00060,00003,2012-06-19,2.96,ft^3/s,Approved,,2025-03-11 13:33:20.467623+00:00
-79.0955555555555,36.0711111111111,2bf55dc212734c469cd90fe8d976fadf,USGS-02085000,00060,00003,2012-06-18,2.96,ft^3/s,Approved,,2025-03-11 13:33:20.467623+00:00
-79.0955555555555,36.0711111111111,2bf55dc212734c469cd90fe8d976fadf,USGS-02085000,00060,00003,2012-06-17,3.28,ft^3/s,Approved,,2025-03-11 13:33:20.467623+00:00
-79.0955555555555,36.0711111111111,2bf55dc212734c469cd90fe8d976fadf,USGS-02085000,00060,00003,2012-06-16,3.45,ft^3/s,Approved,,2025-03-11 13:33:20.467623+00:00
-79.0955555555555,36.0711111111111,2bf55dc212734c469cd90fe8d976fadf,USGS-02085000,00060,00003,2012-06-15,3.01,ft^3/s,Approved,,2025-03-11 13:33:20.467623+00:00
-79.0955555555555,36.0711111111111,2bf55dc212734c469cd90fe8d976fadf,USGS-02085000,00060,00003,2012-06-14,3.35,ft^3/s,Approved,,2025-03-11 13:33:20.467623+00:00
-79.0955555555555,36.0711111111111,2bf55dc212734c469cd90fe8d976fadf,USGS-02085000,00060,00003,2012-06-13,4.05,ft^3/s,Approved,,2025-03-11 13:33:20.467623+00:00
-79.0955555555555,36.0711111111111,2bf55dc212734c469cd90fe8d976fadf,USGS-02085000,00060,00003,2012-06-12,4.64,ft^3/s,Approved,,2025-03-11 13:33:20.467623+00:00
-79.0955555555555,36.0711111111111,2bf55dc212734c469cd90fe8d976fadf,USGS-02085000,00060,00003,2012-06-11,3.08,ft^3/s,Approved,,2025-03-11 13:33:20.467623+00:00
-79.0955555555555,36.0711111111111,2bf55dc212734c469cd90fe8d976fadf,USGS-02085000,00060,00003,2012-06-10,3.08,ft^3/s,Approved,,2025-03-11 13:33:20.467623+00:00
-79.0955555555555,36.0711111111111,2bf55dc212734c469cd90fe8d976fadf,USGS-02085000,00060,00003,2012-06-09,3.66,ft^3/s,Approved,,2025-03-11 13:33:20.467623+00:00
-79.0955555555555,36.0711111111111,2bf55dc212734c469cd90fe8d976fadf,USGS-02085000,00060,00003,2012-06-08,5.08,ft^3/s,Approved,,2025-03-11 13:33:20.467623+00:00
-79.0955555555555,36.0711111111111,2bf55dc212734c469cd90fe8d976fadf,USGS-02085000,00060,00003,2012-06-07,6.34,ft^3/s,Approved,,2025-03-11 13:33:20.467623+00:00
-79.0955555555555,36.0711111111111,2bf55dc212734c469cd90fe8d976fadf,USGS-02085000,00060,00003,2012-06-06,7.01,ft^3/s,Approved,,2025-03-11 13:33:20.467623+00:00
-79.0955555555555,36.0711111111111,2bf55dc212734c469cd90fe8d976fadf,USGS-02085000,00060,00003,2012-06-05,6.72,ft^3/s,Approved,,2025-03-11 13:33:20.467623+00:00
-79.0955555555555,36.0711111111111,2bf55dc212734c469cd90fe8d976fadf,USGS-02085000,00060,00003,2012-06-04,9.92,ft^3/s,Approved,,2025-03-11 13:33:20.467623+00:00
-79.0955555555555,36.0711111111111,2bf55dc212734c469cd90fe8d976fadf,USGS-02085000,00060,00003,2012-06-03,16.3,ft^3/s,Approved,,2025-03-11 13:33:20.467623+00:00
-79.0955555555555,36.0711111111111,2bf55dc212734c469cd90fe8d976fadf,USGS-02085000,00060,00003,2012-06-02,24.6,ft^3/s,Approved,,2025-03-11 13:33:20.467623+00:00
-79.0955555555555,36.0711111111111,2bf55dc212734c469cd90fe8d976fadf,USGS-02085000,00060,00003,2012-06-01,17.3,ft^3/s,Approved,,2025-03-11 13:33:20.467623+00:00
-79.0955555555555,36.0711111111111,2bf55dc212734c469cd90fe8d976fadf,USGS-02085000,00060,00003,2012-05-31,7.01,ft^3/s,Approved,,2025-03-11 13:33:20.467623+00:00
-79.0955555555555,36.0711111111111,2bf55dc212734c469cd90fe8d976fadf,USGS-02085000,00060,00003,2012-05-30,6.79,ft^3/s,Approved,,2025-03-11 13:33:20.467623+00:00
-79.0955555555555,36.0711111111111,2bf55dc212734c469cd90fe8d976fadf,USGS-02085000,00060,00003,2012-05-29,5.98,ft^3/s,Approved,,2025-03-11 13:33:20.467623+00:00
-79.0955555555555,36.0711111111111,2bf55dc212734c469cd90fe8d976fadf,USGS-02085000,00060,00003,2012-05-28,7.26,ft^3/s,Approved,,2025-03-11 13:33:20.467623+00:00
-79.0955555555555,36.0711111111111,2bf55dc212734c469cd90fe8d976fadf,USGS-02085000,00060,00003,2012-05-27,8.54,ft^3/s,Approved,,2025-03-11 13:33:20.467623+00:00
-79.0955555555555,36.0711111111111,2bf55dc212734c469cd90fe8d976fadf,USGS-02085000,00060,00003,2012-05-26,11.1,ft^3/s,Approved,,2025-03-11 13:33:20.467623+00:00
-79.0955555555555,36.0711111111111,2bf55dc212734c469cd90fe8d976fadf,USGS-02085000,00060,00003,2012-05-25,15.7,ft^3/s,Approved,,2025-03-11 13:33:20.467623+00:00
-79.0955555555555,36.0711111111111,2bf55dc212734c469cd90fe8d976fadf,USGS-02085000,00060,00003,2012-05-24,26.2,ft^3/s,Approved,,2025-03-11 13:33:20.467623+00:00
-79.0955555555555,36.0711111111111,2bf55dc212734c469cd90fe8d976fadf,USGS-02085000,00060,00003,2012-05-23,43.5,ft^3/s,Approved,,2025-03-11 13:33:20.467623+00:00
-79.0955555555555,36.0711111111111,2bf55dc212734c469cd90fe8d976fadf,USGS-02085000,00060,00003,2012-05-22,7.29,ft^3/s,Approved,,2025-03-11 13:33:20.467623+00:00
-79.0955555555555,36.0711111111111,2bf55dc212734c469cd90fe8d976fadf,USGS-02085000,00060,00003,2012-05-21,7.50,ft^3/s,Approved,,2025-03-11 13:33:20.467623+00:00
-79.0955555555555,36.0711111111111,2bf55dc212734c469cd90fe8d976fadf,USGS-02085000,00060,00003,2012-05-20,8.78,ft^3/s,Approved,,2025-03-11 13:33:20.467623+00:00
-79.0955555555555,36.0711111111111,2bf55dc212734c469cd90fe8d976fadf,USGS-02085000,00060,00003,2012-05-19,10.1,ft^3/s,Approved,,2025-03-11 13:33:20.467623+00:00
-79.0955555555555,36.0711111111111,2bf55dc212734c469cd90fe8d976fadf,USGS-02085000,00060,00003,2012-05-18,13.1,ft^3/s,Approved,,2025-03-11 13:33:20.467623+00:00
-79.0955555555555,36.0711111111111,2bf55dc212734c469cd90fe8d976fadf,USGS-02085000,00060,00003,2012-05-17,18.5,ft^3/s,Approved,,2025-03-11 13:33:20.467623+00:00
-79.0955555555555,36.0711111111111,2bf55dc212734c469cd90fe8d976fadf,USGS-02085000,00060,00003,2012-05-16,26.7,ft^3/s,Approved,,2025-03-11 13:33:20.467623+00:00
-79.0955555555555,36.0711111111111,2bf55dc212734c469cd90fe8d976fadf,USGS-02085000,00060,00003,2012-05-15,51.6,ft^3/s,Approved,,2025-03-11 13:33:20.467623+00:00
-79.0955555555555,36.0711111111111,2bf55dc212734c469cd90fe8d976fadf,USGS-02085000,00060,00003,2012-05-14,20.2,ft^3/s,Approved,,2025-03-11 13:33:20.467623+00:00
-79.0955555555555,36.0711111111111,2bf55dc212734c469cd90fe8d976fadf,USGS-02085000,00060,00003,2012-05-13,10.6,ft^3/s,Approved,,2025-03-11 13:33:20.467623+00:00
-79.0955555555555,36.0711111111111,2bf55dc212734c469cd90fe8d976fadf,USGS-02085000,00060,00003,2012-05-12,12.5,ft^3/s,Approved,,2025-03-11 13:33:20.467623+00:00
-79.0955555555555,36.0711111111111,2bf55dc212734c469cd90fe8d976fadf,USGS-02085000,00060,00003,2012-05-11,17.5,ft^3/s,Approved,,2025-03-11 13:33:20.467623+00:00
-79.0955555555555,36.0711111111111,2bf55dc212734c469cd90fe8d976fadf,USGS-02085000,00060,00003,2012-05-10,30.0,ft^3/s,Approved,,2025-03-11 13:33:20.467623+00:00
-79.0955555555555,36.0711111111111,2bf55dc212734c469cd90fe8d976fadf,USGS-02085000,00060,00003,2012-05-09,31.0,ft^3/s,Approved,,2025-03-11 13:33:20.467623+00:00
-79.0955555555555,36.0711111111111,2bf55dc212734c469cd90fe8d976fadf,USGS-02085000,00060,00003,2012-05-08,25.5,ft^3/s,Approved,,2025-03-11 13:33:20.467623+00:00
-79.0955555555555,36.0711111111111,2bf55dc212734c469cd90fe8d976fadf,USGS-02085000,00060,00003,2012-05-07,47.5,ft^3/s,Approved,,2025-03-11 13:33:20.467623+00:00
-79.0955555555555,36.0711111111111,2bf55dc212734c469cd90fe8d976fadf,USGS-02085000,00060,00003,2012-05-06,241,ft^3/s,Approved,,2025-03-11 13:33:20.467623+00:00
-79.0955555555555,36.0711111111111,2bf55dc212734c469cd90fe8d976fadf,USGS-02085000,00060,00003,2012-05-05,173,ft^3/s,Approved,,2025-03-11 13:33:20.467623+00:00
-79.0955555555555,36.0711111111111,2bf55dc212734c469cd90fe8d976fadf,USGS-02085000,00060,00003,2012-05-04,6.56,ft^3/s,Approved,,2025-03-11 13:33:20.467623+00:00
-79.0955555555555,36.0711111111111,2bf55dc212734c469cd90fe8d976fadf,USGS-02085000,00060,00003,2012-05-03,7.89,ft^3/s,Approved,,2025-03-11 13:33:20.467623+00:00
-79.0955555555555,36.0711111111111,2bf55dc212734c469cd90fe8d976fadf,USGS-02085000,00060,00003,2012-05-02,8.29,ft^3/s,Approved,,2025-03-11 13:33:20.467623+00:00
-79.0955555555555,36.0711111111111,2bf55dc212734c469cd90fe8d976fadf,USGS-02085000,00060,00003,2012-05-01,9.70,ft^3/s,Approved,,2025-03-11 13:33:20.467623+00:00
-79.0955555555555,36.0711111111111,2bf55dc212734c469cd90fe8d976fadf,USGS-02085000,00060,00003,2012-04-30,9.97,ft^3/s,Approved,,2025-03-11 13:33:20.467623+00:00
-79.0955555555555,36.0711111111111,2bf55dc212734c469cd90fe8d976fadf,USGS-02085000,00060,00003,2012-04-29,11.4,ft^3/s,Approved,,2025-03-11 13:33:20.467623+00:00
-79.0955555555555,36.0711111111111,2bf55dc212734c469cd90fe8d976fadf,USGS-02085000,00060,00003,2012-04-28,12.8,ft^3/s,Approved,,2025-03-11 13:33:20.467623+00:00
-79.0955555555555,36.0711111111111,2bf55dc212734c469cd90fe8d976fadf,USGS-02085000,00060,00003,2012-04-27,15.9,ft^3/s,Approved,,2025-03-11 13:33:20.467623+00:00
-79.0955555555555,36.0711111111111,2bf55dc212734c469cd90fe8d976fadf,USGS-02085000,00060,00003,2012-04-26,16.2,ft^3/s,Approved,,2025-03-11 13:33:20.467623+00:00
-79.0955555555555,36.0711111111111,2bf55dc212734c469cd90fe8d976fadf,USGS-02085000,00060,00003,2012-04-25,14.7,ft^3/s,Approved,,2025-03-11 13:33:20.467623+00:00
-79.0955555555555,36.0711111111111,2bf55dc212734c469cd90fe8d976fadf,USGS-02085000,00060,00003,2012-04-24,22.2,ft^3/s,Approved,,2025-03-11 13:33:20.467623+00:00
-79.0955555555555,36.0711111111111,2bf55dc212734c469cd90fe8d976fadf,USGS-02085000,00060,00003,2012-04-23,39.6,ft^3/s,Approved,,2025-03-11 13:33:20.467623+00:00
-79.0955555555555,36.0711111111111,2bf55dc212734c469cd90fe8d976fadf,USGS-02085000,00060,00003,2012-04-22,38.6,ft^3/s,Approved,,2025-03-11 13:33:20.467623+00:00
-79.0955555555555,36.0711111111111,2bf55dc212734c469cd90fe8d976fadf,USGS-02085000,00060,00003,2012-04-21,10.7,ft^3/s,Approved,,2025-03-11 13:33:20.467623+00:00
-79.0955555555555,36.0711111111111,2bf55dc212734c469cd90fe8d976fadf,USGS-02085000,00060,00003,2012-04-20,9.67,ft^3/s,Approved,,2025-03-11 13:33:20.467623+00:00
-79.0955555555555,36.0711111111111,2bf55dc212734c469cd90fe8d976fadf,USGS-02085000,00060,00003,2012-04-19,10.3,ft^3/s,Approved,,2025-03-11 13:33:20.467623+00:00
-79.0955555555555,36.0711111111111,2bf55dc212734c469cd90fe8d976fadf,USGS-02085000,00060,00003,2012-04-18,9.35,ft^3/s,Approved,,2025-03-11 13:33:20.467623+00:00
-79.0955555555555,36.0711111111111,2bf55dc212734c469cd90fe8d976fadf,USGS-02085000,00060,00003,2012-04-17,9.95,ft^3/s,Approved,,2025-03-11 13:33:20.467623+00:00
-79.0955555555555,36.0711111111111,2bf55dc212734c469cd90fe8d976fadf,USGS-02085000,00060,00003,2012-04-16,10.8,ft^3/s,Approved,,2025-03-11 13:33:20.467623+00:00
-79.0955555555555,36.0711111111111,2bf55dc212734c469cd90fe8d976fadf,USGS-02085000,00060,00003,2012-04-15,10.0,ft^3/s,Approved,,2025-03-11 13:33:20.467623+00:00
-79.0955555555555,36.0711111111111,2bf55dc212734c469cd90fe8d976fadf,USGS-02085000,00060,00003,2012-04-14,10.4,ft^3/s,Approved,,2025-03-11 13:33:20.467623+00:00
-79.0955555555555,36.0711111111111,2bf55dc212734c469cd90fe8d976fadf,USGS-02085000,00060,00003,2012-04-13,6.82,ft^3/s,Approved,,2025-03-11 13:33:20.467623+00:00
-79.0955555555555,36.0711111111111,2bf55dc212734c469cd90fe8d976fadf,USGS-02085000,00060,00003,2012-04-12,6.35,ft^3/s,Approved,,2025-03-11 13:33:20.467623+00:00
-79.0955555555555,36.0711111111111,2bf55dc212734c469cd90fe8d976fadf,USGS-02085000,00060,00003,2012-04-11,6.63,ft^3/s,Approved,,2025-03-11 13:33:20.467623+00:00
-79.0955555555555,36.0711111111111,2bf55dc212734c469cd90fe8d976fadf,USGS-02085000,00060,00003,2012-04-10,7.98,ft^3/s,Approved,,2025-03-11 13:33:20.467623+00:00
-79.0955555555555,36.0711111111111,2bf55dc212734c469cd90fe8d976fadf,USGS-02085000,00060,00003,2012-04-09,9.34,ft^3/s,Approved,,2025-03-11 13:33:20.467623+00:00
-79.0955555555555,36.0711111111111,2bf55dc212734c469cd90fe8d976fadf,USGS-02085000,00060,00003,2012-04-08,11.0,ft^3/s,Approved,,2025-03-11 13:33:20.467623+00:00
-79.0955555555555,36.0711111111111,2bf55dc212734c469cd90fe8d976fadf,USGS-02085000,00060,00003,2012-04-07,13.0,ft^3/s,Approved,,2025-03-11 13:33:20.467623+00:00
-79.0955555555555,36.0711111111111,2bf55dc212734c469cd90fe8d976fadf,USGS-02085000,00060,00003,2012-04-06,14.9,ft^3/s,Approved,,2025-03-11 13:33:20.467623+00:00
-79.0955555555555,36.0711111111111,2bf55dc212734c469cd90fe8d976fadf,USGS-02085000,00060,00003,2012-04-05,16.0,ft^3/s,Approved,,2025-03-11 13:33:20.467623+00:00
-79.0955555555555,36.0711111111111,2bf55dc212734c469cd90fe8d976fadf,USGS-02085000,00060,00003,2012-04-04,13.9,ft^3/s,Approved,,2025-03-11 13:33:20.467623+00:00
-79.0955555555555,36.0711111111111,2bf55dc212734c469cd90fe8d976fadf,USGS-02085000,00060,00003,2012-04-03,14.9,ft^3/s,Approved,,2025-03-11 13:33:20.467623+00:00
-79.0955555555555,36.0711111111111,2bf55dc212734c469cd90fe8d976fadf,USGS-02085000,00060,00003,2012-04-02,17.6,ft^3/s,Approved,,2025-03-11 13:33:20.467623+00:00
-79.0955555555555,36.0711111111111,2bf55dc212734c469cd90fe8d976fadf,USGS-02085000,00060,00003,2012-04-01,21.3,ft^3/s,Approved,,2025-03-11 13:33:20.467623+00:00
-79.0955555555555,36.0711111111111,2bf55dc212734c469cd90fe8d976fadf,USGS-02085000,00060,00003,2012-03-31,21.4,ft^3/s,Approved,,2025-03-11 13:33:20.467623+00:00
-79.0955555555555,36.0711111111111,2bf55dc212734c469cd90fe8d976fadf,USGS-02085000,00060,00003,2012-03-30,24.8,ft^3/s,Approved,,2025-03-11 13:33:20.467623+00:00
-79.0955555555555,36.0711111111111,2bf55dc212734c469cd90fe8d976fadf,USGS-02085000,00060,00003,2012-03-29,30.9,ft^3/s,Approved,,2025-03-11 13:33:20.467623+00:00
-79.0955555555555,36.0711111111111,2bf55dc212734c469cd90fe8d976fadf,USGS-02085000,00060,00003,2012-03-28,37.1,ft^3/s,Approved,,2025-03-11 13:33:20.467623+00:00
-79.0955555555555,36.0711111111111,2bf55dc212734c469cd90fe8d976fadf,USGS-02085000,00060,00003,2012-03-27,52.8,ft^3/s,Approved,,2025-03-11 13:33:20.467623+00:00
-79.0955555555555,36.0711111111111,2bf55dc212734c469cd90fe8d976fadf,USGS-02085000,00060,00003,2012-03-26,97.7,ft^3/s,Approved,,2025-03-11 13:33:20.467623+00:00
-79.0955555555555,36.0711111111111,2bf55dc212734c469cd90fe8d976fadf,USGS-02085000,00060,00003,2012-03-25,479,ft^3/s,Approved,,2025-03-11 13:33:20.467623+00:00
-79.0955555555555,36.0711111111111,2bf55dc212734c469cd90fe8d976fadf,USGS-02085000,00060,00003,2012-03-24,103,ft^3/s,Approved,,2025-03-11 13:33:20.467623+00:00
-79.0955555555555,36.0711111111111,2bf55dc212734c469cd90fe8d976fadf,USGS-02085000,00060,00003,2012-03-23,17.7,ft^3/s,Approved,,2025-03-11 13:33:20.467623+00:00
-79.0955555555555,36.0711111111111,2bf55dc212734c469cd90fe8d976fadf,USGS-02085000,00060,00003,2012-03-22,23.8,ft^3/s,Approved,,2025-03-11 13:33:20.467623+00:00
-79.0955555555555,36.0711111111111,2bf55dc212734c469cd90fe8d976fadf,USGS-02085000,00060,00003,2012-03-21,26.4,ft^3/s,Approved,,2025-03-11 13:33:20.467623+00:00
-79.0955555555555,36.0711111111111,2bf55dc212734c469cd90fe8d976fadf,USGS-02085000,00060,00003,2012-03-20,15.9,ft^3/s,Approved,,2025-03-11 13:33:20.467623+00:00
-79.0955555555555,36.0711111111111,2bf55dc212734c469cd90fe8d976fadf,USGS-02085000,00060,00003,2012-03-19,19.4,ft^3/s,Approved,,2025-03-11 13:33:20.467623+00:00
-79.0955555555555,36.0711111111111,2bf55dc212734c469cd90fe8d976fadf,USGS-02085000,00060,00003,2012-03-18,21.7,ft^3/s,Approved,,2025-03-11 13:33:20.467623+00:00
-79.0955555555555,36.0711111111111,2bf55dc212734c469cd90fe8d976fadf,USGS-02085000,00060,00003,2012-03-17,15.2,ft^3/s,Approved,,2025-03-11 13:33:20.467623+00:00
-79.0955555555555,36.0711111111111,2bf55dc212734c469cd90fe8d976fadf,USGS-02085000,00060,00003,2012-03-16,16.4,ft^3/s,Approved,,2025-03-11 13:33:20.467623+00:00
-79.0955555555555,36.0711111111111,2bf55dc212734c469cd90fe8d976fadf,USGS-02085000,00060,00003,2012-03-15,16.6,ft^3/s,Approved,,2025-03-11 13:33:20.467623+00:00
-79.0955555555555,36.0711111111111,2bf55dc212734c469cd90fe8d976fadf,USGS-02085000,00060,00003,2012-03-14,18.9,ft^3/s,Approved,,2025-03-11 13:33:20.467623+00:00
-79.0955555555555,36.0711111111111,2bf55dc212734c469cd90fe8d976fadf,USGS-02085000,00060,00003,2012-03-13,19.3,ft^3/s,Approved,,2025-03-11 13:33:20.467623+00:00
-79.0955555555555,36.0711111111111,2bf55dc212734c469cd90fe8d976fadf,USGS-02085000,00060,00003,2012-03-12,20.2,ft^3/s,Approved,,2025-03-11 13:33:20.467623+00:00
-79.0955555555555,36.0711111111111,2bf55dc212734c469cd90fe8d976fadf,USGS-02085000,00060,00003,2012-03-11,21.9,ft^3/s,Approved,,2025-03-11 13:33:20.467623+00:00
-79.0955555555555,36.0711111111111,2bf55dc212734c469cd90fe8d976fadf,USGS-02085000,00060,00003,2012-03-10,25.5,ft^3/s,Approved,,2025-03-11 13:33:20.467623+00:00
-79.0955555555555,36.0711111111111,2bf55dc212734c469cd90fe8d976fadf,USGS-02085000,00060,00003,2012-03-09,26.5,ft^3/s,Approved,,2025-03-11 13:33:20.467623+00:00
-79.0955555555555,36.0711111111111,2bf55dc212734c469cd90fe8d976fadf,USGS-02085000,00060,00003,2012-03-08,24.7,ft^3/s,Approved,,2025-03-11 13:33:20.467623+00:00
-79.0955555555555,36.0711111111111,2bf55dc212734c469cd90fe8d976fadf,USGS-02085000,00060,00003,2012-03-07,26.9,ft^3/s,Approved,,2025-03-11 13:33:20.467623+00:00
-79.0955555555555,36.0711111111111,2bf55dc212734c469cd90fe8d976fadf,USGS-02085000,00060,00003,2012-03-06,32.3,ft^3/s,Approved,,2025-03-11 13:33:20.467623+00:00
-79.0955555555555,36.0711111111111,2bf55dc212734c469cd90fe8d976fadf,USGS-02085000,00060,00003,2012-03-05,44.1,ft^3/s,Approved,,2025-03-11 13:33:20.467623+00:00
-79.0955555555555,36.0711111111111,2bf55dc212734c469cd90fe8d976fadf,USGS-02085000,00060,00003,2012-03-04,77.9,ft^3/s,Approved,,2025-03-11 13:33:20.467623+00:00
-79.0955555555555,36.0711111111111,2bf55dc212734c469cd90fe8d976fadf,USGS-02085000,00060,00003,2012-03-03,128,ft^3/s,Approved,,2025-03-11 13:33:20.467623+00:00
-79.0955555555555,36.0711111111111,2bf55dc212734c469cd90fe8d976fadf,USGS-02085000,00060,00003,2012-03-02,22.5,ft^3/s,Approved,,2025-03-11 13:33:20.467623+00:00
-79.0955555555555,36.0711111111111,2bf55dc212734c469cd90fe8d976fadf,USGS-02085000,00060,00003,2012-03-01,25.3,ft^3/s,Approved,,2025-03-11 13:33:20.467623+00:00
-79.0955555555555,36.0711111111111,2bf55dc212734c469cd90fe8d976fadf,USGS-02085000,00060,00003,2012-02-29,26.6,ft^3/s,Approved,,2025-03-11 13:33:20.467623+00:00
-79.0955555555555,36.0711111111111,2bf55dc212734c469cd90fe8d976fadf,USGS-02085000,00060,00003,2012-02-28,30.1,ft^3/s,Approved,,2025-03-11 13:33:20.467623+00:00
-79.0955555555555,36.0711111111111,2bf55dc212734c469cd90fe8d976fadf,USGS-02085000,00060,00003,2012-02-27,30.2,ft^3/s,Approved,,2025-03-11 13:33:20.467623+00:00
-79.0955555555555,36.0711111111111,2bf55dc212734c469cd90fe8d976fadf,USGS-02085000,00060,00003,2012-02-26,35.1,ft^3/s,Approved,,2025-03-11 13:33:20.467623+00:00
-79.0955555555555,36.0711111111111,2bf55dc212734c469cd90fe8d976fadf,USGS-02085000,00060,00003,2012-02-25,51.9,ft^3/s,Approved,,2025-03-11 13:33:20.467623+00:00
-79.0955555555555,36.0711111111111,2bf55dc212734c469cd90fe8d976fadf,USGS-02085000,00060,00003,2012-02-24,36.0,ft^3/s,Approved,,2025-03-11 13:33:20.467623+00:00
-79.0955555555555,36.0711111111111,2bf55dc212734c469cd90fe8d976fadf,USGS-02085000,00060,00003,2012-02-23,30.6,ft^3/s,Approved,,2025-03-11 13:33:20.467623+00:00
-79.0955555555555,36.0711111111111,2bf55dc212734c469cd90fe8d976fadf,USGS-02085000,00060,00003,2012-02-22,30.8,ft^3/s,Approved,,2025-03-11 13:33:20.467623+00:00
-79.0955555555555,36.0711111111111,2bf55dc212734c469cd90fe8d976fadf,USGS-02085000,00060,00003,2012-02-21,43.8,ft^3/s,Approved,,2025-03-11 13:33:20.467623+00:00
-79.0955555555555,36.0711111111111,2bf55dc212734c469cd90fe8d976fadf,USGS-02085000,00060,00003,2012-02-20,45.3,ft^3/s,Approved,,2025-03-11 13:33:20.467623+00:00
-79.0955555555555,36.0711111111111,2bf55dc212734c469cd90fe8d976fadf,USGS-02085000,00060,00003,2012-02-19,18.4,ft^3/s,Approved,,2025-03-11 13:33:20.467623+00:00
-79.0955555555555,36.0711111111111,2bf55dc212734c469cd90fe8d976fadf,USGS-02085000,00060,00003,2012-02-18,13.5,ft^3/s,Approved,,2025-03-11 13:33:20.467623+00:00
-79.0955555555555,36.0711111111111,2bf55dc212734c469cd90fe8d976fadf,USGS-02085000,00060,00003,2012-02-17,13.3,ft^3/s,Approved,,2025-03-11 13:33:20.467623+00:00
-79.0955555555555,36.0711111111111,2bf55dc212734c469cd90fe8d976fadf,USGS-02085000,00060,00003,2012-02-16,11.4,ft^3/s,Approved,,2025-03-11 13:33:20.467623+00:00
-79.0955555555555,36.0711111111111,2bf55dc212734c469cd90fe8d976fadf,USGS-02085000,00060,00003,2012-02-15,10.1,ft^3/s,Approved,,2025-03-11 13:33:20.467623+00:00
-79.0955555555555,36.0711111111111,2bf55dc212734c469cd90fe8d976fadf,USGS-02085000,00060,00003,2012-02-14,14.5,ft^3/s,Approved,,2025-03-11 13:33:20.467623+00:00
-79.0955555555555,36.0711111111111,2bf55dc212734c469cd90fe8d976fadf,USGS-02085000,00060,00003,2012-02-13,13.8,ft^3/s,Approved,,2025-03-11 13:33:20.467623+00:00
-79.0955555555555,36.0711111111111,2bf55dc212734c469cd90fe8d976fadf,USGS-02085000,00060,00003,2012-02-12,15.0,ft^3/s,Approved,,2025-03-11 13:33:20.467623+00:00
-79.0955555555555,36.0711111111111,2bf55dc212734c469cd90fe8d976fadf,USGS-02085000,00060,00003,2012-02-11,11.4,ft^3/s,Approved,,2025-03-11 13:33:20.467623+00:00
-79.0955555555555,36.0711111111111,2bf55dc212734c469cd90fe8d976fadf,USGS-02085000,00060,00003,2012-02-10,11.4,ft^3/s,Approved,,2025-03-11 13:33:20.467623+00:00
-79.0955555555555,36.0711111111111,2bf55dc212734c469cd90fe8d976fadf,USGS-02085000,00060,00003,2012-02-09,11.4,ft^3/s,Approved,,2025-03-11 13:33:20.467623+00:00
-79.0955555555555,36.0711111111111,2bf55dc212734c469cd90fe8d976fadf,USGS-02085000,00060,00003,2012-02-08,12.0,ft^3/s,Approved,,2025-03-11 13:33:20.467623+00:00
-79.0955555555555,36.0711111111111,2bf55dc212734c469cd90fe8d976fadf,USGS-02085000,00060,00003,2012-02-07,12.1,ft^3/s,Approved,,2025-03-11 13:33:20.467623+00:00
-79.0955555555555,36.0711111111111,2bf55dc212734c469cd90fe8d976fadf,USGS-02085000,00060,00003,2012-02-06,12.7,ft^3/s,Approved,,2025-03-11 13:33:20.467623+00:00
-79.0955555555555,36.0711111111111,2bf55dc212734c469cd90fe8d976fadf,USGS-02085000,00060,00003,2012-02-05,13.1,ft^3/s,Approved,,2025-03-11 13:33:20.467623+00:00
-79.0955555555555,36.0711111111111,2bf55dc212734c469cd90fe8d976fadf,USGS-02085000,00060,00003,2012-02-04,10.6,ft^3/s,Approved,,2025-03-11 13:33:20.467623+00:00
-79.0955555555555,36.0711111111111,2bf55dc212734c469cd90fe8d976fadf,USGS-02085000,00060,00003,2012-02-03,11.1,ft^3/s,Approved,,2025-03-11 13:33:20.467623+00:00
-79.0955555555555,36.0711111111111,2bf55dc212734c469cd90fe8d976fadf,USGS-02085000,00060,00003,2012-02-02,11.8,ft^3/s,Approved,,2025-03-11 13:33:20.467623+00:00
-79.0955555555555,36.0711111111111,2bf55dc212734c469cd90fe8d976fadf,USGS-02085000,00060,00003,2012-02-01,11.5,ft^3/s,Approved,,2025-03-11 13:33:20.467623+00:00
-79.0955555555555,36.0711111111111,2bf55dc212734c469cd90fe8d976fadf,USGS-02085000,00060,00003,2012-01-31,12.0,ft^3/s,Approved,,2025-03-11 13:33:20.467623+00:00
-79.0955555555555,36.0711111111111,2bf55dc212734c469cd90fe8d976fadf,USGS-02085000,00060,00003,2012-01-30,13.1,ft^3/s,Approved,,2025-03-11 13:33:20.467623+00:00
-79.0955555555555,36.0711111111111,2bf55dc212734c469cd90fe8d976fadf,USGS-02085000,00060,00003,2012-01-29,15.4,ft^3/s,Approved,,2025-03-11 13:33:20.467623+00:00
-79.0955555555555,36.0711111111111,2bf55dc212734c469cd90fe8d976fadf,USGS-02085000,00060,00003,2012-01-28,17.5,ft^3/s,Approved,,2025-03-11 13:33:20.467623+00:00
-79.0955555555555,36.0711111111111,2bf55dc212734c469cd90fe8d976fadf,USGS-02085000,00060,00003,2012-01-27,17.0,ft^3/s,Approved,,2025-03-11 13:33:20.467623+00:00
-79.0955555555555,36.0711111111111,2bf55dc212734c469cd90fe8d976fadf,USGS-02085000,00060,00003,2012-01-26,12.3,ft^3/s,Approved,,2025-03-11 13:33:20.467623+00:00
-79.0955555555555,36.0711111111111,2bf55dc212734c469cd90fe8d976fadf,USGS-02085000,00060,00003,2012-01-25,12.9,ft^3/s,Approved,,2025-03-11 13:33:20.467623+00:00
-79.0955555555555,36.0711111111111,2bf55dc212734c469cd90fe8d976fadf,USGS-02085000,00060,00003,2012-01-24,14.2,ft^3/s,Approved,,2025-03-11 13:33:20.467623+00:00
-79.0955555555555,36.0711111111111,2bf55dc212734c469cd90fe8d976fadf,USGS-02085000,00060,00003,2012-01-23,14.2,ft^3/s,Approved,,2025-03-11 13:33:20.467623+00:00
-79.0955555555555,36.0711111111111,2bf55dc212734c469cd90fe8d976fadf,USGS-02085000,00060,00003,2012-01-22,14.9,ft^3/s,Approved,,2025-03-11 13:33:20.467623+00:00
-79.0955555555555,36.0711111111111,2bf55dc212734c469cd90fe8d976fadf,USGS-02085000,00060,00003,2012-01-21,13.9,ft^3/s,Approved,,2025-03-11 13:33:20.467623+00:00
-79.0955555555555,36.0711111111111,2bf55dc212734c469cd90fe8d976fadf,USGS-02085000,00060,00003,2012-01-20,9.47,ft^3/s,Approved,,2025-03-11 13:33:20.467623+00:00
-79.0955555555555,36.0711111111111,2bf55dc212734c469cd90fe8d976fadf,USGS-02085000,00060,00003,2012-01-19,9.95,ft^3/s,Approved,,2025-03-11 13:33:20.467623+00:00
-79.0955555555555,36.0711111111111,2bf55dc212734c469cd90fe8d976fadf,USGS-02085000,00060,00003,2012-01-18,12.1,ft^3/s,Approved,,2025-03-11 13:33:20.467623+00:00
-79.0955555555555,36.0711111111111,2bf55dc212734c469cd90fe8d976fadf,USGS-02085000,00060,00003,2012-01-17,12.9,ft^3/s,Approved,,2025-03-11 13:33:20.467623+00:00
-79.0955555555555,36.0711111111111,2bf55dc212734c469cd90fe8d976fadf,USGS-02085000,00060,00003,2012-01-16,13.4,ft^3/s,Approved,,2025-03-11 13:33:20.467623+00:00
-79.0955555555555,36.0711111111111,2bf55dc212734c469cd90fe8d976fadf,USGS-02085000,00060,00003,2012-01-15,13.8,ft^3/s,Approved,,2025-03-11 13:33:20.467623+00:00
-79.0955555555555,36.0711111111111,2bf55dc212734c469cd90fe8d976fadf,USGS-02085000,00060,00003,2012-01-14,15.1,ft^3/s,Approved,,2025-03-11 13:33:20.467623+00:00
-79.0955555555555,36.0711111111111,2bf55dc212734c469cd90fe8d976fadf,USGS-02085000,00060,00003,2012-01-13,17.6,ft^3/s,Approved,,2025-03-11 13:33:20.467623+00:00
-79.0955555555555,36.0711111111111,2bf55dc212734c469cd90fe8d976fadf,USGS-02085000,00060,00003,2012-01-12,20.9,ft^3/s,Approved,,2025-03-11 13:33:20.467623+00:00
-79.0955555555555,36.0711111111111,2bf55dc212734c469cd90fe8d976fadf,USGS-02085000,00060,00003,2012-01-11,13.0,ft^3/s,Approved,,2025-03-11 13:33:20.467623+00:00
-79.0955555555555,36.0711111111111,2bf55dc212734c469cd90fe8d976fadf,USGS-02085000,00060,00003,2012-01-10,10.3,ft^3/s,Approved,,2025-03-11 13:33:20.467623+00:00
-79.0955555555555,36.0711111111111,2bf55dc212734c469cd90fe8d976fadf,USGS-02085000,00060,00003,2012-01-09,10.0,ft^3/s,Approved,,2025-03-11 13:33:20.467623+00:00
-79.0955555555555,36.0711111111111,2bf55dc212734c469cd90fe8d976fadf,USGS-02085000,00060,00003,2012-01-08,9.84,ft^3/s,Approved,,2025-03-11 13:33:20.467623+00:00
-79.0955555555555,36.0711111111111,2bf55dc212734c469cd90fe8d976fadf,USGS-02085000,00060,00003,2012-01-07,9.99,ft^3/s,Approved,,2025-03-11 13:33:20.467623+00:00
-79.0955555555555,36.0711111111111,2bf55dc212734c469cd90fe8d976fadf,USGS-02085000,00060,00003,2012-01-06,11.2,ft^3/s,Approved,,2025-03-11 13:33:20.467623+00:00
-79.0955555555555,36.0711111111111,2bf55dc212734c469cd90fe8d976fadf,USGS-02085000,00060,00003,2012-01-05,12.4,ft^3/s,Approved,,2025-03-11 13:33:20.467623+00:00
-79.0955555555555,36.0711111111111,2bf55dc212734c469cd90fe8d976fadf,USGS-02085000,00060,00003,2012-01-04,12.6,ft^3/s,Approved,,2025-03-11 13:33:20.467623+00:00
-79.0955555555555,36.0711111111111,2bf55dc212734c469cd90fe8d976fadf,USGS-02085000,00060,00003,2012-01-03,13.6,ft^3/s,Approved,,2025-03-11 13:33:20.467623+00:00
-79.0955555555555,36.0711111111111,2bf55dc212734c469cd90fe8d976fadf,USGS-02085000,00060,00003,2012-01-02,15.1,ft^3/s,Approved,,2025-03-11 13:33:20.467623+00:00
-79.0955555555555,36.0711111111111,2bf55dc212734c469cd90fe8d976fadf,USGS-02085000,00060,00003,2012-01-01,15.9,ft^3/s,Approved,,2025-03-11 13:33:20.467623+00:00
-79.0955555555555,36.0711111111111,2bf55dc212734c469cd90fe8d976fadf,USGS-02085000,00060,00003,2011-12-31,17.1,ft^3/s,Approved,,2025-03-11 13:33:20.467623+00:00
-79.0955555555555,36.0711111111111,2bf55dc212734c469cd90fe8d976fadf,USGS-02085000,00060,00003,2011-12-30,20.2,ft^3/s,Approved,,2025-03-11 13:33:20.467623+00:00
-79.0955555555555,36.0711111111111,2bf55dc212734c469cd90fe8d976fadf,USGS-02085000,00060,00003,2011-12-29,29.5,ft^3/s,Approved,,2025-03-11 13:33:20.467623+00:00
-79.0955555555555,36.0711111111111,2bf55dc212734c469cd90fe8d976fadf,USGS-02085000,00060,00003,2011-12-28,28.4,ft^3/s,Approved,,2025-03-11 13:33:20.467623+00:00
-79.0955555555555,36.0711111111111,2bf55dc212734c469cd90fe8d976fadf,USGS-02085000,00060,00003,2011-12-27,22.5,ft^3/s,Approved,,2025-03-11 13:33:20.467623+00:00
-79.0955555555555,36.0711111111111,2bf55dc212734c469cd90fe8d976fadf,USGS-02085000,00060,00003,2011-12-26,20.7,ft^3/s,Approved,,2025-03-11 13:33:20.467623+00:00
-79.0955555555555,36.0711111111111,2bf55dc212734c469cd90fe8d976fadf,USGS-02085000,00060,00003,2011-12-25,24.4,ft^3/s,Approved,,2025-03-11 13:33:20.467623+00:00
-79.0955555555555,36.0711111111111,2bf55dc212734c469cd90fe8d976fadf,USGS-02085000,00060,00003,2011-12-24,33.4,ft^3/s,Approved,,2025-03-11 13:33:20.467623+00:00
-79.0955555555555,36.0711111111111,2bf55dc212734c469cd90fe8d976fadf,USGS-02085000,00060,00003,2011-12-23,53.6,ft^3/s,Approved,,2025-03-11 13:33:20.467623+00:00
-79.0955555555555,36.0711111111111,2bf55dc212734c469cd90fe8d976fadf,USGS-02085000,00060,00003,2011-12-22,79.2,ft^3/s,Approved,,2025-03-11 13:33:20.467623+00:00
-79.0955555555555,36.0711111111111,2bf55dc212734c469cd90fe8d976fadf,USGS-02085000,00060,00003,2011-12-21,28.8,ft^3/s,Approved,,2025-03-11 13:33:20.467623+00:00
-79.0955555555555,36.0711111111111,2bf55dc212734c469cd90fe8d976fadf,USGS-02085000,00060,00003,2011-12-20,13.7,ft^3/s,Approved,,2025-03-11 13:33:20.467623+00:00
-79.0955555555555,36.0711111111111,2bf55dc212734c469cd90fe8d976fadf,USGS-02085000,00060,00003,2011-12-19,14.8,ft^3/s,Approved,,2025-03-11 13:33:20.467623+00:00
-79.0955555555555,36.0711111111111,2bf55dc212734c469cd90fe8d976fadf,USGS-02085000,00060,00003,2011-12-18,21.7,ft^3/s,Approved,,2025-03-11 13:33:20.467623+00:00
-79.0955555555555,36.0711111111111,2bf55dc212734c469cd90fe8d976fadf,USGS-02085000,00060,00003,2011-12-17,25.2,ft^3/s,Approved,,2025-03-11 13:33:20.467623+00:00
-79.0955555555555,36.0711111111111,2bf55dc212734c469cd90fe8d976fadf,USGS-02085000,00060,00003,2011-12-16,8.35,ft^3/s,Approved,,2025-03-11 13:33:20.467623+00:00
-79.0955555555555,36.0711111111111,2bf55dc212734c469cd90fe8d976fadf,USGS-02085000,00060,00003,2011-12-15,7.99,ft^3/s,Approved,,2025-03-11 13:33:20.467623+00:00
-79.0955555555555,36.0711111111111,2bf55dc212734c469cd90fe8d976fadf,USGS-02085000,00060,00003,2011-12-14,8.34,ft^3/s,Approved,,2025-03-11 13:33:20.467623+00:00
-79.0955555555555,36.0711111111111,2bf55dc212734c469cd90fe8d976fadf,USGS-02085000,00060,00003,2011-12-13,8.54,ft^3/s,Approved,,2025-03-11 13:33:20.467623+00:00
-79.0955555555555,36.0711111111111,2bf55dc212734c469cd90fe8d976fadf,USGS-02085000,00060,00003,2011-12-12,9.14,ft^3/s,Approved,,2025-03-11 13:33:20.467623+00:00
-79.0955555555555,36.0711111111111,2bf55dc212734c469cd90fe8d976fadf,USGS-02085000,00060,00003,2011-12-11,11.2,ft^3/s,Approved,,2025-03-11 13:33:20.467623+00:00
-79.0955555555555,36.0711111111111,2bf55dc212734c469cd90fe8d976fadf,USGS-02085000,00060,00003,2011-12-10,14.2,ft^3/s,Approved,,2025-03-11 13:33:20.467623+00:00
-79.0955555555555,36.0711111111111,2bf55dc212734c469cd90fe8d976fadf,USGS-02085000,00060,00003,2011-12-09,20.1,ft^3/s,Approved,,2025-03-11 13:33:20.467623+00:00
-79.0955555555555,36.0711111111111,2bf55dc212734c469cd90fe8d976fadf,USGS-02085000,00060,00003,2011-12-08,30.4,ft^3/s,Approved,,2025-03-11 13:33:20.467623+00:00
-79.0955555555555,36.0711111111111,2bf55dc212734c469cd90fe8d976fadf,USGS-02085000,00060,00003,2011-12-07,17.8,ft^3/s,Approved,,2025-03-11 13:33:20.467623+00:00
-79.0955555555555,36.0711111111111,2bf55dc212734c469cd90fe8d976fadf,USGS-02085000,00060,00003,2011-12-06,7.30,ft^3/s,Approved,,2025-03-11 13:33:20.467623+00:00
-79.0955555555555,36.0711111111111,2bf55dc212734c469cd90fe8d976fadf,USGS-02085000,00060,00003,2011-12-05,8.12,ft^3/s,Approved,,2025-03-11 13:33:20.467623+00:00
-79.0955555555555,36.0711111111111,2bf55dc212734c469cd90fe8d976fadf,USGS-02085000,00060,00003,2011-12-04,9.22,ft^3/s,Approved,,2025-03-11 13:33:20.467623+00:00
-79.0955555555555,36.0711111111111,2bf55dc212734c469cd90fe8d976fadf,USGS-02085000,00060,00003,2011-12-03,11.4,ft^3/s,Approved,,2025-03-11 13:33:20.467623+00:00
-79.0955555555555,36.0711111111111,2bf55dc212734c469cd90fe8d976fadf,USGS-02085000,00060,00003,2011-12-02,14.1,ft^3/s,Approved,,2025-03-11 13:33:20.467623+00:00
-79.0955555555555,36.0711111111111,2bf55dc212734c469cd90fe8d976fadf,USGS-02085000,00060,00003,2011-12-01,21.6,ft^3/s,Approved,,2025-03-11 13:33:20.467623+00:00
-79.0955555555555,36.0711111111111,2bf55dc212734c469cd90fe8d976fadf,USGS-02085000,00060,00003,2011-11-30,52.8,ft^3/s,Approved,,2025-03-11 13:33:20.467623+00:00
-79.0955555555555,36.0711111111111,2bf55dc212734c469cd90fe8d976fadf,USGS-02085000,00060,00003,2011-11-29,126,ft^3/s,Approved,,2025-03-11 13:33:20.467623+00:00
-79.0955555555555,36.0711111111111,2bf55dc212734c469cd90fe8d976fadf,USGS-02085000,00060,00003,2011-11-28,4.13,ft^3/s,Approved,,2025-03-11 13:33:20.467623+00:00
-79.0955555555555,36.0711111111111,2bf55dc212734c469cd90fe8d976fadf,USGS-02085000,00060,00003,2011-11-27,4.01,ft^3/s,Approved,,2025-03-11 13:33:20.467623+00:00
-79.0955555555555,36.0711111111111,2bf55dc212734c469cd90fe8d976fadf,USGS-02085000,00060,00003,2011-11-26,3.65,ft^3/s,Approved,,2025-03-11 13:33:20.467623+00:00
-79.0955555555555,36.0711111111111,2bf55dc212734c469cd90fe8d976fadf,USGS-02085000,00060,00003,2011-11-25,4.04,ft^3/s,Approved,,2025-03-11 13:33:20.467623+00:00
-79.0955555555555,36.0711111111111,2bf55dc212734c469cd90fe8d976fadf,USGS-02085000,00060,00003,2011-11-24,4.57,ft^3/s,Approved,,2025-03-11 13:33:20.467623+00:00
-79.0955555555555,36.0711111111111,2bf55dc212734c469cd90fe8d976fadf,USGS-02085000,00060,00003,2011-11-23,6.05,ft^3/s,Approved,,2025-03-11 13:33:20.467623+00:00
-79.0955555555555,36.0711111111111,2bf55dc212734c469cd90fe8d976fadf,USGS-02085000,00060,00003,2011-11-22,5.65,ft^3/s,Approved,,2025-03-11 13:33:20.467623+00:00
-79.0955555555555,36.0711111111111,2bf55dc212734c469cd90fe8d976fadf,USGS-02085000,00060,00003,2011-11-21,6.64,ft^3/s,Approved,,2025-03-11 13:33:20.467623+00:00
-79.0955555555555,36.0711111111111,2bf55dc212734c469cd90fe8d976fadf,USGS-02085000,00060,00003,2011-11-20,9.32,ft^3/s,Approved,,2025-03-11 13:33:20.467623+00:00
-79.0955555555555,36.0711111111111,2bf55dc212734c469cd90fe8d976fadf,USGS-02085000,00060,00003,2011-11-19,13.8,ft^3/s,Approved,,2025-03-11 13:33:20.467623+00:00
-79.0955555555555,36.0711111111111,2bf55dc212734c469cd90fe8d976fadf,USGS-02085000,00060,00003,2011-11-18,28.6,ft^3/s,Approved,,2025-03-11 13:33:20.467623+00:00
-79.0955555555555,36.0711111111111,2bf55dc212734c469cd90fe8d976fadf,USGS-02085000,00060,00003,2011-11-17,24.6,ft^3/s,Approved,,2025-03-11 13:33:20.467623+00:00
-79.0955555555555,36.0711111111111,2bf55dc212734c469cd90fe8d976fadf,USGS-02085000,00060,00003,2011-11-16,5.01,ft^3/s,Approved,,2025-03-11 13:33:20.467623+00:00
-79.0955555555555,36.0711111111111,2bf55dc212734c469cd90fe8d976fadf,USGS-02085000,00060,00003,2011-11-15,3.13,ft^3/s,Approved,,2025-03-11 13:33:20.467623+00:00
-79.0955555555555,36.0711111111111,2bf55dc212734c469cd90fe8d976fadf,USGS-02085000,00060,00003,2011-11-14,3.01,ft^3/s,Approved,,2025-03-11 13:33:20.467623+00:00
-79.0955555555555,36.0711111111111,2bf55dc212734c469cd90fe8d976fadf,USGS-02085000,00060,00003,2011-11-13,3.98,ft^3/s,Approved,,2025-03-11 13:33:20.467623+00:00
-79.0955555555555,36.0711111111111,2bf55dc212734c469cd90fe8d976fadf,USGS-02085000,00060,00003,2011-11-12,3.44,ft^3/s,Approved,,2025-03-11 13:33:20.467623+00:00
-79.0955555555555,36.0711111111111,2bf55dc212734c469cd90fe8d976fadf,USGS-02085000,00060,00003,2011-11-11,3.33,ft^3/s,Approved,,2025-03-11 13:33:20.467623+00:00
-79.0955555555555,36.0711111111111,2bf55dc212734c469cd90fe8d976fadf,USGS-02085000,00060,00003,2011-11-10,4.37,ft^3/s,Approved,,2025-03-11 13:33:20.467623+00:00
-79.0955555555555,36.0711111111111,2bf55dc212734c469cd90fe8d976fadf,USGS-02085000,00060,00003,2011-11-09,4.63,ft^3/s,Approved,,2025-03-11 13:33:20.467623+00:00
-79.0955555555555,36.0711111111111,2bf55dc212734c469cd90fe8d976fadf,USGS-02085000,00060,00003,2011-11-08,4.66,ft^3/s,Approved,,2025-03-11 13:33:20.467623+00:00
-79.0955555555555,36.0711111111111,2bf55dc212734c469cd90fe8d976fadf,USGS-02085000,00060,00003,2011-11-07,7.96,ft^3/s,Approved,,2025-03-11 13:33:20.467623+00:00
-79.0955555555555,36.0711111111111,2bf55dc212734c469cd90fe8d976fadf,USGS-02085000,00060,00003,2011-11-06,15.4,ft^3/s,Approved,,2025-03-11 13:33:20.467623+00:00
-79.0955555555555,36.0711111111111,2bf55dc212734c469cd90fe8d976fadf,USGS-02085000,00060,00003,2011-11-05,44.1,ft^3/s,Approved,,2025-03-11 13:33:20.467623+00:00
-79.0955555555555,36.0711111111111,2bf55dc212734c469cd90fe8d976fadf,USGS-02085000,00060,00003,2011-11-04,168,ft^3/s,Approved,,2025-03-11 13:33:20.467623+00:00
-79.0955555555555,36.0711111111111,2bf55dc212734c469cd90fe8d976fadf,USGS-02085000,00060,00003,2011-11-03,3.20,ft^3/s,Approved,,2025-03-11 13:33:20.467623+00:00
-79.0955555555555,36.0711111111111,2bf55dc212734c469cd90fe8d976fadf,USGS-02085000,00060,00003,2011-11-02,3.34,ft^3/s,Approved,,2025-03-11 13:33:20.467623+00:00
-79.0955555555555,36.0711111111111,2bf55dc212734c469cd90fe8d976fadf,USGS-02085000,00060,00003,2011-11-01,3.23,ft^3/s,Approved,,2025-03-11 13:33:20.467623+00:00
-79.0955555555555,36.0711111111111,2bf55dc212734c469cd90fe8d976fadf,USGS-02085000,00060,00003,2011-10-31,3.06,ft^3/s,Approved,,2025-03-11 13:33:20.467623+00:00
-79.0955555555555,36.0711111111111,2bf55dc212734c469cd90fe8d976fadf,USGS-02085000,00060,00003,2011-10-30,4.09,ft^3/s,Approved,,2025-03-11 13:33:20.467623+00:00
-79.0955555555555,36.0711111111111,2bf55dc212734c469cd90fe8d976fadf,USGS-02085000,00060,00003,2011-10-29,6.68,ft^3/s,Approved,,2025-03-11 13:33:20.467623+00:00
-79.0955555555555,36.0711111111111,2bf55dc212734c469cd90fe8d976fadf,USGS-02085000,00060,00003,2011-10-28,0.88,ft^3/s,Approved,,2025-03-11 13:33:20.467623+00:00
-79.0955555555555,36.0711111111111,2bf55dc212734c469cd90fe8d976fadf,USGS-02085000,00060,00003,2011-10-27,1.12,ft^3/s,Approved,,2025-03-11 13:33:20.467623+00:00
-79.0955555555555,36.0711111111111,2bf55dc212734c469cd90fe8d976fadf,USGS-02085000,00060,00003,2011-10-26,0.63,ft^3/s,Approved,,2025-03-11 13:33:20.467623+00:00
-79.0955555555555,36.0711111111111,2bf55dc212734c469cd90fe8d976fadf,USGS-02085000,00060,00003,2011-10-25,0.34,ft^3/s,Approved,,2025-03-11 13:33:20.467623+00:00
-79.0955555555555,36.0711111111111,2bf55dc212734c469cd90fe8d976fadf,USGS-02085000,00060,00003,2011-10-24,0.22,ft^3/s,Approved,,2025-03-11 13:33:20.467623+00:00
-79.0955555555555,36.0711111111111,2bf55dc212734c469cd90fe8d976fadf,USGS-02085000,00060,00003,2011-10-23,0.25,ft^3/s,Approved,,2025-03-11 13:33:20.467623+00:00
-79.0955555555555,36.0711111111111,2bf55dc212734c469cd90fe8d976fadf,USGS-02085000,00060,00003,2011-10-22,0.71,ft^3/s,Approved,,2025-03-11 13:33:20.467623+00:00
-79.0955555555555,36.0711111111111,2bf55dc212734c469cd90fe8d976fadf,USGS-02085000,00060,00003,2011-10-21,2.81,ft^3/s,Approved,,2025-03-11 13:33:20.467623+00:00
-79.0955555555555,36.0711111111111,2bf55dc212734c469cd90fe8d976fadf,USGS-02085000,00060,00003,2011-10-20,5.50,ft^3/s,Approved,,2025-03-11 13:33:20.467623+00:00
-79.0955555555555,36.0711111111111,2bf55dc212734c469cd90fe8d976fadf,USGS-02085000,00060,00003,2011-10-19,14.8,ft^3/s,Approved,,2025-03-11 13:33:20.467623+00:00
-79.0955555555555,36.0711111111111,2bf55dc212734c469cd90fe8d976fadf,USGS-02085000,00060,00003,2011-10-18,2.31,ft^3/s,Approved,,2025-03-11 13:33:20.467623+00:00
-79.0955555555555,36.0711111111111,2bf55dc212734c469cd90fe8d976fadf,USGS-02085000,00060,00003,2011-10-17,2.60,ft^3/s,Approved,,2025-03-11 13:33:20.467623+00:00
-79.0955555555555,36.0711111111111,2bf55dc212734c469cd90fe8d976fadf,USGS-02085000,00060,00003,2011-10-16,1.88,ft^3/s,Approved,,2025-03-11 13:33:20.467623+00:00
-79.0955555555555,36.0711111111111,2bf55dc212734c469cd90fe8d976fadf,USGS-02085000,00060,00003,2011-10-15,2.28,ft^3/s,Approved,,2025-03-11 13:33:20.467623+00:00
-79.0955555555555,36.0711111111111,2bf55dc212734c469cd90fe8d976fadf,USGS-02085000,00060,00003,2011-10-14,2.40,ft^3/s,Approved,,2025-03-11 13:33:20.467623+00:00
-79.0955555555555,36.0711111111111,2bf55dc212734c469cd90fe8d976fadf,USGS-02085000,00060,00003,2011-10-13,1.85,ft^3/s,Approved,,2025-03-11 13:33:20.467623+00:00
-79.0955555555555,36.0711111111111,2bf55dc212734c469cd90fe8d976fadf,USGS-02085000,00060,00003,2011-10-12,2.63,ft^3/s,Approved,,2025-03-11 13:33:20.467623+00:00
-79.0955555555555,36.0711111111111,2bf55dc212734c469cd90fe8d976fadf,USGS-02085000,00060,00003,2011-10-11,1.03,ft^3/s,Approved,,2025-03-11 13:33:20.467623+00:00
-79.0955555555555,36.0711111111111,2bf55dc212734c469cd90fe8d976fadf,USGS-02085000,00060,00003,2011-10-10,1.08,ft^3/s,Approved,,2025-03-11 13:33:20.467623+00:00
-79.0955555555555,36.0711111111111,2bf55dc212734c469cd90fe8d976fadf,USGS-02085000,00060,00003,2011-10-09,1.23,ft^3/s,Approved,,2025-03-11 13:33:20.467623+00:00
-79.0955555555555,36.0711111111111,2bf55dc212734c469cd90fe8d976fadf,USGS-02085000,00060,00003,2011-10-08,1.39,ft^3/s,Approved,,2025-03-11 13:33:20.467623+00:00
-79.0955555555555,36.0711111111111,2bf55dc212734c469cd90fe8d976fadf,USGS-02085000,00060,00003,2011-10-07,1.94,ft^3/s,Approved,,2025-03-11 13:33:20.467623+00:00
-79.0955555555555,36.0711111111111,2bf55dc212734c469cd90fe8d976fadf,USGS-02085000,00060,00003,2011-10-06,1.49,ft^3/s,Approved,,2025-03-11 13:33:20.467623+00:00
-79.0955555555555,36.0711111111111,2bf55dc212734c469cd90fe8d976fadf,USGS-02085000,00060,00003,2011-10-05,1.38,ft^3/s,Approved,,2025-03-11 13:33:20.467623+00:00
-79.0955555555555,36.0711111111111,2bf55dc212734c469cd90fe8d976fadf,USGS-02085000,00060,00003,2011-10-04,2.77,ft^3/s,Approved,,2025-03-11 13:33:20.467623+00:00
-79.0955555555555,36.0711111111111,2bf55dc212734c469cd90fe8d976fadf,USGS-02085000,00060,00003,2011-10-03,3.11,ft^3/s,Approved,,2025-03-11 13:33:20.467623+00:00
-79.0955555555555,36.0711111111111,2bf55dc212734c469cd90fe8d976fadf,USGS-02085000,00060,00003,2011-10-02,3.23,ft^3/s,Approved,,2025-03-11 13:33:20.467623+00:00
-79.0955555555555,36.0711111111111,2bf55dc212734c469cd90fe8d976fadf,USGS-02085000,00060,00003,2011-10-01,3.21,ft^3/s,Approved,,2025-03-11 13:33:20.467623+00:00
-79.0955555555555,36.0711111111111,2bf55dc212734c469cd90fe8d976fadf,USGS-02085000,00060,00003,2011-09-30,3.39,ft^3/s,Approved,,2025-03-11 13:33:20.467623+00:00
-79.0955555555555,36.0711111111111,2bf55dc212734c469cd90fe8d976fadf,USGS-02085000,00060,00003,2011-09-29,3.52,ft^3/s,Approved,,2025-03-11 13:33:20.467623+00:00
-79.0955555555555,36.0711111111111,2bf55dc212734c469cd90fe8d976fadf,USGS-02085000,00060,00003,2011-09-28,4.65,ft^3/s,Approved,,2025-03-11 13:33:20.467623+00:00
-79.0955555555555,36.0711111111111,2bf55dc212734c469cd90fe8d976fadf,USGS-02085000,00060,00003,2011-09-27,2.08,ft^3/s,Approved,,2025-03-11 13:33:20.467623+00:00
-79.0955555555555,36.0711111111111,2bf55dc212734c469cd90fe8d976fadf,USGS-02085000,00060,00003,2011-09-26,2.86,ft^3/s,Approved,,2025-03-11 13:33:20.467623+00:00
-79.0955555555555,36.0711111111111,2bf55dc212734c469cd90fe8d976fadf,USGS-02085000,00060,00003,2011-09-25,3.48,ft^3/s,Approved,,2025-03-11 13:33:20.467623+00:00
-79.0955555555555,36.0711111111111,2bf55dc212734c469cd90fe8d976fadf,USGS-02085000,00060,00003,2011-09-24,3.91,ft^3/s,Approved,,2025-03-11 13:33:20.467623+00:00
-79.0955555555555,36.0711111111111,2bf55dc212734c469cd90fe8d976fadf,USGS-02085000,00060,00003,2011-09-23,4.69,ft^3/s,Approved,,2025-03-11 13:33:20.467623+00:00
-79.0955555555555,36.0711111111111,2bf55dc212734c469cd90fe8d976fadf,USGS-02085000,00060,00003,2011-09-22,4.35,ft^3/s,Approved,,2025-03-11 13:33:20.467623+00:00
-79.0955555555555,36.0711111111111,2bf55dc212734c469cd90fe8d976fadf,USGS-02085000,00060,00003,2011-09-21,3.41,ft^3/s,Approved,,2025-03-11 13:33:20.467623+00:00
-79.0955555555555,36.0711111111111,2bf55dc212734c469cd90fe8d976fadf,USGS-02085000,00060,00003,2011-09-20,3.28,ft^3/s,Approved,,2025-03-11 13:33:20.467623+00:00
-79.0955555555555,36.0711111111111,2bf55dc212734c469cd90fe8d976fadf,USGS-02085000,00060,00003,2011-09-19,3.81,ft^3/s,Approved,,2025-03-11 13:33:20.467623+00:00
-79.0955555555555,36.0711111111111,2bf55dc212734c469cd90fe8d976fadf,USGS-02085000,00060,00003,2011-09-18,4.39,ft^3/s,Approved,,2025-03-11 13:33:20.467623+00:00
-79.0955555555555,36.0711111111111,2bf55dc212734c469cd90fe8d976fadf,USGS-02085000,00060,00003,2011-09-17,3.68,ft^3/s,Approved,,2025-03-11 13:33:20.467623+00:00
-79.0955555555555,36.0711111111111,2bf55dc212734c469cd90fe8d976fadf,USGS-02085000,00060,00003,2011-09-16,1.27,ft^3/s,Approved,,2025-03-11 13:33:20.467623+00:00
-79.0955555555555,36.0711111111111,2bf55dc212734c469cd90fe8d976fadf,USGS-02085000,00060,00003,2011-09-15,1.16,ft^3/s,Approved,,2025-03-11 13:33:20.467623+00:00
-79.0955555555555,36.0711111111111,2bf55dc212734c469cd90fe8d976fadf,USGS-02085000,00060,00003,2011-09-14,2.13,ft^3/s,Approved,,2025-03-11 13:33:20.467623+00:00
-79.0955555555555,36.0711111111111,2bf55dc212734c469cd90fe8d976fadf,USGS-02085000,00060,00003,2011-09-13,2.68,ft^3/s,Approved,,2025-03-11 13:33:20.467623+00:00
-79.0955555555555,36.0711111111111,2bf55dc212734c469cd90fe8d976fadf,USGS-02085000,00060,00003,2011-09-12,3.74,ft^3/s,Approved,,2025-03-11 13:33:20.467623+00:00
-79.0955555555555,36.0711111111111,2bf55dc212734c469cd90fe8d976fadf,USGS-02085000,00060,00003,2011-09-11,3.97,ft^3/s,Approved,,2025-03-11 13:33:20.467623+00:00
-79.0955555555555,36.0711111111111,2bf55dc212734c469cd90fe8d976fadf,USGS-02085000,00060,00003,2011-09-10,3.58,ft^3/s,Approved,,2025-03-11 13:33:20.467623+00:00
-79.0955555555555,36.0711111111111,2bf55dc212734c469cd90fe8d976fadf,USGS-02085000,00060,00003,2011-09-09,2.14,ft^3/s,Approved,,2025-03-11 13:33:20.467623+00:00
-79.0955555555555,36.0711111111111,2bf55dc212734c469cd90fe8d976fadf,USGS-02085000,00060,00003,2011-09-08,4.41,ft^3/s,Approved,,2025-03-11 13:33:20.467623+00:00
-79.0955555555555,36.0711111111111,2bf55dc212734c469cd90fe8d976fadf,USGS-02085000,00060,00003,2011-09-07,10.1,ft^3/s,Approved,,2025-03-11 13:33:20.467623+00:00
-79.0955555555555,36.0711111111111,2bf55dc212734c469cd90fe8d976fadf,USGS-02085000,00060,00003,2011-09-06,10.5,ft^3/s,Approved,,2025-03-11 13:33:20.467623+00:00
-79.0955555555555,36.0711111111111,2bf55dc212734c469cd90fe8d976fadf,USGS-02085000,00060,00003,2011-09-05,3.24,ft^3/s,Approved,,2025-03-11 13:33:20.467623+00:00
-79.0955555555555,36.0711111111111,2bf55dc212734c469cd90fe8d976fadf,USGS-02085000,00060,00003,2011-09-04,3.31,ft^3/s,Approved,,2025-03-11 13:33:20.467623+00:00
-79.0955555555555,36.0711111111111,2bf55dc212734c469cd90fe8d976fadf,USGS-02085000,00060,00003,2011-09-03,3.06,ft^3/s,Approved,,2025-03-11 13:33:20.467623+00:00
-79.0955555555555,36.0711111111111,2bf55dc212734c469cd90fe8d976fadf,USGS-02085000,00060,00003,2011-09-02,3.19,ft^3/s,Approved,,2025-03-11 13:33:20.467623+00:00
-79.0955555555555,36.0711111111111,2bf55dc212734c469cd90fe8d976fadf,USGS-02085000,00060,00003,2011-09-01,2.90,ft^3/s,Approved,,2025-03-11 13:33:20.467623+00:00
-79.0955555555555,36.0711111111111,2bf55dc212734c469cd90fe8d976fadf,USGS-02085000,00060,00003,2011-08-31,3.03,ft^3/s,Approved,,2025-03-11 13:33:20.467623+00:00
-79.0955555555555,36.0711111111111,2bf55dc212734c469cd90fe8d976fadf,USGS-02085000,00060,00003,2011-08-30,3.15,ft^3/s,Approved,,2025-03-11 13:33:20.467623+00:00
-79.0955555555555,36.0711111111111,2bf55dc212734c469cd90fe8d976fadf,USGS-02085000,00060,00003,2011-08-29,2.51,ft^3/s,Approved,,2025-03-11 13:33:20.467623+00:00
-79.0955555555555,36.0711111111111,2bf55dc212734c469cd90fe8d976fadf,USGS-02085000,00060,00003,2011-08-28,2.82,ft^3/s,Approved,,2025-03-11 13:33:20.467623+00:00
-79.0955555555555,36.0711111111111,2bf55dc212734c469cd90fe8d976fadf,USGS-02085000,00060,00003,2011-08-27,3.20,ft^3/s,Approved,,2025-03-11 13:33:20.467623+00:00
-79.0955555555555,36.0711111111111,2bf55dc212734c469cd90fe8d976fadf,USGS-02085000,00060,00003,2011-08-26,2.29,ft^3/s,Approved,,2025-03-11 13:33:20.467623+00:00
-79.0955555555555,36.0711111111111,2bf55dc212734c469cd90fe8d976fadf,USGS-02085000,00060,00003,2011-08-25,2.35,ft^3/s,Approved,,2025-03-11 13:33:20.467623+00:00
-79.0955555555555,36.0711111111111,2bf55dc212734c469cd90fe8d976fadf,USGS-02085000,00060,00003,2011-08-24,1.91,ft^3/s,Approved,,2025-03-11 13:33:20.467623+00:00
-79.0955555555555,36.0711111111111,2bf55dc212734c469cd90fe8d976fadf,USGS-02085000,00060,00003,2011-08-23,2.32,ft^3/s,Approved,,2025-03-11 13:33:20.467623+00:00
-79.0955555555555,36.0711111111111,2bf55dc212734c469cd90fe8d976fadf,USGS-02085000,00060,00003,2011-08-22,2.96,ft^3/s,Approved,,2025-03-11 13:33:20.467623+00:00
-79.0955555555555,36.0711111111111,2bf55dc212734c469cd90fe8d976fadf,USGS-02085000,00060,00003,2011-08-21,3.09,ft^3/s,Approved,,2025-03-11 13:33:20.467623+00:00
-79.0955555555555,36.0711111111111,2bf55dc212734c469cd90fe8d976fadf,USGS-02085000,00060,00003,2011-08-20,2.50,ft^3/s,Approved,,2025-03-11 13:33:20.467623+00:00
-79.0955555555555,36.0711111111111,2bf55dc212734c469cd90fe8d976fadf,USGS-02085000,00060,00003,2011-08-19,2.59,ft^3/s,Approved,,2025-03-11 13:33:20.467623+00:00
-79.0955555555555,36.0711111111111,2bf55dc212734c469cd90fe8d976fadf,USGS-02085000,00060,00003,2011-08-18,2.68,ft^3/s,Approved,,2025-03-11 13:33:20.467623+00:00
-79.0955555555555,36.0711111111111,2bf55dc212734c469cd90fe8d976fadf,USGS-02085000,00060,00003,2011-08-17,2.42,ft^3/s,Approved,,2025-03-11 13:33:20.467623+00:00
-79.0955555555555,36.0711111111111,2bf55dc212734c469cd90fe8d976fadf,USGS-02085000,00060,00003,2011-08-16,2.74,ft^3/s,Approved,,2025-03-11 13:33:20.467623+00:00
-79.0955555555555,36.0711111111111,2bf55dc212734c469cd90fe8d976fadf,USGS-02085000,00060,00003,2011-08-15,3.21,ft^3/s,Approved,,2025-03-11 13:33:20.467623+00:00
-79.0955555555555,36.0711111111111,2bf55dc212734c469cd90fe8d976fadf,USGS-02085000,00060,00003,2011-08-14,4.03,ft^3/s,Approved,,2025-03-11 13:33:20.467623+00:00
-79.0955555555555,36.0711111111111,2bf55dc212734c469cd90fe8d976fadf,USGS-02085000,00060,00003,2011-08-13,4.53,ft^3/s,Approved,,2025-03-11 13:33:20.467623+00:00
-79.0955555555555,36.0711111111111,2bf55dc212734c469cd90fe8d976fadf,USGS-02085000,00060,00003,2011-08-12,4.87,ft^3/s,Approved,,2025-03-11 13:33:20.467623+00:00
-79.0955555555555,36.0711111111111,2bf55dc212734c469cd90fe8d976fadf,USGS-02085000,00060,00003,2011-08-11,3.36,ft^3/s,Approved,,2025-03-11 13:33:20.467623+00:00
-79.0955555555555,36.0711111111111,2bf55dc212734c469cd90fe8d976fadf,USGS-02085000,00060,00003,2011-08-10,2.93,ft^3/s,Approved,,2025-03-11 13:33:20.467623+00:00
-79.0955555555555,36.0711111111111,2bf55dc212734c469cd90fe8d976fadf,USGS-02085000,00060,00003,2011-08-09,2.10,ft^3/s,Approved,,2025-03-11 13:33:20.467623+00:00
-79.0955555555555,36.0711111111111,2bf55dc212734c469cd90fe8d976fadf,USGS-02085000,00060,00003,2011-08-08,2.63,ft^3/s,Approved,,2025-03-11 13:33:20.467623+00:00
-79.0955555555555,36.0711111111111,2bf55dc212734c469cd90fe8d976fadf,USGS-02085000,00060,00003,2011-08-07,4.77,ft^3/s,Approved,,2025-03-11 13:33:20.467623+00:00
-79.0955555555555,36.0711111111111,2bf55dc212734c469cd90fe8d976fadf,USGS-02085000,00060,00003,2011-08-06,18.1,ft^3/s,Approved,,2025-03-11 13:33:20.467623+00:00
-79.0955555555555,36.0711111111111,2bf55dc212734c469cd90fe8d976fadf,USGS-02085000,00060,00003,2011-08-05,4.33,ft^3/s,Approved,,2025-03-11 13:33:20.467623+00:00
-79.0955555555555,36.0711111111111,2bf55dc212734c469cd90fe8d976fadf,USGS-02085000,00060,00003,2011-08-04,3.42,ft^3/s,Approved,,2025-03-11 13:33:20.467623+00:00
-79.0955555555555,36.0711111111111,2bf55dc212734c469cd90fe8d976fadf,USGS-02085000,00060,00003,2011-08-03,3.55,ft^3/s,Approved,,2025-03-11 13:33:20.467623+00:00
-79.0955555555555,36.0711111111111,2bf55dc212734c469cd90fe8d976fadf,USGS-02085000,00060,00003,2011-08-02,3.81,ft^3/s,Approved,,2025-03-11 13:33:20.467623+00:00
-79.0955555555555,36.0711111111111,2bf55dc212734c469cd90fe8d976fadf,USGS-02085000,00060,00003,2011-08-01,4.94,ft^3/s,Approved,,2025-03-11 13:33:20.467623+00:00
-79.0955555555555,36.0711111111111,2bf55dc212734c469cd90fe8d976fadf,USGS-02085000,00060,00003,2011-07-31,8.59,ft^3/s,Approved,,2025-03-11 13:33:20.467623+00:00
-79.0955555555555,36.0711111111111,2bf55dc212734c469cd90fe8d976fadf,USGS-02085000,00060,00003,2011-07-30,8.81,ft^3/s,Approved,,2025-03-11 13:33:20.467623+00:00
-79.0955555555555,36.0711111111111,2bf55dc212734c469cd90fe8d976fadf,USGS-02085000,00060,00003,2011-07-29,8.05,ft^3/s,Approved,,2025-03-11 13:33:20.467623+00:00
-79.0955555555555,36.0711111111111,2bf55dc212734c469cd90fe8d976fadf,USGS-02085000,00060,00003,2011-07-28,6.12,ft^3/s,Approved,,2025-03-11 13:33:20.467623+00:00
-79.0955555555555,36.0711111111111,2bf55dc212734c469cd90fe8d976fadf,USGS-02085000,00060,00003,2011-07-27,4.32,ft^3/s,Approved,,2025-03-11 13:33:20.467623+00:00
-79.0955555555555,36.0711111111111,2bf55dc212734c469cd90fe8d976fadf,USGS-02085000,00060,00003,2011-07-26,6.03,ft^3/s,Approved,,2025-03-11 13:33:20.467623+00:00
-79.0955555555555,36.0711111111111,2bf55dc212734c469cd90fe8d976fadf,USGS-02085000,00060,00003,2011-07-25,3.46,ft^3/s,Approved,,2025-03-11 13:33:20.467623+00:00
-79.0955555555555,36.0711111111111,2bf55dc212734c469cd90fe8d976fadf,USGS-02085000,00060,00003,2011-07-24,0.62,ft^3/s,Approved,,2025-03-11 13:33:20.467623+00:00
-79.0955555555555,36.0711111111111,2bf55dc212734c469cd90fe8d976fadf,USGS-02085000,00060,00003,2011-07-23,0.93,ft^3/s,Approved,,2025-09-16 15:57:16.658682+00:00
-79.0955555555555,36.0711111111111,2bf55dc212734c469cd90fe8d976fadf,USGS-02085000,00060,00003,2011-07-22,1.60,ft^3/s,Approved,['ESTIMATED'],2025-09-16 15:57:16.658682+00:00
-79.0955555555555,36.0711111111111,2bf55dc212734c469cd90fe8d976fadf,USGS-02085000,00060,00003,2011-07-21,1.70,ft^3/s,Approved,['ESTIMATED'],2025-03-11 13:33:20.467623+00:00
-79.0955555555555,36.0711111111111,2bf55dc212734c469cd90fe8d976fadf,USGS-02085000,00060,00003,2011-07-20,1.80,ft^3/s,Approved,['ESTIMATED'],2025-03-11 13:33:20.467623+00:00
-79.0955555555555,36.0711111111111,2bf55dc212734c469cd90fe8d976fadf,USGS-02085000,00060,00003,2011-07-19,1.90,ft^3/s,Approved,['ESTIMATED'],2025-03-11 13:33:20.467623+00:00
-79.0955555555555,36.0711111111111,2bf55dc212734c469cd90fe8d976fadf,USGS-02085000,00060,00003,2011-07-18,2.00,ft^3/s,Approved,['ESTIMATED'],2025-09-16 15:57:16.658682+00:00
-79.0955555555555,36.0711111111111,2bf55dc212734c469cd90fe8d976fadf,USGS-02085000,00060,00003,2011-07-17,2.09,ft^3/s,Approved,,2025-03-11 13:33:20.467623+00:00
-79.0955555555555,36.0711111111111,2bf55dc212734c469cd90fe8d976fadf,USGS-02085000,00060,00003,2011-07-16,2.21,ft^3/s,Approved,,2025-03-11 13:33:20.467623+00:00
-79.0955555555555,36.0711111111111,2bf55dc212734c469cd90fe8d976fadf,USGS-02085000,00060,00003,2011-07-15,2.65,ft^3/s,Approved,,2025-03-11 13:33:20.467623+00:00
-79.0955555555555,36.0711111111111,2bf55dc212734c469cd90fe8d976fadf,USGS-02085000,00060,00003,2011-07-14,3.24,ft^3/s,Approved,,2025-03-11 13:33:20.467623+00:00
-79.0955555555555,36.0711111111111,2bf55dc212734c469cd90fe8d976fadf,USGS-02085000,00060,00003,2011-07-13,2.96,ft^3/s,Approved,,2025-03-11 13:33:20.467623+00:00
-79.0955555555555,36.0711111111111,2bf55dc212734c469cd90fe8d976fadf,USGS-02085000,00060,00003,2011-07-12,3.83,ft^3/s,Approved,,2025-03-11 13:33:20.467623+00:00
-79.0955555555555,36.0711111111111,2bf55dc212734c469cd90fe8d976fadf,USGS-02085000,00060,00003,2011-07-11,6.04,ft^3/s,Approved,,2025-03-11 13:33:20.467623+00:00
-79.0955555555555,36.0711111111111,2bf55dc212734c469cd90fe8d976fadf,USGS-02085000,00060,00003,2011-07-10,12.6,ft^3/s,Approved,,2025-03-11 13:33:20.467623+00:00
-79.0955555555555,36.0711111111111,2bf55dc212734c469cd90fe8d976fadf,USGS-02085000,00060,00003,2011-07-09,24.3,ft^3/s,Approved,,2025-03-11 13:33:20.467623+00:00
-79.0955555555555,36.0711111111111,2bf55dc212734c469cd90fe8d976fadf,USGS-02085000,00060,00003,2011-07-08,6.85,ft^3/s,Approved,,2025-03-11 13:33:20.467623+00:00
-79.0955555555555,36.0711111111111,2bf55dc212734c469cd90fe8d976fadf,USGS-02085000,00060,00003,2011-07-07,6.13,ft^3/s,Approved,,2025-03-11 13:33:20.467623+00:00
-79.0955555555555,36.0711111111111,2bf55dc212734c469cd90fe8d976fadf,USGS-02085000,00060,00003,2011-07-06,3.97,ft^3/s,Approved,,2025-03-11 13:33:20.467623+00:00
-79.0955555555555,36.0711111111111,2bf55dc212734c469cd90fe8d976fadf,USGS-02085000,00060,00003,2011-07-05,6.72,ft^3/s,Approved,,2025-03-11 13:33:20.467623+00:00
-79.0955555555555,36.0711111111111,2bf55dc212734c469cd90fe8d976fadf,USGS-02085000,00060,00003,2011-07-04,7.12,ft^3/s,Approved,,2025-03-11 13:33:20.467623+00:00
-79.0955555555555,36.0711111111111,2bf55dc212734c469cd90fe8d976fadf,USGS-02085000,00060,00003,2011-07-03,3.54,ft^3/s,Approved,,2025-03-11 13:33:20.467623+00:00
-79.0955555555555,36.0711111111111,2bf55dc212734c469cd90fe8d976fadf,USGS-02085000,00060,00003,2011-07-02,3.70,ft^3/s,Approved,,2025-03-11 13:33:20.467623+00:00
-79.0955555555555,36.0711111111111,2bf55dc212734c469cd90fe8d976fadf,USGS-02085000,00060,00003,2011-07-01,5.37,ft^3/s,Approved,,2025-03-11 13:33:20.467623+00:00
-79.0955555555555,36.0711111111111,2bf55dc212734c469cd90fe8d976fadf,USGS-02085000,00060,00003,2011-06-30,15.5,ft^3/s,Approved,,2025-03-11 13:33:20.467623+00:00
-79.0955555555555,36.0711111111111,2bf55dc212734c469cd90fe8d976fadf,USGS-02085000,00060,00003,2011-06-29,127,ft^3/s,Approved,,2025-03-11 13:33:20.467623+00:00
-79.0955555555555,36.0711111111111,2bf55dc212734c469cd90fe8d976fadf,USGS-02085000,00060,00003,2011-06-28,38.5,ft^3/s,Approved,,2025-03-11 13:33:20.467623+00:00
-79.0955555555555,36.0711111111111,2bf55dc212734c469cd90fe8d976fadf,USGS-02085000,00060,00003,2011-06-27,2.96,ft^3/s,Approved,,2025-03-11 13:33:20.467623+00:00
-79.0955555555555,36.0711111111111,2bf55dc212734c469cd90fe8d976fadf,USGS-02085000,00060,00003,2011-06-26,3.48,ft^3/s,Approved,,2025-03-11 13:33:20.467623+00:00
-79.0955555555555,36.0711111111111,2bf55dc212734c469cd90fe8d976fadf,USGS-02085000,00060,00003,2011-06-25,4.34,ft^3/s,Approved,,2025-03-11 13:33:20.467623+00:00
-79.0955555555555,36.0711111111111,2bf55dc212734c469cd90fe8d976fadf,USGS-02085000,00060,00003,2011-06-24,3.24,ft^3/s,Approved,,2025-03-11 13:33:20.467623+00:00
-79.0955555555555,36.0711111111111,2bf55dc212734c469cd90fe8d976fadf,USGS-02085000,00060,00003,2011-06-23,3.01,ft^3/s,Approved,,2025-03-11 13:33:20.467623+00:00
-79.0955555555555,36.0711111111111,2bf55dc212734c469cd90fe8d976fadf,USGS-02085000,00060,00003,2011-06-22,3.03,ft^3/s,Approved,,2025-03-11 13:33:20.467623+00:00
-79.0955555555555,36.0711111111111,2bf55dc212734c469cd90fe8d976fadf,USGS-02085000,00060,00003,2011-06-21,2.89,ft^3/s,Approved,,2025-03-11 13:33:20.467623+00:00
-79.0955555555555,36.0711111111111,2bf55dc212734c469cd90fe8d976fadf,USGS-02085000,00060,00003,2011-06-20,3.36,ft^3/s,Approved,,2025-03-11 13:33:20.467623+00:00
-79.0955555555555,36.0711111111111,2bf55dc212734c469cd90fe8d976fadf,USGS-02085000,00060,00003,2011-06-19,4.02,ft^3/s,Approved,,2025-03-11 13:33:20.467623+00:00
-79.0955555555555,36.0711111111111,2bf55dc212734c469cd90fe8d976fadf,USGS-02085000,00060,00003,2011-06-18,3.37,ft^3/s,Approved,,2025-03-11 13:33:20.467623+00:00
-79.0955555555555,36.0711111111111,2bf55dc212734c469cd90fe8d976fadf,USGS-02085000,00060,00003,2011-06-17,3.38,ft^3/s,Approved,,2025-03-11 13:33:20.467623+00:00
-79.0955555555555,36.0711111111111,2bf55dc212734c469cd90fe8d976fadf,USGS-02085000,00060,00003,2011-06-16,3.50,ft^3/s,Approved,,2025-03-11 13:33:20.467623+00:00
-79.0955555555555,36.0711111111111,2bf55dc212734c469cd90fe8d976fadf,USGS-02085000,00060,00003,2011-06-15,3.87,ft^3/s,Approved,,2025-03-11 13:33:20.467623+00:00
-79.0955555555555,36.0711111111111,2bf55dc212734c469cd90fe8d976fadf,USGS-02085000,00060,00003,2011-06-14,4.40,ft^3/s,Approved,,2025-03-11 13:33:20.467623+00:00
-79.0955555555555,36.0711111111111,2bf55dc212734c469cd90fe8d976fadf,USGS-02085000,00060,00003,2011-06-13,5.07,ft^3/s,Approved,,2025-03-11 13:33:20.467623+00:00
-79.0955555555555,36.0711111111111,2bf55dc212734c469cd90fe8d976fadf,USGS-02085000,00060,00003,2011-06-12,6.43,ft^3/s,Approved,,2025-03-11 13:33:20.467623+00:00
-79.0955555555555,36.0711111111111,2bf55dc212734c469cd90fe8d976fadf,USGS-02085000,00060,00003,2011-06-11,4.91,ft^3/s,Approved,,2025-03-11 13:33:20.467623+00:00
-79.0955555555555,36.0711111111111,2bf55dc212734c469cd90fe8d976fadf,USGS-02085000,00060,00003,2011-06-10,3.73,ft^3/s,Approved,,2025-03-11 13:33:20.467623+00:00
-79.0955555555555,36.0711111111111,2bf55dc212734c469cd90fe8d976fadf,USGS-02085000,00060,00003,2011-06-09,2.12,ft^3/s,Approved,,2025-03-11 13:33:20.467623+00:00
-79.0955555555555,36.0711111111111,2bf55dc212734c469cd90fe8d976fadf,USGS-02085000,00060,00003,2011-06-08,2.24,ft^3/s,Approved,,2025-03-11 13:33:20.467623+00:00
-79.0955555555555,36.0711111111111,2bf55dc212734c469cd90fe8d976fadf,USGS-02085000,00060,00003,2011-06-07,2.30,ft^3/s,Approved,,2025-03-11 13:33:20.467623+00:00
-79.0955555555555,36.0711111111111,2bf55dc212734c469cd90fe8d976fadf,USGS-02085000,00060,00003,2011-06-06,2.56,ft^3/s,Approved,,2025-03-11 13:33:20.467623+00:00
-79.0955555555555,36.0711111111111,2bf55dc212734c469cd90fe8d976fadf,USGS-02085000,00060,00003,2011-06-05,2.64,ft^3/s,Approved,,2025-03-11 13:33:20.467623+00:00
-79.0955555555555,36.0711111111111,2bf55dc212734c469cd90fe8d976fadf,USGS-02085000,00060,00003,2011-06-04,2.85,ft^3/s,Approved,,2025-03-11 13:33:20.467623+00:00
-79.0955555555555,36.0711111111111,2bf55dc212734c469cd90fe8d976fadf,USGS-02085000,00060,00003,2011-06-03,3.38,ft^3/s,Approved,,2025-03-11 13:33:20.467623+00:00
-79.0955555555555,36.0711111111111,2bf55dc212734c469cd90fe8d976fadf,USGS-02085000,00060,00003,2011-06-02,3.82,ft^3/s,Approved,,2025-03-11 13:33:20.467623+00:00
-79.0955555555555,36.0711111111111,2bf55dc212734c469cd90fe8d976fadf,USGS-02085000,00060,00003,2011-06-01,4.02,ft^3/s,Approved,,2025-03-11 13:33:20.467623+00:00
-79.0955555555555,36.0711111111111,2bf55dc212734c469cd90fe8d976fadf,USGS-02085000,00060,00003,2011-05-31,4.22,ft^3/s,Approved,,2025-03-11 13:33:20.467623+00:00
-79.0955555555555,36.0711111111111,2bf55dc212734c469cd90fe8d976fadf,USGS-02085000,00060,00003,2011-05-30,5.47,ft^3/s,Approved,,2025-03-11 13:33:20.467623+00:00
-79.0955555555555,36.0711111111111,2bf55dc212734c469cd90fe8d976fadf,USGS-02085000,00060,00003,2011-05-29,7.45,ft^3/s,Approved,,2025-03-11 13:33:20.467623+00:00
-79.0955555555555,36.0711111111111,2bf55dc212734c469cd90fe8d976fadf,USGS-02085000,00060,00003,2011-05-28,9.81,ft^3/s,Approved,,2025-03-11 13:33:20.467623+00:00
-79.0955555555555,36.0711111111111,2bf55dc212734c469cd90fe8d976fadf,USGS-02085000,00060,00003,2011-05-27,9.44,ft^3/s,Approved,,2025-03-11 13:33:20.467623+00:00
-79.0955555555555,36.0711111111111,2bf55dc212734c469cd90fe8d976fadf,USGS-02085000,00060,00003,2011-05-26,5.40,ft^3/s,Approved,,2025-03-11 13:33:20.467623+00:00
-79.0955555555555,36.0711111111111,2bf55dc212734c469cd90fe8d976fadf,USGS-02085000,00060,00003,2011-05-25,6.57,ft^3/s,Approved,,2025-03-11 13:33:20.467623+00:00
-79.0955555555555,36.0711111111111,2bf55dc212734c469cd90fe8d976fadf,USGS-02085000,00060,00003,2011-05-24,8.69,ft^3/s,Approved,,2025-03-11 13:33:20.467623+00:00
-79.0955555555555,36.0711111111111,2bf55dc212734c469cd90fe8d976fadf,USGS-02085000,00060,00003,2011-05-23,7.49,ft^3/s,Approved,,2025-03-11 13:33:20.467623+00:00
-79.0955555555555,36.0711111111111,2bf55dc212734c469cd90fe8d976fadf,USGS-02085000,00060,00003,2011-05-22,6.68,ft^3/s,Approved,,2025-03-11 13:33:20.467623+00:00
-79.0955555555555,36.0711111111111,2bf55dc212734c469cd90fe8d976fadf,USGS-02085000,00060,00003,2011-05-21,8.70,ft^3/s,Approved,,2025-03-11 13:33:20.467623+00:00
-79.0955555555555,36.0711111111111,2bf55dc212734c469cd90fe8d976fadf,USGS-02085000,00060,00003,2011-05-20,11.0,ft^3/s,Approved,,2025-03-11 13:33:20.467623+00:00
-79.0955555555555,36.0711111111111,2bf55dc212734c469cd90fe8d976fadf,USGS-02085000,00060,00003,2011-05-19,15.3,ft^3/s,Approved,,2025-03-11 13:33:20.467623+00:00
-79.0955555555555,36.0711111111111,2bf55dc212734c469cd90fe8d976fadf,USGS-02085000,00060,00003,2011-05-18,17.6,ft^3/s,Approved,,2025-03-11 13:33:20.467623+00:00
-79.0955555555555,36.0711111111111,2bf55dc212734c469cd90fe8d976fadf,USGS-02085000,00060,00003,2011-05-17,18.7,ft^3/s,Approved,,2025-03-11 13:33:20.467623+00:00
-79.0955555555555,36.0711111111111,2bf55dc212734c469cd90fe8d976fadf,USGS-02085000,00060,00003,2011-05-16,20.7,ft^3/s,Approved,,2025-03-11 13:33:20.467623+00:00
-79.0955555555555,36.0711111111111,2bf55dc212734c469cd90fe8d976fadf,USGS-02085000,00060,00003,2011-05-15,29.3,ft^3/s,Approved,,2025-03-11 13:33:20.467623+00:00
-79.0955555555555,36.0711111111111,2bf55dc212734c469cd90fe8d976fadf,USGS-02085000,00060,00003,2011-05-14,26.6,ft^3/s,Approved,,2025-03-11 13:33:20.467623+00:00
-79.0955555555555,36.0711111111111,2bf55dc212734c469cd90fe8d976fadf,USGS-02085000,00060,00003,2011-05-13,15.2,ft^3/s,Approved,,2025-03-11 13:33:20.467623+00:00
-79.0955555555555,36.0711111111111,2bf55dc212734c469cd90fe8d976fadf,USGS-02085000,00060,00003,2011-05-12,12.3,ft^3/s,Approved,,2025-03-11 13:33:20.467623+00:00
-79.0955555555555,36.0711111111111,2bf55dc212734c469cd90fe8d976fadf,USGS-02085000,00060,00003,2011-05-11,13.0,ft^3/s,Approved,,2025-03-11 13:33:20.467623+00:00
-79.0955555555555,36.0711111111111,2bf55dc212734c469cd90fe8d976fadf,USGS-02085000,00060,00003,2011-05-10,17.6,ft^3/s,Approved,,2025-03-11 13:33:20.467623+00:00
-79.0955555555555,36.0711111111111,2bf55dc212734c469cd90fe8d976fadf,USGS-02085000,00060,00003,2011-05-09,22.8,ft^3/s,Approved,,2025-03-11 13:33:20.467623+00:00
-79.0955555555555,36.0711111111111,2bf55dc212734c469cd90fe8d976fadf,USGS-02085000,00060,00003,2011-05-08,28.3,ft^3/s,Approved,,2025-03-11 13:33:20.467623+00:00
-79.0955555555555,36.0711111111111,2bf55dc212734c469cd90fe8d976fadf,USGS-02085000,00060,00003,2011-05-07,39.8,ft^3/s,Approved,,2025-03-11 13:33:20.467623+00:00
-79.0955555555555,36.0711111111111,2bf55dc212734c469cd90fe8d976fadf,USGS-02085000,00060,00003,2011-05-06,30.5,ft^3/s,Approved,,2025-03-11 13:33:20.467623+00:00
-79.0955555555555,36.0711111111111,2bf55dc212734c469cd90fe8d976fadf,USGS-02085000,00060,00003,2011-05-05,56.1,ft^3/s,Approved,,2025-03-11 13:33:20.467623+00:00
-79.0955555555555,36.0711111111111,2bf55dc212734c469cd90fe8d976fadf,USGS-02085000,00060,00003,2011-05-04,85.9,ft^3/s,Approved,,2025-03-11 13:33:20.467623+00:00
-79.0955555555555,36.0711111111111,2bf55dc212734c469cd90fe8d976fadf,USGS-02085000,00060,00003,2011-05-03,5.44,ft^3/s,Approved,,2025-03-11 13:33:20.467623+00:00
-79.0955555555555,36.0711111111111,2bf55dc212734c469cd90fe8d976fadf,USGS-02085000,00060,00003,2011-05-02,6.09,ft^3/s,Approved,,2025-03-11 13:33:20.467623+00:00
-79.0955555555555,36.0711111111111,2bf55dc212734c469cd90fe8d976fadf,USGS-02085000,00060,00003,2011-05-01,7.05,ft^3/s,Approved,,2025-03-11 13:33:20.467623+00:00
-79.0955555555555,36.0711111111111,2bf55dc212734c469cd90fe8d976fadf,USGS-02085000,00060,00003,2011-04-30,8.83,ft^3/s,Approved,,2025-03-11 13:33:20.467623+00:00
-79.0955555555555,36.0711111111111,2bf55dc212734c469cd90fe8d976fadf,USGS-02085000,00060,00003,2011-04-29,11.1,ft^3/s,Approved,,2025-03-11 13:33:20.467623+00:00
-79.0955555555555,36.0711111111111,2bf55dc212734c469cd90fe8d976fadf,USGS-02085000,00060,00003,2011-04-28,12.9,ft^3/s,Approved,,2025-03-11 13:33:20.467623+00:00
-79.0955555555555,36.0711111111111,2bf55dc212734c469cd90fe8d976fadf,USGS-02085000,00060,00003,2011-04-27,14.8,ft^3/s,Approved,,2025-03-11 13:33:20.467623+00:00
-79.0955555555555,36.0711111111111,2bf55dc212734c469cd90fe8d976fadf,USGS-02085000,00060,00003,2011-04-26,16.1,ft^3/s,Approved,,2025-03-11 13:33:20.467623+00:00
-79.0955555555555,36.0711111111111,2bf55dc212734c469cd90fe8d976fadf,USGS-02085000,00060,00003,2011-04-25,19.7,ft^3/s,Approved,,2025-03-11 13:33:20.467623+00:00
-79.0955555555555,36.0711111111111,2bf55dc212734c469cd90fe8d976fadf,USGS-02085000,00060,00003,2011-04-24,23.7,ft^3/s,Approved,,2025-03-11 13:33:20.467623+00:00
-79.0955555555555,36.0711111111111,2bf55dc212734c469cd90fe8d976fadf,USGS-02085000,00060,00003,2011-04-23,26.5,ft^3/s,Approved,,2025-03-11 13:33:20.467623+00:00
-79.0955555555555,36.0711111111111,2bf55dc212734c469cd90fe8d976fadf,USGS-02085000,00060,00003,2011-04-22,18.7,ft^3/s,Approved,,2025-03-11 13:33:20.467623+00:00
-79.0955555555555,36.0711111111111,2bf55dc212734c469cd90fe8d976fadf,USGS-02085000,00060,00003,2011-04-21,19.2,ft^3/s,Approved,,2025-03-11 13:33:20.467623+00:00
-79.0955555555555,36.0711111111111,2bf55dc212734c469cd90fe8d976fadf,USGS-02085000,00060,00003,2011-04-20,22.0,ft^3/s,Approved,,2025-03-11 13:33:20.467623+00:00
-79.0955555555555,36.0711111111111,2bf55dc212734c469cd90fe8d976fadf,USGS-02085000,00060,00003,2011-04-19,27.0,ft^3/s,Approved,,2025-03-11 13:33:20.467623+00:00
-79.0955555555555,36.0711111111111,2bf55dc212734c469cd90fe8d976fadf,USGS-02085000,00060,00003,2011-04-18,38.7,ft^3/s,Approved,,2025-03-11 13:33:20.467623+00:00
-79.0955555555555,36.0711111111111,2bf55dc212734c469cd90fe8d976fadf,USGS-02085000,00060,00003,2011-04-17,64.9,ft^3/s,Approved,,2025-03-11 13:33:20.467623+00:00
-79.0955555555555,36.0711111111111,2bf55dc212734c469cd90fe8d976fadf,USGS-02085000,00060,00003,2011-04-16,26.4,ft^3/s,Approved,,2025-03-11 13:33:20.467623+00:00
-79.0955555555555,36.0711111111111,2bf55dc212734c469cd90fe8d976fadf,USGS-02085000,00060,00003,2011-04-15,24.0,ft^3/s,Approved,,2025-03-11 13:33:20.467623+00:00
-79.0955555555555,36.0711111111111,2bf55dc212734c469cd90fe8d976fadf,USGS-02085000,00060,00003,2011-04-14,29.1,ft^3/s,Approved,,2025-03-11 13:33:20.467623+00:00
-79.0955555555555,36.0711111111111,2bf55dc212734c469cd90fe8d976fadf,USGS-02085000,00060,00003,2011-04-13,37.6,ft^3/s,Approved,,2025-03-11 13:33:20.467623+00:00
-79.0955555555555,36.0711111111111,2bf55dc212734c469cd90fe8d976fadf,USGS-02085000,00060,00003,2011-04-12,51.5,ft^3/s,Approved,,2025-03-11 13:33:20.467623+00:00
-79.0955555555555,36.0711111111111,2bf55dc212734c469cd90fe8d976fadf,USGS-02085000,00060,00003,2011-04-11,77.7,ft^3/s,Approved,,2025-03-11 13:33:20.467623+00:00
-79.0955555555555,36.0711111111111,2bf55dc212734c469cd90fe8d976fadf,USGS-02085000,00060,00003,2011-04-10,154,ft^3/s,Approved,,2025-03-11 13:33:20.467623+00:00
-79.0955555555555,36.0711111111111,2bf55dc212734c469cd90fe8d976fadf,USGS-02085000,00060,00003,2011-04-09,32.0,ft^3/s,Approved,,2025-03-11 13:33:20.467623+00:00
-79.0955555555555,36.0711111111111,2bf55dc212734c469cd90fe8d976fadf,USGS-02085000,00060,00003,2011-04-08,23.0,ft^3/s,Approved,,2025-03-11 13:33:20.467623+00:00
-79.0955555555555,36.0711111111111,2bf55dc212734c469cd90fe8d976fadf,USGS-02085000,00060,00003,2011-04-07,25.8,ft^3/s,Approved,,2025-03-11 13:33:20.467623+00:00
-79.0955555555555,36.0711111111111,2bf55dc212734c469cd90fe8d976fadf,USGS-02085000,00060,00003,2011-04-06,32.0,ft^3/s,Approved,,2025-03-11 13:33:20.467623+00:00
-79.0955555555555,36.0711111111111,2bf55dc212734c469cd90fe8d976fadf,USGS-02085000,00060,00003,2011-04-05,32.7,ft^3/s,Approved,,2025-03-11 13:33:20.467623+00:00
-79.0955555555555,36.0711111111111,2bf55dc212734c469cd90fe8d976fadf,USGS-02085000,00060,00003,2011-04-04,30.7,ft^3/s,Approved,,2025-03-11 13:33:20.467623+00:00
-79.0955555555555,36.0711111111111,2bf55dc212734c469cd90fe8d976fadf,USGS-02085000,00060,00003,2011-04-03,38.8,ft^3/s,Approved,,2025-03-11 13:33:20.467623+00:00
-79.0955555555555,36.0711111111111,2bf55dc212734c469cd90fe8d976fadf,USGS-02085000,00060,00003,2011-04-02,53.7,ft^3/s,Approved,,2025-03-11 13:33:20.467623+00:00
-79.0955555555555,36.0711111111111,2bf55dc212734c469cd90fe8d976fadf,USGS-02085000,00060,00003,2011-04-01,84.9,ft^3/s,Approved,,2025-03-11 13:33:20.467623+00:00
-79.0955555555555,36.0711111111111,2bf55dc212734c469cd90fe8d976fadf,USGS-02085000,00060,00003,2011-03-31,173,ft^3/s,Approved,,2025-03-11 13:33:20.467623+00:00
-79.0955555555555,36.0711111111111,2bf55dc212734c469cd90fe8d976fadf,USGS-02085000,00060,00003,2011-03-30,162,ft^3/s,Approved,,2025-03-11 13:33:20.467623+00:00
-79.0955555555555,36.0711111111111,2bf55dc212734c469cd90fe8d976fadf,USGS-02085000,00060,00003,2011-03-29,43.6,ft^3/s,Approved,,2025-03-11 13:33:20.467623+00:00
-79.0955555555555,36.0711111111111,2bf55dc212734c469cd90fe8d976fadf,USGS-02085000,00060,00003,2011-03-28,62.3,ft^3/s,Approved,,2025-03-11 13:33:20.467623+00:00
-79.0955555555555,36.0711111111111,2bf55dc212734c469cd90fe8d976fadf,USGS-02085000,00060,00003,2011-03-27,71.1,ft^3/s,Approved,,2025-03-11 13:33:20.467623+00:00
-79.0955555555555,36.0711111111111,2bf55dc212734c469cd90fe8d976fadf,USGS-02085000,00060,00003,2011-03-26,37.6,ft^3/s,Approved,,2025-03-11 13:33:20.467623+00:00
-79.0955555555555,36.0711111111111,2bf55dc212734c469cd90fe8d976fadf,USGS-02085000,00060,00003,2011-03-25,64.3,ft^3/s,Approved,,2025-03-11 13:33:20.467623+00:00
-79.0955555555555,36.0711111111111,2bf55dc212734c469cd90fe8d976fadf,USGS-02085000,00060,00003,2011-03-24,85.8,ft^3/s,Approved,,2025-03-11 13:33:20.467623+00:00
-79.0955555555555,36.0711111111111,2bf55dc212734c469cd90fe8d976fadf,USGS-02085000,00060,00003,2011-03-23,17.6,ft^3/s,Approved,,2025-03-11 13:33:20.467623+00:00
-79.0955555555555,36.0711111111111,2bf55dc212734c469cd90fe8d976fadf,USGS-02085000,00060,00003,2011-03-22,17.3,ft^3/s,Approved,,2025-03-11 13:33:20.467623+00:00
-79.0955555555555,36.0711111111111,2bf55dc212734c469cd90fe8d976fadf,USGS-02085000,00060,00003,2011-03-21,18.1,ft^3/s,Approved,,2025-03-11 13:33:20.467623+00:00
-79.0955555555555,36.0711111111111,2bf55dc212734c469cd90fe8d976fadf,USGS-02085000,00060,00003,2011-03-20,21.0,ft^3/s,Approved,,2025-03-11 13:33:20.467623+00:00
-79.0955555555555,36.0711111111111,2bf55dc212734c469cd90fe8d976fadf,USGS-02085000,00060,00003,2011-03-19,25.8,ft^3/s,Approved,,2025-03-11 13:33:20.467623+00:00
-79.0955555555555,36.0711111111111,2bf55dc212734c469cd90fe8d976fadf,USGS-02085000,00060,00003,2011-03-18,30.4,ft^3/s,Approved,,2025-03-11 13:33:20.467623+00:00
-79.0955555555555,36.0711111111111,2bf55dc212734c469cd90fe8d976fadf,USGS-02085000,00060,00003,2011-03-17,39.6,ft^3/s,Approved,,2025-03-11 13:33:20.467623+00:00
-79.0955555555555,36.0711111111111,2bf55dc212734c469cd90fe8d976fadf,USGS-02085000,00060,00003,2011-03-16,37.8,ft^3/s,Approved,,2025-03-11 13:33:20.467623+00:00
-79.0955555555555,36.0711111111111,2bf55dc212734c469cd90fe8d976fadf,USGS-02085000,00060,00003,2011-03-15,24.4,ft^3/s,Approved,,2025-03-11 13:33:20.467623+00:00
-79.0955555555555,36.0711111111111,2bf55dc212734c469cd90fe8d976fadf,USGS-02085000,00060,00003,2011-03-14,30.1,ft^3/s,Approved,,2025-03-11 13:33:20.467623+00:00
-79.0955555555555,36.0711111111111,2bf55dc212734c469cd90fe8d976fadf,USGS-02085000,00060,00003,2011-03-13,40.5,ft^3/s,Approved,,2025-03-11 13:33:20.467623+00:00
-79.0955555555555,36.0711111111111,2bf55dc212734c469cd90fe8d976fadf,USGS-02085000,00060,00003,2011-03-12,60.2,ft^3/s,Approved,,2025-03-11 13:33:20.467623+00:00
-79.0955555555555,36.0711111111111,2bf55dc212734c469cd90fe8d976fadf,USGS-02085000,00060,00003,2011-03-11,107,ft^3/s,Approved,,2025-03-11 13:33:20.467623+00:00
-79.0955555555555,36.0711111111111,2bf55dc212734c469cd90fe8d976fadf,USGS-02085000,00060,00003,2011-03-10,56.6,ft^3/s,Approved,,2025-03-11 13:33:20.467623+00:00
-79.0955555555555,36.0711111111111,2bf55dc212734c469cd90fe8d976fadf,USGS-02085000,00060,00003,2011-03-09,30.7,ft^3/s,Approved,,2025-03-11 13:33:20.467623+00:00
-79.0955555555555,36.0711111111111,2bf55dc212734c469cd90fe8d976fadf,USGS-02085000,00060,00003,2011-03-08,46.1,ft^3/s,Approved,,2025-03-11 13:33:20.467623+00:00
-79.0955555555555,36.0711111111111,2bf55dc212734c469cd90fe8d976fadf,USGS-02085000,00060,00003,2011-03-07,99.9,ft^3/s,Approved,,2025-03-11 13:33:20.467623+00:00
-79.0955555555555,36.0711111111111,2bf55dc212734c469cd90fe8d976fadf,USGS-02085000,00060,00003,2011-03-06,30.7,ft^3/s,Approved,,2025-03-11 13:33:20.467623+00:00
-79.0955555555555,36.0711111111111,2bf55dc212734c469cd90fe8d976fadf,USGS-02085000,00060,00003,2011-03-05,14.8,ft^3/s,Approved,,2025-03-11 13:33:20.467623+00:00
-79.0955555555555,36.0711111111111,2bf55dc212734c469cd90fe8d976fadf,USGS-02085000,00060,00003,2011-03-04,17.3,ft^3/s,Approved,,2025-03-11 13:33:20.467623+00:00
-79.0955555555555,36.0711111111111,2bf55dc212734c469cd90fe8d976fadf,USGS-02085000,00060,00003,2011-03-03,22.2,ft^3/s,Approved,,2025-03-11 13:33:20.467623+00:00
-79.0955555555555,36.0711111111111,2bf55dc212734c469cd90fe8d976fadf,USGS-02085000,00060,00003,2011-03-02,33.2,ft^3/s,Approved,,2025-03-11 13:33:20.467623+00:00
-79.0955555555555,36.0711111111111,2bf55dc212734c469cd90fe8d976fadf,USGS-02085000,00060,00003,2011-03-01,52.8,ft^3/s,Approved,,2025-03-11 13:33:20.467623+00:00
-79.0955555555555,36.0711111111111,2bf55dc212734c469cd90fe8d976fadf,USGS-02085000,00060,00003,2011-02-28,15.5,ft^3/s,Approved,,2025-03-11 13:33:20.467623+00:00
-79.0955555555555,36.0711111111111,2bf55dc212734c469cd90fe8d976fadf,USGS-02085000,00060,00003,2011-02-27,11.0,ft^3/s,Approved,,2025-03-11 13:33:20.467623+00:00
-79.0955555555555,36.0711111111111,2bf55dc212734c469cd90fe8d976fadf,USGS-02085000,00060,00003,2011-02-26,12.1,ft^3/s,Approved,,2025-03-11 13:33:20.467623+00:00
-79.0955555555555,36.0711111111111,2bf55dc212734c469cd90fe8d976fadf,USGS-02085000,00060,00003,2011-02-25,9.05,ft^3/s,Approved,,2025-03-11 13:33:20.467623+00:00
-79.0955555555555,36.0711111111111,2bf55dc212734c469cd90fe8d976fadf,USGS-02085000,00060,00003,2011-02-24,7.36,ft^3/s,Approved,,2025-03-11 13:33:20.467623+00:00
-79.0955555555555,36.0711111111111,2bf55dc212734c469cd90fe8d976fadf,USGS-02085000,00060,00003,2011-02-23,7.06,ft^3/s,Approved,,2025-03-11 13:33:20.467623+00:00
-79.0955555555555,36.0711111111111,2bf55dc212734c469cd90fe8d976fadf,USGS-02085000,00060,00003,2011-02-22,7.64,ft^3/s,Approved,,2025-03-11 13:33:20.467623+00:00
-79.0955555555555,36.0711111111111,2bf55dc212734c469cd90fe8d976fadf,USGS-02085000,00060,00003,2011-02-21,7.45,ft^3/s,Approved,,2025-03-11 13:33:20.467623+00:00
-79.0955555555555,36.0711111111111,2bf55dc212734c469cd90fe8d976fadf,USGS-02085000,00060,00003,2011-02-20,8.59,ft^3/s,Approved,,2025-03-11 13:33:20.467623+00:00
-79.0955555555555,36.0711111111111,2bf55dc212734c469cd90fe8d976fadf,USGS-02085000,00060,00003,2011-02-19,9.39,ft^3/s,Approved,,2025-03-11 13:33:20.467623+00:00
-79.0955555555555,36.0711111111111,2bf55dc212734c469cd90fe8d976fadf,USGS-02085000,00060,00003,2011-02-18,9.05,ft^3/s,Approved,,2025-03-11 13:33:20.467623+00:00
-79.0955555555555,36.0711111111111,2bf55dc212734c469cd90fe8d976fadf,USGS-02085000,00060,00003,2011-02-17,8.51,ft^3/s,Approved,,2025-03-11 13:33:20.467623+00:00
-79.0955555555555,36.0711111111111,2bf55dc212734c469cd90fe8d976fadf,USGS-02085000,00060,00003,2011-02-16,9.35,ft^3/s,Approved,,2025-03-11 13:33:20.467623+00:00
-79.0955555555555,36.0711111111111,2bf55dc212734c469cd90fe8d976fadf,USGS-02085000,00060,00003,2011-02-15,10.1,ft^3/s,Approved,,2025-03-11 13:33:20.467623+00:00
-79.0955555555555,36.0711111111111,2bf55dc212734c469cd90fe8d976fadf,USGS-02085000,00060,00003,2011-02-14,10.9,ft^3/s,Approved,,2025-03-11 13:33:20.467623+00:00
-79.0955555555555,36.0711111111111,2bf55dc212734c469cd90fe8d976fadf,USGS-02085000,00060,00003,2011-02-13,13.8,ft^3/s,Approved,,2025-03-11 13:33:20.467623+00:00
-79.0955555555555,36.0711111111111,2bf55dc212734c469cd90fe8d976fadf,USGS-02085000,00060,00003,2011-02-12,14.5,ft^3/s,Approved,,2025-03-11 13:33:20.467623+00:00
-79.0955555555555,36.0711111111111,2bf55dc212734c469cd90fe8d976fadf,USGS-02085000,00060,00003,2011-02-11,16.5,ft^3/s,Approved,,2025-03-11 13:33:20.467623+00:00
-79.0955555555555,36.0711111111111,2bf55dc212734c469cd90fe8d976fadf,USGS-02085000,00060,00003,2011-02-10,18.7,ft^3/s,Approved,,2025-03-11 13:33:20.467623+00:00
-79.0955555555555,36.0711111111111,2bf55dc212734c469cd90fe8d976fadf,USGS-02085000,00060,00003,2011-02-09,21.2,ft^3/s,Approved,,2025-03-11 13:33:20.467623+00:00
-79.0955555555555,36.0711111111111,2bf55dc212734c469cd90fe8d976fadf,USGS-02085000,00060,00003,2011-02-08,27.7,ft^3/s,Approved,,2025-03-11 13:33:20.467623+00:00
-79.0955555555555,36.0711111111111,2bf55dc212734c469cd90fe8d976fadf,USGS-02085000,00060,00003,2011-02-07,38.1,ft^3/s,Approved,,2025-03-11 13:33:20.467623+00:00
-79.0955555555555,36.0711111111111,2bf55dc212734c469cd90fe8d976fadf,USGS-02085000,00060,00003,2011-02-06,67.1,ft^3/s,Approved,,2025-03-11 13:33:20.467623+00:00
-79.0955555555555,36.0711111111111,2bf55dc212734c469cd90fe8d976fadf,USGS-02085000,00060,00003,2011-02-05,83.3,ft^3/s,Approved,,2025-03-11 13:33:20.467623+00:00
-79.0955555555555,36.0711111111111,2bf55dc212734c469cd90fe8d976fadf,USGS-02085000,00060,00003,2011-02-04,12.2,ft^3/s,Approved,,2025-03-11 13:33:20.467623+00:00
-79.0955555555555,36.0711111111111,2bf55dc212734c469cd90fe8d976fadf,USGS-02085000,00060,00003,2011-02-03,10.9,ft^3/s,Approved,,2025-03-11 13:33:20.467623+00:00
-79.0955555555555,36.0711111111111,2bf55dc212734c469cd90fe8d976fadf,USGS-02085000,00060,00003,2011-02-02,10.3,ft^3/s,Approved,,2025-03-11 13:33:20.467623+00:00
-79.0955555555555,36.0711111111111,2bf55dc212734c469cd90fe8d976fadf,USGS-02085000,00060,00003,2011-02-01,8.96,ft^3/s,Approved,,2025-03-11 13:33:20.467623+00:00
-79.0955555555555,36.0711111111111,2bf55dc212734c469cd90fe8d976fadf,USGS-02085000,00060,00003,2011-01-31,9.60,ft^3/s,Approved,,2025-03-11 13:33:20.467623+00:00
-79.0955555555555,36.0711111111111,2bf55dc212734c469cd90fe8d976fadf,USGS-02085000,00060,00003,2011-01-30,11.1,ft^3/s,Approved,,2025-03-11 13:33:20.467623+00:00
-79.0955555555555,36.0711111111111,2bf55dc212734c469cd90fe8d976fadf,USGS-02085000,00060,00003,2011-01-29,13.7,ft^3/s,Approved,,2025-03-11 13:33:20.467623+00:00
-79.0955555555555,36.0711111111111,2bf55dc212734c469cd90fe8d976fadf,USGS-02085000,00060,00003,2011-01-28,17.2,ft^3/s,Approved,,2025-03-11 13:33:20.467623+00:00
-79.0955555555555,36.0711111111111,2bf55dc212734c469cd90fe8d976fadf,USGS-02085000,00060,00003,2011-01-27,18.8,ft^3/s,Approved,,2025-03-11 13:33:20.467623+00:00
-79.0955555555555,36.0711111111111,2bf55dc212734c469cd90fe8d976fadf,USGS-02085000,00060,00003,2011-01-26,12.1,ft^3/s,Approved,,2025-03-11 13:33:20.467623+00:00
-79.0955555555555,36.0711111111111,2bf55dc212734c469cd90fe8d976fadf,USGS-02085000,00060,00003,2011-01-25,6.54,ft^3/s,Approved,,2025-03-11 13:33:20.467623+00:00
-79.0955555555555,36.0711111111111,2bf55dc212734c469cd90fe8d976fadf,USGS-02085000,00060,00003,2011-01-24,6.53,ft^3/s,Approved,,2025-03-11 13:33:20.467623+00:00
-79.0955555555555,36.0711111111111,2bf55dc212734c469cd90fe8d976fadf,USGS-02085000,00060,00003,2011-01-23,6.93,ft^3/s,Approved,,2025-03-11 13:33:20.467623+00:00
-79.0955555555555,36.0711111111111,2bf55dc212734c469cd90fe8d976fadf,USGS-02085000,00060,00003,2011-01-22,7.92,ft^3/s,Approved,,2025-03-11 13:33:20.467623+00:00
-79.0955555555555,36.0711111111111,2bf55dc212734c469cd90fe8d976fadf,USGS-02085000,00060,00003,2011-01-21,8.17,ft^3/s,Approved,,2025-03-11 13:33:20.467623+00:00
-79.0955555555555,36.0711111111111,2bf55dc212734c469cd90fe8d976fadf,USGS-02085000,00060,00003,2011-01-20,8.66,ft^3/s,Approved,,2025-03-11 13:33:20.467623+00:00
-79.0955555555555,36.0711111111111,2bf55dc212734c469cd90fe8d976fadf,USGS-02085000,00060,00003,2011-01-19,9.23,ft^3/s,Approved,,2025-03-11 13:33:20.467623+00:00
-79.0955555555555,36.0711111111111,2bf55dc212734c469cd90fe8d976fadf,USGS-02085000,00060,00003,2011-01-18,8.96,ft^3/s,Approved,,2025-03-11 13:33:20.467623+00:00
-79.0955555555555,36.0711111111111,2bf55dc212734c469cd90fe8d976fadf,USGS-02085000,00060,00003,2011-01-17,8.17,ft^3/s,Approved,,2025-03-11 13:33:20.467623+00:00
-79.0955555555555,36.0711111111111,2bf55dc212734c469cd90fe8d976fadf,USGS-02085000,00060,00003,2011-01-16,8.58,ft^3/s,Approved,,2025-03-11 13:33:20.467623+00:00
-79.0955555555555,36.0711111111111,2bf55dc212734c469cd90fe8d976fadf,USGS-02085000,00060,00003,2011-01-15,7.81,ft^3/s,Approved,,2025-03-11 13:33:20.467623+00:00
-79.0955555555555,36.0711111111111,2bf55dc212734c469cd90fe8d976fadf,USGS-02085000,00060,00003,2011-01-14,8.30,ft^3/s,Approved,,2025-03-11 13:33:20.467623+00:00
-79.0955555555555,36.0711111111111,2bf55dc212734c469cd90fe8d976fadf,USGS-02085000,00060,00003,2011-01-13,9.27,ft^3/s,Approved,,2025-03-11 13:33:20.467623+00:00
-79.0955555555555,36.0711111111111,2bf55dc212734c469cd90fe8d976fadf,USGS-02085000,00060,00003,2011-01-12,10.1,ft^3/s,Approved,,2025-03-11 13:33:20.467623+00:00
-79.0955555555555,36.0711111111111,2bf55dc212734c469cd90fe8d976fadf,USGS-02085000,00060,00003,2011-01-11,8.61,ft^3/s,Approved,,2025-03-11 13:33:20.467623+00:00
-79.0955555555555,36.0711111111111,2bf55dc212734c469cd90fe8d976fadf,USGS-02085000,00060,00003,2011-01-10,7.30,ft^3/s,Approved,,2025-03-11 13:33:20.467623+00:00
-79.0955555555555,36.0711111111111,2bf55dc212734c469cd90fe8d976fadf,USGS-02085000,00060,00003,2011-01-09,8.85,ft^3/s,Approved,,2025-03-11 13:33:20.467623+00:00
-79.0955555555555,36.0711111111111,2bf55dc212734c469cd90fe8d976fadf,USGS-02085000,00060,00003,2011-01-08,10.0,ft^3/s,Approved,,2025-03-11 13:33:20.467623+00:00
-79.0955555555555,36.0711111111111,2bf55dc212734c469cd90fe8d976fadf,USGS-02085000,00060,00003,2011-01-07,10.7,ft^3/s,Approved,,2025-03-11 13:33:20.467623+00:00
-79.0955555555555,36.0711111111111,2bf55dc212734c469cd90fe8d976fadf,USGS-02085000,00060,00003,2011-01-06,11.3,ft^3/s,Approved,,2025-03-11 13:33:20.467623+00:00
-79.0955555555555,36.0711111111111,2bf55dc212734c469cd90fe8d976fadf,USGS-02085000,00060,00003,2011-01-05,13.7,ft^3/s,Approved,,2025-03-11 13:33:20.467623+00:00
-79.0955555555555,36.0711111111111,2bf55dc212734c469cd90fe8d976fadf,USGS-02085000,00060,00003,2011-01-04,17.4,ft^3/s,Approved,,2025-03-11 13:33:20.467623+00:00
-79.0955555555555,36.0711111111111,2bf55dc212734c469cd90fe8d976fadf,USGS-02085000,00060,00003,2011-01-03,18.9,ft^3/s,Approved,,2025-03-11 13:33:20.467623+00:00
-79.0955555555555,36.0711111111111,2bf55dc212734c469cd90fe8d976fadf,USGS-02085000,00060,00003,2011-01-02,15.9,ft^3/s,Approved,,2025-03-11 13:33:20.467623+00:00
-79.0955555555555,36.0711111111111,2bf55dc212734c469cd90fe8d976fadf,USGS-02085000,00060,00003,2011-01-01,10.7,ft^3/s,Approved,,2025-03-11 13:33:20.467623+00:00
-79.0955555555555,36.0711111111111,2bf55dc212734c469cd90fe8d976fadf,USGS-02085000,00060,00003,2010-12-31,9.45,ft^3/s,Approved,,2025-03-11 13:33:20.467623+00:00
-79.0955555555555,36.0711111111111,2bf55dc212734c469cd90fe8d976fadf,USGS-02085000,00060,00003,2010-12-30,9.34,ft^3/s,Approved,,2025-03-11 13:33:20.467623+00:00
-79.0955555555555,36.0711111111111,2bf55dc212734c469cd90fe8d976fadf,USGS-02085000,00060,00003,2010-12-29,9.91,ft^3/s,Approved,,2025-03-11 13:33:20.467623+00:00
-79.0955555555555,36.0711111111111,2bf55dc212734c469cd90fe8d976fadf,USGS-02085000,00060,00003,2010-12-28,11.2,ft^3/s,Approved,,2025-03-11 13:33:20.467623+00:00
-79.0955555555555,36.0711111111111,2bf55dc212734c469cd90fe8d976fadf,USGS-02085000,00060,00003,2010-12-27,14.3,ft^3/s,Approved,,2025-03-11 13:33:20.467623+00:00
-79.0955555555555,36.0711111111111,2bf55dc212734c469cd90fe8d976fadf,USGS-02085000,00060,00003,2010-12-26,12.1,ft^3/s,Approved,,2025-03-11 13:33:20.467623+00:00
-79.0955555555555,36.0711111111111,2bf55dc212734c469cd90fe8d976fadf,USGS-02085000,00060,00003,2010-12-25,8.93,ft^3/s,Approved,,2025-03-11 13:33:20.467623+00:00
-79.0955555555555,36.0711111111111,2bf55dc212734c469cd90fe8d976fadf,USGS-02085000,00060,00003,2010-12-24,10.1,ft^3/s,Approved,,2025-03-11 13:33:20.467623+00:00
-79.0955555555555,36.0711111111111,2bf55dc212734c469cd90fe8d976fadf,USGS-02085000,00060,00003,2010-12-23,10.7,ft^3/s,Approved,,2025-03-11 13:33:20.467623+00:00
-79.0955555555555,36.0711111111111,2bf55dc212734c469cd90fe8d976fadf,USGS-02085000,00060,00003,2010-12-22,11.8,ft^3/s,Approved,,2025-03-11 13:33:20.467623+00:00
-79.0955555555555,36.0711111111111,2bf55dc212734c469cd90fe8d976fadf,USGS-02085000,00060,00003,2010-12-21,14.2,ft^3/s,Approved,,2025-03-11 13:33:20.467623+00:00
-79.0955555555555,36.0711111111111,2bf55dc212734c469cd90fe8d976fadf,USGS-02085000,00060,00003,2010-12-20,17.5,ft^3/s,Approved,,2025-03-11 13:33:20.467623+00:00
-79.0955555555555,36.0711111111111,2bf55dc212734c469cd90fe8d976fadf,USGS-02085000,00060,00003,2010-12-19,20.0,ft^3/s,Approved,,2025-03-11 13:33:20.467623+00:00
-79.0955555555555,36.0711111111111,2bf55dc212734c469cd90fe8d976fadf,USGS-02085000,00060,00003,2010-12-18,22.4,ft^3/s,Approved,,2025-03-11 13:33:20.467623+00:00
-79.0955555555555,36.0711111111111,2bf55dc212734c469cd90fe8d976fadf,USGS-02085000,00060,00003,2010-12-17,24.8,ft^3/s,Approved,,2025-03-11 13:33:20.467623+00:00
-79.0955555555555,36.0711111111111,2bf55dc212734c469cd90fe8d976fadf,USGS-02085000,00060,00003,2010-12-16,13.1,ft^3/s,Approved,,2025-03-11 13:33:20.467623+00:00
-79.0955555555555,36.0711111111111,2bf55dc212734c469cd90fe8d976fadf,USGS-02085000,00060,00003,2010-12-15,8.74,ft^3/s,Approved,,2025-03-11 13:33:20.467623+00:00
-79.0955555555555,36.0711111111111,2bf55dc212734c469cd90fe8d976fadf,USGS-02085000,00060,00003,2010-12-14,13.0,ft^3/s,Approved,,2025-03-11 13:33:20.467623+00:00
-79.0955555555555,36.0711111111111,2bf55dc212734c469cd90fe8d976fadf,USGS-02085000,00060,00003,2010-12-13,13.7,ft^3/s,Approved,,2025-03-11 13:33:20.467623+00:00
-79.0955555555555,36.0711111111111,2bf55dc212734c469cd90fe8d976fadf,USGS-02085000,00060,00003,2010-12-12,10.5,ft^3/s,Approved,,2025-03-11 13:33:20.467623+00:00
-79.0955555555555,36.0711111111111,2bf55dc212734c469cd90fe8d976fadf,USGS-02085000,00060,00003,2010-12-11,6.06,ft^3/s,Approved,,2025-03-11 13:33:20.467623+00:00
-79.0955555555555,36.0711111111111,2bf55dc212734c469cd90fe8d976fadf,USGS-02085000,00060,00003,2010-12-10,5.69,ft^3/s,Approved,,2025-03-11 13:33:20.467623+00:00
-79.0955555555555,36.0711111111111,2bf55dc212734c469cd90fe8d976fadf,USGS-02085000,00060,00003,2010-12-09,6.60,ft^3/s,Approved,,2025-03-11 13:33:20.467623+00:00
-79.0955555555555,36.0711111111111,2bf55dc212734c469cd90fe8d976fadf,USGS-02085000,00060,00003,2010-12-08,7.50,ft^3/s,Approved,,2025-03-11 13:33:20.467623+00:00
-79.0955555555555,36.0711111111111,2bf55dc212734c469cd90fe8d976fadf,USGS-02085000,00060,00003,2010-12-07,7.61,ft^3/s,Approved,,2025-03-11 13:33:20.467623+00:00
-79.0955555555555,36.0711111111111,2bf55dc212734c469cd90fe8d976fadf,USGS-02085000,00060,00003,2010-12-06,9.58,ft^3/s,Approved,,2025-03-11 13:33:20.467623+00:00
-79.0955555555555,36.0711111111111,2bf55dc212734c469cd90fe8d976fadf,USGS-02085000,00060,00003,2010-12-05,9.85,ft^3/s,Approved,,2025-03-11 13:33:20.467623+00:00
-79.0955555555555,36.0711111111111,2bf55dc212734c469cd90fe8d976fadf,USGS-02085000,00060,00003,2010-12-04,9.67,ft^3/s,Approved,,2025-03-11 13:33:20.467623+00:00
-79.0955555555555,36.0711111111111,2bf55dc212734c469cd90fe8d976fadf,USGS-02085000,00060,00003,2010-12-03,10.4,ft^3/s,Approved,,2025-03-11 13:33:20.467623+00:00
-79.0955555555555,36.0711111111111,2bf55dc212734c469cd90fe8d976fadf,USGS-02085000,00060,00003,2010-12-02,13.1,ft^3/s,Approved,,2025-03-11 13:33:20.467623+00:00
-79.0955555555555,36.0711111111111,2bf55dc212734c469cd90fe8d976fadf,USGS-02085000,00060,00003,2010-12-01,9.69,ft^3/s,Approved,,2025-03-11 13:33:20.467623+00:00
-79.0955555555555,36.0711111111111,2bf55dc212734c469cd90fe8d976fadf,USGS-02085000,00060,00003,2010-11-30,4.19,ft^3/s,Approved,,2025-03-11 13:33:20.467623+00:00
-79.0955555555555,36.0711111111111,2bf55dc212734c469cd90fe8d976fadf,USGS-02085000,00060,00003,2010-11-29,4.60,ft^3/s,Approved,,2025-03-11 13:33:20.467623+00:00
-79.0955555555555,36.0711111111111,2bf55dc212734c469cd90fe8d976fadf,USGS-02085000,00060,00003,2010-11-28,5.42,ft^3/s,Approved,,2025-03-11 13:33:20.467623+00:00
-79.0955555555555,36.0711111111111,2bf55dc212734c469cd90fe8d976fadf,USGS-02085000,00060,00003,2010-11-27,5.32,ft^3/s,Approved,,2025-03-11 13:33:20.467623+00:00
-79.0955555555555,36.0711111111111,2bf55dc212734c469cd90fe8d976fadf,USGS-02085000,00060,00003,2010-11-26,5.30,ft^3/s,Approved,,2025-03-11 13:33:20.467623+00:00
-79.0955555555555,36.0711111111111,2bf55dc212734c469cd90fe8d976fadf,USGS-02085000,00060,00003,2010-11-25,4.71,ft^3/s,Approved,,2025-03-11 13:33:20.467623+00:00
-79.0955555555555,36.0711111111111,2bf55dc212734c469cd90fe8d976fadf,USGS-02085000,00060,00003,2010-11-24,4.64,ft^3/s,Approved,,2025-03-11 13:33:20.467623+00:00
-79.0955555555555,36.0711111111111,2bf55dc212734c469cd90fe8d976fadf,USGS-02085000,00060,00003,2010-11-23,4.85,ft^3/s,Approved,,2025-03-11 13:33:20.467623+00:00
-79.0955555555555,36.0711111111111,2bf55dc212734c469cd90fe8d976fadf,USGS-02085000,00060,00003,2010-11-22,4.84,ft^3/s,Approved,,2025-03-11 13:33:20.467623+00:00
-79.0955555555555,36.0711111111111,2bf55dc212734c469cd90fe8d976fadf,USGS-02085000,00060,00003,2010-11-21,5.10,ft^3/s,Approved,,2025-03-11 13:33:20.467623+00:00
-79.0955555555555,36.0711111111111,2bf55dc212734c469cd90fe8d976fadf,USGS-02085000,00060,00003,2010-11-20,5.70,ft^3/s,Approved,,2025-03-11 13:33:20.467623+00:00
-79.0955555555555,36.0711111111111,2bf55dc212734c469cd90fe8d976fadf,USGS-02085000,00060,00003,2010-11-19,6.12,ft^3/s,Approved,,2025-03-11 13:33:20.467623+00:00
-79.0955555555555,36.0711111111111,2bf55dc212734c469cd90fe8d976fadf,USGS-02085000,00060,00003,2010-11-18,7.89,ft^3/s,Approved,,2025-03-11 13:33:20.467623+00:00
-79.0955555555555,36.0711111111111,2bf55dc212734c469cd90fe8d976fadf,USGS-02085000,00060,00003,2010-11-17,7.41,ft^3/s,Approved,,2025-03-11 13:33:20.467623+00:00
-79.0955555555555,36.0711111111111,2bf55dc212734c469cd90fe8d976fadf,USGS-02085000,00060,00003,2010-11-16,6.20,ft^3/s,Approved,,2025-03-11 13:33:20.467623+00:00
-79.0955555555555,36.0711111111111,2bf55dc212734c469cd90fe8d976fadf,USGS-02085000,00060,00003,2010-11-15,3.79,ft^3/s,Approved,,2025-03-11 13:33:20.467623+00:00
-79.0955555555555,36.0711111111111,2bf55dc212734c469cd90fe8d976fadf,USGS-02085000,00060,00003,2010-11-14,4.06,ft^3/s,Approved,,2025-03-11 13:33:20.467623+00:00
-79.0955555555555,36.0711111111111,2bf55dc212734c469cd90fe8d976fadf,USGS-02085000,00060,00003,2010-11-13,3.76,ft^3/s,Approved,,2025-03-11 13:33:20.467623+00:00
-79.0955555555555,36.0711111111111,2bf55dc212734c469cd90fe8d976fadf,USGS-02085000,00060,00003,2010-11-12,3.84,ft^3/s,Approved,,2025-03-11 13:33:20.467623+00:00
-79.0955555555555,36.0711111111111,2bf55dc212734c469cd90fe8d976fadf,USGS-02085000,00060,00003,2010-11-11,4.07,ft^3/s,Approved,,2025-03-11 13:33:20.467623+00:00
-79.0955555555555,36.0711111111111,2bf55dc212734c469cd90fe8d976fadf,USGS-02085000,00060,00003,2010-11-10,4.46,ft^3/s,Approved,,2025-03-11 13:33:20.467623+00:00
-79.0955555555555,36.0711111111111,2bf55dc212734c469cd90fe8d976fadf,USGS-02085000,00060,00003,2010-11-09,5.02,ft^3/s,Approved,,2025-03-11 13:33:20.467623+00:00
-79.0955555555555,36.0711111111111,2bf55dc212734c469cd90fe8d976fadf,USGS-02085000,00060,00003,2010-11-08,5.49,ft^3/s,Approved,,2025-03-11 13:33:20.467623+00:00
-79.0955555555555,36.0711111111111,2bf55dc212734c469cd90fe8d976fadf,USGS-02085000,00060,00003,2010-11-07,6.78,ft^3/s,Approved,,2025-03-11 13:33:20.467623+00:00
-79.0955555555555,36.0711111111111,2bf55dc212734c469cd90fe8d976fadf,USGS-02085000,00060,00003,2010-11-06,9.43,ft^3/s,Approved,,2025-03-11 13:33:20.467623+00:00
-79.0955555555555,36.0711111111111,2bf55dc212734c469cd90fe8d976fadf,USGS-02085000,00060,00003,2010-11-05,10.1,ft^3/s,Approved,,2025-03-11 13:33:20.467623+00:00
-79.0955555555555,36.0711111111111,2bf55dc212734c469cd90fe8d976fadf,USGS-02085000,00060,00003,2010-11-04,7.95,ft^3/s,Approved,,2025-03-11 13:33:20.467623+00:00
-79.0955555555555,36.0711111111111,2bf55dc212734c469cd90fe8d976fadf,USGS-02085000,00060,00003,2010-11-03,4.23,ft^3/s,Approved,,2025-03-11 13:33:20.467623+00:00
-79.0955555555555,36.0711111111111,2bf55dc212734c469cd90fe8d976fadf,USGS-02085000,00060,00003,2010-11-02,4.02,ft^3/s,Approved,,2025-03-11 13:33:20.467623+00:00
-79.0955555555555,36.0711111111111,2bf55dc212734c469cd90fe8d976fadf,USGS-02085000,00060,00003,2010-11-01,4.49,ft^3/s,Approved,,2025-03-11 13:33:20.467623+00:00
-79.0955555555555,36.0711111111111,2bf55dc212734c469cd90fe8d976fadf,USGS-02085000,00060,00003,2010-10-31,4.90,ft^3/s,Approved,,2025-03-11 13:33:20.467623+00:00
-79.0955555555555,36.0711111111111,2bf55dc212734c469cd90fe8d976fadf,USGS-02085000,00060,00003,2010-10-30,6.13,ft^3/s,Approved,,2025-03-11 13:33:20.467623+00:00
-79.0955555555555,36.0711111111111,2bf55dc212734c469cd90fe8d976fadf,USGS-02085000,00060,00003,2010-10-29,6.28,ft^3/s,Approved,,2025-03-11 13:33:20.467623+00:00
-79.0955555555555,36.0711111111111,2bf55dc212734c469cd90fe8d976fadf,USGS-02085000,00060,00003,2010-10-28,8.56,ft^3/s,Approved,,2025-03-11 13:33:20.467623+00:00
-79.0955555555555,36.0711111111111,2bf55dc212734c469cd90fe8d976fadf,USGS-02085000,00060,00003,2010-10-27,11.8,ft^3/s,Approved,,2025-03-11 13:33:20.467623+00:00
-79.0955555555555,36.0711111111111,2bf55dc212734c469cd90fe8d976fadf,USGS-02085000,00060,00003,2010-10-26,12.3,ft^3/s,Approved,,2025-03-11 13:33:20.467623+00:00
-79.0955555555555,36.0711111111111,2bf55dc212734c469cd90fe8d976fadf,USGS-02085000,00060,00003,2010-10-25,4.78,ft^3/s,Approved,,2025-03-11 13:33:20.467623+00:00
-79.0955555555555,36.0711111111111,2bf55dc212734c469cd90fe8d976fadf,USGS-02085000,00060,00003,2010-10-24,4.65,ft^3/s,Approved,,2025-03-11 13:33:20.467623+00:00
-79.0955555555555,36.0711111111111,2bf55dc212734c469cd90fe8d976fadf,USGS-02085000,00060,00003,2010-10-23,4.46,ft^3/s,Approved,,2025-03-11 13:33:20.467623+00:00
-79.0955555555555,36.0711111111111,2bf55dc212734c469cd90fe8d976fadf,USGS-02085000,00060,00003,2010-10-22,4.38,ft^3/s,Approved,,2025-03-11 13:33:20.467623+00:00
-79.0955555555555,36.0711111111111,2bf55dc212734c469cd90fe8d976fadf,USGS-02085000,00060,00003,2010-10-21,4.37,ft^3/s,Approved,,2025-03-11 13:33:20.467623+00:00
-79.0955555555555,36.0711111111111,2bf55dc212734c469cd90fe8d976fadf,USGS-02085000,00060,00003,2010-10-20,4.30,ft^3/s,Approved,,2025-03-11 13:33:20.467623+00:00
-79.0955555555555,36.0711111111111,2bf55dc212734c469cd90fe8d976fadf,USGS-02085000,00060,00003,2010-10-19,4.67,ft^3/s,Approved,,2025-03-11 13:33:20.467623+00:00
-79.0955555555555,36.0711111111111,2bf55dc212734c469cd90fe8d976fadf,USGS-02085000,00060,00003,2010-10-18,4.94,ft^3/s,Approved,,2025-03-11 13:33:20.467623+00:00
-79.0955555555555,36.0711111111111,2bf55dc212734c469cd90fe8d976fadf,USGS-02085000,00060,00003,2010-10-17,5.62,ft^3/s,Approved,,2025-03-11 13:33:20.467623+00:00
-79.0955555555555,36.0711111111111,2bf55dc212734c469cd90fe8d976fadf,USGS-02085000,00060,00003,2010-10-16,7.50,ft^3/s,Approved,,2025-03-11 13:33:20.467623+00:00
-79.0955555555555,36.0711111111111,2bf55dc212734c469cd90fe8d976fadf,USGS-02085000,00060,00003,2010-10-15,12.7,ft^3/s,Approved,,2025-03-11 13:33:20.467623+00:00
-79.0955555555555,36.0711111111111,2bf55dc212734c469cd90fe8d976fadf,USGS-02085000,00060,00003,2010-10-14,17.6,ft^3/s,Approved,,2025-03-11 13:33:20.467623+00:00
-79.0955555555555,36.0711111111111,2bf55dc212734c469cd90fe8d976fadf,USGS-02085000,00060,00003,2010-10-13,4.01,ft^3/s,Approved,,2025-03-11 13:33:20.467623+00:00
-79.0955555555555,36.0711111111111,2bf55dc212734c469cd90fe8d976fadf,USGS-02085000,00060,00003,2010-10-12,3.66,ft^3/s,Approved,,2025-03-11 13:33:20.467623+00:00
-79.0955555555555,36.0711111111111,2bf55dc212734c469cd90fe8d976fadf,USGS-02085000,00060,00003,2010-10-11,4.54,ft^3/s,Approved,,2025-03-11 13:33:20.467623+00:00
-79.0955555555555,36.0711111111111,2bf55dc212734c469cd90fe8d976fadf,USGS-02085000,00060,00003,2010-10-10,4.98,ft^3/s,Approved,,2025-03-11 13:33:20.467623+00:00
-79.0955555555555,36.0711111111111,2bf55dc212734c469cd90fe8d976fadf,USGS-02085000,00060,00003,2010-10-09,4.85,ft^3/s,Approved,,2025-03-11 13:33:20.467623+00:00
-79.0955555555555,36.0711111111111,2bf55dc212734c469cd90fe8d976fadf,USGS-02085000,00060,00003,2010-10-08,4.66,ft^3/s,Approved,,2025-03-11 13:33:20.467623+00:00
-79.0955555555555,36.0711111111111,2bf55dc212734c469cd90fe8d976fadf,USGS-02085000,00060,00003,2010-10-07,4.05,ft^3/s,Approved,,2025-03-11 13:33:20.467623+00:00
-79.0955555555555,36.0711111111111,2bf55dc212734c469cd90fe8d976fadf,USGS-02085000,00060,00003,2010-10-06,3.98,ft^3/s,Approved,,2025-03-11 13:33:20.467623+00:00
-79.0955555555555,36.0711111111111,2bf55dc212734c469cd90fe8d976fadf,USGS-02085000,00060,00003,2010-10-05,6.32,ft^3/s,Approved,,2025-03-11 13:33:20.467623+00:00
-79.0955555555555,36.0711111111111,2bf55dc212734c469cd90fe8d976fadf,USGS-02085000,00060,00003,2010-10-04,8.44,ft^3/s,Approved,,2025-03-11 13:33:20.467623+00:00
-79.0955555555555,36.0711111111111,2bf55dc212734c469cd90fe8d976fadf,USGS-02085000,00060,00003,2010-10-03,13.0,ft^3/s,Approved,,2025-03-11 13:33:20.467623+00:00
-79.0955555555555,36.0711111111111,2bf55dc212734c469cd90fe8d976fadf,USGS-02085000,00060,00003,2010-10-02,22.2,ft^3/s,Approved,,2025-03-11 13:33:20.467623+00:00
-79.0955555555555,36.0711111111111,2bf55dc212734c469cd90fe8d976fadf,USGS-02085000,00060,00003,2010-10-01,58.3,ft^3/s,Approved,,2025-03-11 13:33:20.467623+00:00
-79.0955555555555,36.0711111111111,2bf55dc212734c469cd90fe8d976fadf,USGS-02085000,00060,00003,2010-09-30,410,ft^3/s,Approved,,2025-03-11 13:33:20.467623+00:00
-79.0955555555555,36.0711111111111,2bf55dc212734c469cd90fe8d976fadf,USGS-02085000,00060,00003,2010-09-29,11.4,ft^3/s,Approved,,2025-03-11 13:33:20.467623+00:00
-79.0955555555555,36.0711111111111,2bf55dc212734c469cd90fe8d976fadf,USGS-02085000,00060,00003,2010-09-28,24.3,ft^3/s,Approved,,2025-03-11 13:33:20.467623+00:00
-79.0955555555555,36.0711111111111,2bf55dc212734c469cd90fe8d976fadf,USGS-02085000,00060,00003,2010-09-27,7.42,ft^3/s,Approved,,2025-03-11 13:33:20.467623+00:00
-79.0955555555555,36.0711111111111,2bf55dc212734c469cd90fe8d976fadf,USGS-02085000,00060,00003,2010-09-26,2.75,ft^3/s,Approved,,2025-03-11 13:33:20.467623+00:00
-79.0955555555555,36.0711111111111,2bf55dc212734c469cd90fe8d976fadf,USGS-02085000,00060,00003,2010-09-25,2.32,ft^3/s,Approved,,2025-03-11 13:33:20.467623+00:00
-79.0955555555555,36.0711111111111,2bf55dc212734c469cd90fe8d976fadf,USGS-02085000,00060,00003,2010-09-24,2.30,ft^3/s,Approved,,2025-03-11 13:33:20.467623+00:00
-79.0955555555555,36.0711111111111,2bf55dc212734c469cd90fe8d976fadf,USGS-02085000,00060,00003,2010-09-23,2.25,ft^3/s,Approved,,2025-03-11 13:33:20.467623+00:00
-79.0955555555555,36.0711111111111,2bf55dc212734c469cd90fe8d976fadf,USGS-02085000,00060,00003,2010-09-22,2.53,ft^3/s,Approved,,2025-03-11 13:33:20.467623+00:00
-79.0955555555555,36.0711111111111,2bf55dc212734c469cd90fe8d976fadf,USGS-02085000,00060,00003,2010-09-21,2.39,ft^3/s,Approved,,2025-03-11 13:33:20.467623+00:00
-79.0955555555555,36.0711111111111,2bf55dc212734c469cd90fe8d976fadf,USGS-02085000,00060,00003,2010-09-20,2.81,ft^3/s,Approved,,2025-03-11 13:33:20.467623+00:00
-79.0955555555555,36.0711111111111,2bf55dc212734c469cd90fe8d976fadf,USGS-02085000,00060,00003,2010-09-19,2.76,ft^3/s,Approved,,2025-03-11 13:33:20.467623+00:00
-79.0955555555555,36.0711111111111,2bf55dc212734c469cd90fe8d976fadf,USGS-02085000,00060,00003,2010-09-18,2.78,ft^3/s,Approved,,2025-03-11 13:33:20.467623+00:00
-79.0955555555555,36.0711111111111,2bf55dc212734c469cd90fe8d976fadf,USGS-02085000,00060,00003,2010-09-17,2.15,ft^3/s,Approved,,2025-03-11 13:33:20.467623+00:00
-79.0955555555555,36.0711111111111,2bf55dc212734c469cd90fe8d976fadf,USGS-02085000,00060,00003,2010-09-16,2.12,ft^3/s,Approved,,2025-03-11 13:33:20.467623+00:00
-79.0955555555555,36.0711111111111,2bf55dc212734c469cd90fe8d976fadf,USGS-02085000,00060,00003,2010-09-15,2.17,ft^3/s,Approved,,2025-03-11 13:33:20.467623+00:00
-79.0955555555555,36.0711111111111,2bf55dc212734c469cd90fe8d976fadf,USGS-02085000,00060,00003,2010-09-14,2.25,ft^3/s,Approved,,2025-03-11 13:33:20.467623+00:00
-79.0955555555555,36.0711111111111,2bf55dc212734c469cd90fe8d976fadf,USGS-02085000,00060,00003,2010-09-13,2.55,ft^3/s,Approved,,2025-03-11 13:33:20.467623+00:00
-79.0955555555555,36.0711111111111,2bf55dc212734c469cd90fe8d976fadf,USGS-02085000,00060,00003,2010-09-12,3.25,ft^3/s,Approved,,2025-03-11 13:33:20.467623+00:00
-79.0955555555555,36.0711111111111,2bf55dc212734c469cd90fe8d976fadf,USGS-02085000,00060,00003,2010-09-11,3.46,ft^3/s,Approved,,2025-03-11 13:33:20.467623+00:00
-79.0955555555555,36.0711111111111,2bf55dc212734c469cd90fe8d976fadf,USGS-02085000,00060,00003,2010-09-10,3.39,ft^3/s,Approved,,2025-03-11 13:33:20.467623+00:00
-79.0955555555555,36.0711111111111,2bf55dc212734c469cd90fe8d976fadf,USGS-02085000,00060,00003,2010-09-09,2.93,ft^3/s,Approved,,2025-03-11 13:33:20.467623+00:00
-79.0955555555555,36.0711111111111,2bf55dc212734c469cd90fe8d976fadf,USGS-02085000,00060,00003,2010-09-08,2.49,ft^3/s,Approved,,2025-03-11 13:33:20.467623+00:00
-79.0955555555555,36.0711111111111,2bf55dc212734c469cd90fe8d976fadf,USGS-02085000,00060,00003,2010-09-07,2.62,ft^3/s,Approved,,2025-03-11 13:33:20.467623+00:00
-79.0955555555555,36.0711111111111,2bf55dc212734c469cd90fe8d976fadf,USGS-02085000,00060,00003,2010-09-06,3.03,ft^3/s,Approved,,2025-03-11 13:33:20.467623+00:00
-79.0955555555555,36.0711111111111,2bf55dc212734c469cd90fe8d976fadf,USGS-02085000,00060,00003,2010-09-05,2.82,ft^3/s,Approved,,2025-03-11 13:33:20.467623+00:00
-79.0955555555555,36.0711111111111,2bf55dc212734c469cd90fe8d976fadf,USGS-02085000,00060,00003,2010-09-04,2.72,ft^3/s,Approved,,2025-03-11 13:33:20.467623+00:00
-79.0955555555555,36.0711111111111,2bf55dc212734c469cd90fe8d976fadf,USGS-02085000,00060,00003,2010-09-03,2.77,ft^3/s,Approved,,2025-03-11 13:33:20.467623+00:00
-79.0955555555555,36.0711111111111,2bf55dc212734c469cd90fe8d976fadf,USGS-02085000,00060,00003,2010-09-02,3.19,ft^3/s,Approved,,2025-03-11 13:33:20.467623+00:00
-79.0955555555555,36.0711111111111,2bf55dc212734c469cd90fe8d976fadf,USGS-02085000,00060,00003,2010-09-01,2.88,ft^3/s,Approved,,2025-03-11 13:33:20.467623+00:00
-79.0955555555555,36.0711111111111,2bf55dc212734c469cd90fe8d976fadf,USGS-02085000,00060,00003,2010-08-31,2.43,ft^3/s,Approved,,2025-03-11 13:33:20.467623+00:00
-79.0955555555555,36.0711111111111,2bf55dc212734c469cd90fe8d976fadf,USGS-02085000,00060,00003,2010-08-30,2.89,ft^3/s,Approved,,2025-03-11 13:33:20.467623+00:00
-79.0955555555555,36.0711111111111,2bf55dc212734c469cd90fe8d976fadf,USGS-02085000,00060,00003,2010-08-29,3.41,ft^3/s,Approved,,2025-03-11 13:33:20.467623+00:00
-79.0955555555555,36.0711111111111,2bf55dc212734c469cd90fe8d976fadf,USGS-02085000,00060,00003,2010-08-28,3.17,ft^3/s,Approved,,2025-03-11 13:33:20.467623+00:00
-79.0955555555555,36.0711111111111,2bf55dc212734c469cd90fe8d976fadf,USGS-02085000,00060,00003,2010-08-27,3.04,ft^3/s,Approved,,2025-03-11 13:33:20.467623+00:00
-79.0955555555555,36.0711111111111,2bf55dc212734c469cd90fe8d976fadf,USGS-02085000,00060,00003,2010-08-26,3.69,ft^3/s,Approved,,2025-03-11 13:33:20.467623+00:00
-79.0955555555555,36.0711111111111,2bf55dc212734c469cd90fe8d976fadf,USGS-02085000,00060,00003,2010-08-25,3.51,ft^3/s,Approved,,2025-03-11 13:33:20.467623+00:00
-79.0955555555555,36.0711111111111,2bf55dc212734c469cd90fe8d976fadf,USGS-02085000,00060,00003,2010-08-24,3.75,ft^3/s,Approved,,2025-03-11 13:33:20.467623+00:00
-79.0955555555555,36.0711111111111,2bf55dc212734c469cd90fe8d976fadf,USGS-02085000,00060,00003,2010-08-23,3.37,ft^3/s,Approved,,2025-03-11 13:33:20.467623+00:00
-79.0955555555555,36.0711111111111,2bf55dc212734c469cd90fe8d976fadf,USGS-02085000,00060,00003,2010-08-22,3.38,ft^3/s,Approved,,2025-03-11 13:33:20.467623+00:00
-79.0955555555555,36.0711111111111,2bf55dc212734c469cd90fe8d976fadf,USGS-02085000,00060,00003,2010-08-21,3.45,ft^3/s,Approved,,2025-03-11 13:33:20.467623+00:00
-79.0955555555555,36.0711111111111,2bf55dc212734c469cd90fe8d976fadf,USGS-02085000,00060,00003,2010-08-20,3.41,ft^3/s,Approved,,2025-03-11 13:33:20.467623+00:00
-79.0955555555555,36.0711111111111,2bf55dc212734c469cd90fe8d976fadf,USGS-02085000,00060,00003,2010-08-19,3.96,ft^3/s,Approved,,2025-03-11 13:33:20.467623+00:00
-79.0955555555555,36.0711111111111,2bf55dc212734c469cd90fe8d976fadf,USGS-02085000,00060,00003,2010-08-18,2.65,ft^3/s,Approved,,2025-03-11 13:33:20.467623+00:00
-79.0955555555555,36.0711111111111,2bf55dc212734c469cd90fe8d976fadf,USGS-02085000,00060,00003,2010-08-17,2.21,ft^3/s,Approved,,2025-03-11 13:33:20.467623+00:00
-79.0955555555555,36.0711111111111,2bf55dc212734c469cd90fe8d976fadf,USGS-02085000,00060,00003,2010-08-16,2.31,ft^3/s,Approved,,2025-03-11 13:33:20.467623+00:00
-79.0955555555555,36.0711111111111,2bf55dc212734c469cd90fe8d976fadf,USGS-02085000,00060,00003,2010-08-15,2.26,ft^3/s,Approved,,2025-03-11 13:33:20.467623+00:00
-79.0955555555555,36.0711111111111,2bf55dc212734c469cd90fe8d976fadf,USGS-02085000,00060,00003,2010-08-14,2.26,ft^3/s,Approved,,2025-03-11 13:33:20.467623+00:00
-79.0955555555555,36.0711111111111,2bf55dc212734c469cd90fe8d976fadf,USGS-02085000,00060,00003,2010-08-13,2.68,ft^3/s,Approved,,2025-03-11 13:33:20.467623+00:00
-79.0955555555555,36.0711111111111,2bf55dc212734c469cd90fe8d976fadf,USGS-02085000,00060,00003,2010-08-12,3.53,ft^3/s,Approved,,2025-03-11 13:33:20.467623+00:00
-79.0955555555555,36.0711111111111,2bf55dc212734c469cd90fe8d976fadf,USGS-02085000,00060,00003,2010-08-11,3.29,ft^3/s,Approved,,2025-03-11 13:33:20.467623+00:00
-79.0955555555555,36.0711111111111,2bf55dc212734c469cd90fe8d976fadf,USGS-02085000,00060,00003,2010-08-10,3.65,ft^3/s,Approved,,2025-03-11 13:33:20.467623+00:00
-79.0955555555555,36.0711111111111,2bf55dc212734c469cd90fe8d976fadf,USGS-02085000,00060,00003,2010-08-09,4.23,ft^3/s,Approved,,2025-03-11 13:33:20.467623+00:00
-79.0955555555555,36.0711111111111,2bf55dc212734c469cd90fe8d976fadf,USGS-02085000,00060,00003,2010-08-08,5.30,ft^3/s,Approved,,2025-03-11 13:33:20.467623+00:00
-79.0955555555555,36.0711111111111,2bf55dc212734c469cd90fe8d976fadf,USGS-02085000,00060,00003,2010-08-07,8.95,ft^3/s,Approved,,2025-03-11 13:33:20.467623+00:00
-79.0955555555555,36.0711111111111,2bf55dc212734c469cd90fe8d976fadf,USGS-02085000,00060,00003,2010-08-06,26.7,ft^3/s,Approved,,2025-03-11 13:33:20.467623+00:00
-79.0955555555555,36.0711111111111,2bf55dc212734c469cd90fe8d976fadf,USGS-02085000,00060,00003,2010-08-05,18.6,ft^3/s,Approved,,2025-03-11 13:33:20.467623+00:00
-79.0955555555555,36.0711111111111,2bf55dc212734c469cd90fe8d976fadf,USGS-02085000,00060,00003,2010-08-04,3.85,ft^3/s,Approved,,2025-03-11 13:33:20.467623+00:00
-79.0955555555555,36.0711111111111,2bf55dc212734c469cd90fe8d976fadf,USGS-02085000,00060,00003,2010-08-03,4.22,ft^3/s,Approved,,2025-03-11 13:33:20.467623+00:00
-79.0955555555555,36.0711111111111,2bf55dc212734c469cd90fe8d976fadf,USGS-02085000,00060,00003,2010-08-02,4.73,ft^3/s,Approved,,2025-03-11 13:33:20.467623+00:00
-79.0955555555555,36.0711111111111,2bf55dc212734c469cd90fe8d976fadf,USGS-02085000,00060,00003,2010-08-01,5.66,ft^3/s,Approved,,2025-03-11 13:33:20.467623+00:00
-79.0955555555555,36.0711111111111,2bf55dc212734c469cd90fe8d976fadf,USGS-02085000,00060,00003,2010-07-31,5.42,ft^3/s,Approved,,2025-03-11 13:33:20.467623+00:00
-79.0955555555555,36.0711111111111,2bf55dc212734c469cd90fe8d976fadf,USGS-02085000,00060,00003,2010-07-30,6.96,ft^3/s,Approved,,2025-03-11 13:33:20.467623+00:00
-79.0955555555555,36.0711111111111,2bf55dc212734c469cd90fe8d976fadf,USGS-02085000,00060,00003,2010-07-29,11.1,ft^3/s,Approved,,2025-03-11 13:33:20.467623+00:00
-79.0955555555555,36.0711111111111,2bf55dc212734c469cd90fe8d976fadf,USGS-02085000,00060,00003,2010-07-28,43.2,ft^3/s,Approved,,2025-03-11 13:33:20.467623+00:00
-79.0955555555555,36.0711111111111,2bf55dc212734c469cd90fe8d976fadf,USGS-02085000,00060,00003,2010-07-27,43.3,ft^3/s,Approved,,2025-03-11 13:33:20.467623+00:00
-79.0955555555555,36.0711111111111,2bf55dc212734c469cd90fe8d976fadf,USGS-02085000,00060,00003,2010-07-26,2.73,ft^3/s,Approved,,2025-03-11 13:33:20.467623+00:00
-79.0955555555555,36.0711111111111,2bf55dc212734c469cd90fe8d976fadf,USGS-02085000,00060,00003,2010-07-25,3.07,ft^3/s,Approved,,2025-03-11 13:33:20.467623+00:00
-79.0955555555555,36.0711111111111,2bf55dc212734c469cd90fe8d976fadf,USGS-02085000,00060,00003,2010-07-24,3.44,ft^3/s,Approved,,2025-03-11 13:33:20.467623+00:00
-79.0955555555555,36.0711111111111,2bf55dc212734c469cd90fe8d976fadf,USGS-02085000,00060,00003,2010-07-23,3.58,ft^3/s,Approved,,2025-03-11 13:33:20.467623+00:00
-79.0955555555555,36.0711111111111,2bf55dc212734c469cd90fe8d976fadf,USGS-02085000,00060,00003,2010-07-22,4.37,ft^3/s,Approved,,2025-03-11 13:33:20.467623+00:00
-79.0955555555555,36.0711111111111,2bf55dc212734c469cd90fe8d976fadf,USGS-02085000,00060,00003,2010-07-21,5.57,ft^3/s,Approved,,2025-03-11 13:33:20.467623+00:00
-79.0955555555555,36.0711111111111,2bf55dc212734c469cd90fe8d976fadf,USGS-02085000,00060,00003,2010-07-20,7.47,ft^3/s,Approved,,2025-03-11 13:33:20.467623+00:00
-79.0955555555555,36.0711111111111,2bf55dc212734c469cd90fe8d976fadf,USGS-02085000,00060,00003,2010-07-19,12.0,ft^3/s,Approved,,2025-03-11 13:33:20.467623+00:00
-79.0955555555555,36.0711111111111,2bf55dc212734c469cd90fe8d976fadf,USGS-02085000,00060,00003,2010-07-18,19.2,ft^3/s,Approved,,2025-03-11 13:33:20.467623+00:00
-79.0955555555555,36.0711111111111,2bf55dc212734c469cd90fe8d976fadf,USGS-02085000,00060,00003,2010-07-17,24.5,ft^3/s,Approved,,2025-03-11 13:33:20.467623+00:00
-79.0955555555555,36.0711111111111,2bf55dc212734c469cd90fe8d976fadf,USGS-02085000,00060,00003,2010-07-16,5.42,ft^3/s,Approved,,2025-03-11 13:33:20.467623+00:00
-79.0955555555555,36.0711111111111,2bf55dc212734c469cd90fe8d976fadf,USGS-02085000,00060,00003,2010-07-15,10.4,ft^3/s,Approved,,2025-03-11 13:33:20.467623+00:00
-79.0955555555555,36.0711111111111,2bf55dc212734c469cd90fe8d976fadf,USGS-02085000,00060,00003,2010-07-14,55.3,ft^3/s,Approved,,2025-03-11 13:33:20.467623+00:00
-79.0955555555555,36.0711111111111,2bf55dc212734c469cd90fe8d976fadf,USGS-02085000,00060,00003,2010-07-13,6.79,ft^3/s,Approved,,2025-03-11 13:33:20.467623+00:00
-79.0955555555555,36.0711111111111,2bf55dc212734c469cd90fe8d976fadf,USGS-02085000,00060,00003,2010-07-12,2.32,ft^3/s,Approved,,2025-03-11 13:33:20.467623+00:00
-79.0955555555555,36.0711111111111,2bf55dc212734c469cd90fe8d976fadf,USGS-02085000,00060,00003,2010-07-11,2.34,ft^3/s,Approved,,2025-03-11 13:33:20.467623+00:00
-79.0955555555555,36.0711111111111,2bf55dc212734c469cd90fe8d976fadf,USGS-02085000,00060,00003,2010-07-10,3.06,ft^3/s,Approved,,2025-03-11 13:33:20.467623+00:00
-79.0955555555555,36.0711111111111,2bf55dc212734c469cd90fe8d976fadf,USGS-02085000,00060,00003,2010-07-09,2.57,ft^3/s,Approved,,2025-03-11 13:33:20.467623+00:00
-79.0955555555555,36.0711111111111,2bf55dc212734c469cd90fe8d976fadf,USGS-02085000,00060,00003,2010-07-08,2.32,ft^3/s,Approved,,2025-03-11 13:33:20.467623+00:00
-79.0955555555555,36.0711111111111,2bf55dc212734c469cd90fe8d976fadf,USGS-02085000,00060,00003,2010-07-07,2.38,ft^3/s,Approved,,2025-03-11 13:33:20.467623+00:00
-79.0955555555555,36.0711111111111,2bf55dc212734c469cd90fe8d976fadf,USGS-02085000,00060,00003,2010-07-06,2.64,ft^3/s,Approved,,2025-03-11 13:33:20.467623+00:00
-79.0955555555555,36.0711111111111,2bf55dc212734c469cd90fe8d976fadf,USGS-02085000,00060,00003,2010-07-05,2.79,ft^3/s,Approved,,2025-03-11 13:33:20.467623+00:00
-79.0955555555555,36.0711111111111,2bf55dc212734c469cd90fe8d976fadf,USGS-02085000,00060,00003,2010-07-04,2.87,ft^3/s,Approved,,2025-03-11 13:33:20.467623+00:00
-79.0955555555555,36.0711111111111,2bf55dc212734c469cd90fe8d976fadf,USGS-02085000,00060,00003,2010-07-03,3.02,ft^3/s,Approved,,2025-03-11 13:33:20.467623+00:00
-79.0955555555555,36.0711111111111,2bf55dc212734c469cd90fe8d976fadf,USGS-02085000,00060,00003,2010-07-02,3.37,ft^3/s,Approved,,2025-03-11 13:33:20.467623+00:00
-79.0955555555555,36.0711111111111,2bf55dc212734c469cd90fe8d976fadf,USGS-02085000,00060,00003,2010-07-01,3.58,ft^3/s,Approved,,2025-03-11 13:33:20.467623+00:00
-79.0955555555555,36.0711111111111,2bf55dc212734c469cd90fe8d976fadf,USGS-02085000,00060,00003,2010-06-30,4.00,ft^3/s,Approved,,2025-03-11 13:33:20.467623+00:00
-79.0955555555555,36.0711111111111,2bf55dc212734c469cd90fe8d976fadf,USGS-02085000,00060,00003,2010-06-29,4.17,ft^3/s,Approved,,2025-03-11 13:33:20.467623+00:00
-79.0955555555555,36.0711111111111,2bf55dc212734c469cd90fe8d976fadf,USGS-02085000,00060,00003,2010-06-28,4.43,ft^3/s,Approved,,2025-03-11 13:33:20.467623+00:00
-79.0955555555555,36.0711111111111,2bf55dc212734c469cd90fe8d976fadf,USGS-02085000,00060,00003,2010-06-27,5.28,ft^3/s,Approved,,2025-03-11 13:33:20.467623+00:00
-79.0955555555555,36.0711111111111,2bf55dc212734c469cd90fe8d976fadf,USGS-02085000,00060,00003,2010-06-26,5.69,ft^3/s,Approved,,2025-03-11 13:33:20.467623+00:00
-79.0955555555555,36.0711111111111,2bf55dc212734c469cd90fe8d976fadf,USGS-02085000,00060,00003,2010-06-25,4.66,ft^3/s,Approved,,2025-03-11 13:33:20.467623+00:00
-79.0955555555555,36.0711111111111,2bf55dc212734c469cd90fe8d976fadf,USGS-02085000,00060,00003,2010-06-24,4.34,ft^3/s,Approved,,2025-03-11 13:33:20.467623+00:00
-79.0955555555555,36.0711111111111,2bf55dc212734c469cd90fe8d976fadf,USGS-02085000,00060,00003,2010-06-23,4.31,ft^3/s,Approved,,2025-03-11 13:33:20.467623+00:00
-79.0955555555555,36.0711111111111,2bf55dc212734c469cd90fe8d976fadf,USGS-02085000,00060,00003,2010-06-22,4.92,ft^3/s,Approved,,2025-03-11 13:33:20.467623+00:00
-79.0955555555555,36.0711111111111,2bf55dc212734c469cd90fe8d976fadf,USGS-02085000,00060,00003,2010-06-21,5.34,ft^3/s,Approved,,2025-03-11 13:33:20.467623+00:00
-79.0955555555555,36.0711111111111,2bf55dc212734c469cd90fe8d976fadf,USGS-02085000,00060,00003,2010-06-20,6.87,ft^3/s,Approved,,2025-03-11 13:33:20.467623+00:00
-79.0955555555555,36.0711111111111,2bf55dc212734c469cd90fe8d976fadf,USGS-02085000,00060,00003,2010-06-19,7.38,ft^3/s,Approved,,2025-03-11 13:33:20.467623+00:00
-79.0955555555555,36.0711111111111,2bf55dc212734c469cd90fe8d976fadf,USGS-02085000,00060,00003,2010-06-18,8.76,ft^3/s,Approved,,2025-03-11 13:33:20.467623+00:00
-79.0955555555555,36.0711111111111,2bf55dc212734c469cd90fe8d976fadf,USGS-02085000,00060,00003,2010-06-17,10.9,ft^3/s,Approved,,2025-03-11 13:33:20.467623+00:00
-79.0955555555555,36.0711111111111,2bf55dc212734c469cd90fe8d976fadf,USGS-02085000,00060,00003,2010-06-16,9.83,ft^3/s,Approved,,2025-03-11 13:33:20.467623+00:00
-79.0955555555555,36.0711111111111,2bf55dc212734c469cd90fe8d976fadf,USGS-02085000,00060,00003,2010-06-15,13.1,ft^3/s,Approved,,2025-03-11 13:33:20.467623+00:00
-79.0955555555555,36.0711111111111,2bf55dc212734c469cd90fe8d976fadf,USGS-02085000,00060,00003,2010-06-14,22.6,ft^3/s,Approved,,2025-03-11 13:33:20.467623+00:00
-79.0955555555555,36.0711111111111,2bf55dc212734c469cd90fe8d976fadf,USGS-02085000,00060,00003,2010-06-13,36.4,ft^3/s,Approved,,2025-03-11 13:33:20.467623+00:00
-79.0955555555555,36.0711111111111,2bf55dc212734c469cd90fe8d976fadf,USGS-02085000,00060,00003,2010-06-12,9.64,ft^3/s,Approved,,2025-03-11 13:33:20.467623+00:00
-79.0955555555555,36.0711111111111,2bf55dc212734c469cd90fe8d976fadf,USGS-02085000,00060,00003,2010-06-11,9.12,ft^3/s,Approved,,2025-03-11 13:33:20.467623+00:00
-79.0955555555555,36.0711111111111,2bf55dc212734c469cd90fe8d976fadf,USGS-02085000,00060,00003,2010-06-10,9.84,ft^3/s,Approved,,2025-03-11 13:33:20.467623+00:00
-79.0955555555555,36.0711111111111,2bf55dc212734c469cd90fe8d976fadf,USGS-02085000,00060,00003,2010-06-09,10.4,ft^3/s,Approved,,2025-03-11 13:33:20.467623+00:00
-79.0955555555555,36.0711111111111,2bf55dc212734c469cd90fe8d976fadf,USGS-02085000,00060,00003,2010-06-08,12.3,ft^3/s,Approved,,2025-03-11 13:33:20.467623+00:00
-79.0955555555555,36.0711111111111,2bf55dc212734c469cd90fe8d976fadf,USGS-02085000,00060,00003,2010-06-07,14.9,ft^3/s,Approved,,2025-03-11 13:33:20.467623+00:00
-79.0955555555555,36.0711111111111,2bf55dc212734c469cd90fe8d976fadf,USGS-02085000,00060,00003,2010-06-06,16.1,ft^3/s,Approved,,2025-03-11 13:33:20.467623+00:00
-79.0955555555555,36.0711111111111,2bf55dc212734c469cd90fe8d976fadf,USGS-02085000,00060,00003,2010-06-05,19.1,ft^3/s,Approved,,2025-03-11 13:33:20.467623+00:00
-79.0955555555555,36.0711111111111,2bf55dc212734c469cd90fe8d976fadf,USGS-02085000,00060,00003,2010-06-04,26.4,ft^3/s,Approved,,2025-03-11 13:33:20.467623+00:00
-79.0955555555555,36.0711111111111,2bf55dc212734c469cd90fe8d976fadf,USGS-02085000,00060,00003,2010-06-03,46.5,ft^3/s,Approved,,2025-03-11 13:33:20.467623+00:00
-79.0955555555555,36.0711111111111,2bf55dc212734c469cd90fe8d976fadf,USGS-02085000,00060,00003,2010-06-02,43.5,ft^3/s,Approved,,2025-03-11 13:33:20.467623+00:00
-79.0955555555555,36.0711111111111,2bf55dc212734c469cd90fe8d976fadf,USGS-02085000,00060,00003,2010-06-01,31.4,ft^3/s,Approved,,2025-03-11 13:33:20.467623+00:00
-79.0955555555555,36.0711111111111,2bf55dc212734c469cd90fe8d976fadf,USGS-02085000,00060,00003,2010-05-31,32.7,ft^3/s,Approved,,2025-03-11 13:33:20.467623+00:00
-79.0955555555555,36.0711111111111,2bf55dc212734c469cd90fe8d976fadf,USGS-02085000,00060,00003,2010-05-30,62.5,ft^3/s,Approved,,2025-03-11 13:33:20.467623+00:00
-79.0955555555555,36.0711111111111,2bf55dc212734c469cd90fe8d976fadf,USGS-02085000,00060,00003,2010-05-29,126,ft^3/s,Approved,,2025-03-11 13:33:20.467623+00:00
-79.0955555555555,36.0711111111111,2bf55dc212734c469cd90fe8d976fadf,USGS-02085000,00060,00003,2010-05-28,23.1,ft^3/s,Approved,,2025-03-11 13:33:20.467623+00:00
-79.0955555555555,36.0711111111111,2bf55dc212734c469cd90fe8d976fadf,USGS-02085000,00060,00003,2010-05-27,20.8,ft^3/s,Approved,,2025-03-11 13:33:20.467623+00:00
-79.0955555555555,36.0711111111111,2bf55dc212734c469cd90fe8d976fadf,USGS-02085000,00060,00003,2010-05-26,29.6,ft^3/s,Approved,,2025-03-11 13:33:20.467623+00:00
-79.0955555555555,36.0711111111111,2bf55dc212734c469cd90fe8d976fadf,USGS-02085000,00060,00003,2010-05-25,45.3,ft^3/s,Approved,,2025-03-11 13:33:20.467623+00:00
-79.0955555555555,36.0711111111111,2bf55dc212734c469cd90fe8d976fadf,USGS-02085000,00060,00003,2010-05-24,79.3,ft^3/s,Approved,,2025-03-11 13:33:20.467623+00:00
-79.0955555555555,36.0711111111111,2bf55dc212734c469cd90fe8d976fadf,USGS-02085000,00060,00003,2010-05-23,128,ft^3/s,Approved,,2025-03-11 13:33:20.467623+00:00
-79.0955555555555,36.0711111111111,2bf55dc212734c469cd90fe8d976fadf,USGS-02085000,00060,00003,2010-05-22,27.1,ft^3/s,Approved,,2025-03-11 13:33:20.467623+00:00
-79.0955555555555,36.0711111111111,2bf55dc212734c469cd90fe8d976fadf,USGS-02085000,00060,00003,2010-05-21,29.6,ft^3/s,Approved,,2025-03-11 13:33:20.467623+00:00
-79.0955555555555,36.0711111111111,2bf55dc212734c469cd90fe8d976fadf,USGS-02085000,00060,00003,2010-05-20,48.3,ft^3/s,Approved,,2025-03-11 13:33:20.467623+00:00
-79.0955555555555,36.0711111111111,2bf55dc212734c469cd90fe8d976fadf,USGS-02085000,00060,00003,2010-05-19,88.5,ft^3/s,Approved,,2025-03-11 13:33:20.467623+00:00
-79.0955555555555,36.0711111111111,2bf55dc212734c469cd90fe8d976fadf,USGS-02085000,00060,00003,2010-05-18,253,ft^3/s,Approved,,2025-03-11 13:33:20.467623+00:00
-79.0955555555555,36.0711111111111,2bf55dc212734c469cd90fe8d976fadf,USGS-02085000,00060,00003,2010-05-17,171,ft^3/s,Approved,,2025-03-11 13:33:20.467623+00:00
-79.0955555555555,36.0711111111111,2bf55dc212734c469cd90fe8d976fadf,USGS-02085000,00060,00003,2010-05-16,25.5,ft^3/s,Approved,,2025-03-11 13:33:20.467623+00:00
-79.0955555555555,36.0711111111111,2bf55dc212734c469cd90fe8d976fadf,USGS-02085000,00060,00003,2010-05-15,9.69,ft^3/s,Approved,,2025-03-11 13:33:20.467623+00:00
-79.0955555555555,36.0711111111111,2bf55dc212734c469cd90fe8d976fadf,USGS-02085000,00060,00003,2010-05-14,9.87,ft^3/s,Approved,,2025-03-11 13:33:20.467623+00:00
-79.0955555555555,36.0711111111111,2bf55dc212734c469cd90fe8d976fadf,USGS-02085000,00060,00003,2010-05-13,9.93,ft^3/s,Approved,,2025-03-11 13:33:20.467623+00:00
-79.0955555555555,36.0711111111111,2bf55dc212734c469cd90fe8d976fadf,USGS-02085000,00060,00003,2010-05-12,10.2,ft^3/s,Approved,,2025-03-11 13:33:20.467623+00:00
-79.0955555555555,36.0711111111111,2bf55dc212734c469cd90fe8d976fadf,USGS-02085000,00060,00003,2010-05-11,8.11,ft^3/s,Approved,,2025-03-11 13:33:20.467623+00:00
-79.0955555555555,36.0711111111111,2bf55dc212734c469cd90fe8d976fadf,USGS-02085000,00060,00003,2010-05-10,7.11,ft^3/s,Approved,,2025-03-11 13:33:20.467623+00:00
-79.0955555555555,36.0711111111111,2bf55dc212734c469cd90fe8d976fadf,USGS-02085000,00060,00003,2010-05-09,8.37,ft^3/s,Approved,,2025-03-11 13:33:20.467623+00:00
-79.0955555555555,36.0711111111111,2bf55dc212734c469cd90fe8d976fadf,USGS-02085000,00060,00003,2010-05-08,10.1,ft^3/s,Approved,,2025-03-11 13:33:20.467623+00:00
-79.0955555555555,36.0711111111111,2bf55dc212734c469cd90fe8d976fadf,USGS-02085000,00060,00003,2010-05-07,11.0,ft^3/s,Approved,,2025-03-11 13:33:20.467623+00:00
-79.0955555555555,36.0711111111111,2bf55dc212734c469cd90fe8d976fadf,USGS-02085000,00060,00003,2010-05-06,11.4,ft^3/s,Approved,,2025-03-11 13:33:20.467623+00:00
-79.0955555555555,36.0711111111111,2bf55dc212734c469cd90fe8d976fadf,USGS-02085000,00060,00003,2010-05-05,11.7,ft^3/s,Approved,,2025-03-11 13:33:20.467623+00:00
-79.0955555555555,36.0711111111111,2bf55dc212734c469cd90fe8d976fadf,USGS-02085000,00060,00003,2010-05-04,12.0,ft^3/s,Approved,,2025-03-11 13:33:20.467623+00:00
-79.0955555555555,36.0711111111111,2bf55dc212734c469cd90fe8d976fadf,USGS-02085000,00060,00003,2010-05-03,12.5,ft^3/s,Approved,,2025-03-11 13:33:20.467623+00:00
-79.0955555555555,36.0711111111111,2bf55dc212734c469cd90fe8d976fadf,USGS-02085000,00060,00003,2010-05-02,13.2,ft^3/s,Approved,,2025-03-11 13:33:20.467623+00:00
-79.0955555555555,36.0711111111111,2bf55dc212734c469cd90fe8d976fadf,USGS-02085000,00060,00003,2010-05-01,13.9,ft^3/s,Approved,,2025-03-11 13:33:20.467623+00:00
-79.0955555555555,36.0711111111111,2bf55dc212734c469cd90fe8d976fadf,USGS-02085000,00060,00003,2010-04-30,14.0,ft^3/s,Approved,,2025-03-11 13:33:20.467623+00:00
-79.0955555555555,36.0711111111111,2bf55dc212734c469cd90fe8d976fadf,USGS-02085000,00060,00003,2010-04-29,15.5,ft^3/s,Approved,,2025-03-11 13:33:20.467623+00:00
-79.0955555555555,36.0711111111111,2bf55dc212734c469cd90fe8d976fadf,USGS-02085000,00060,00003,2010-04-28,17.2,ft^3/s,Approved,,2025-03-11 13:33:20.467623+00:00
-79.0955555555555,36.0711111111111,2bf55dc212734c469cd90fe8d976fadf,USGS-02085000,00060,00003,2010-04-27,20.3,ft^3/s,Approved,,2025-03-11 13:33:20.467623+00:00
-79.0955555555555,36.0711111111111,2bf55dc212734c469cd90fe8d976fadf,USGS-02085000,00060,00003,2010-04-26,25.9,ft^3/s,Approved,,2025-03-11 13:33:20.467623+00:00
-79.0955555555555,36.0711111111111,2bf55dc212734c469cd90fe8d976fadf,USGS-02085000,00060,00003,2010-04-25,26.5,ft^3/s,Approved,,2025-03-11 13:33:20.467623+00:00
-79.0955555555555,36.0711111111111,2bf55dc212734c469cd90fe8d976fadf,USGS-02085000,00060,00003,2010-04-24,20.5,ft^3/s,Approved,,2025-03-11 13:33:20.467623+00:00
-79.0955555555555,36.0711111111111,2bf55dc212734c469cd90fe8d976fadf,USGS-02085000,00060,00003,2010-04-23,21.3,ft^3/s,Approved,,2025-03-11 13:33:20.467623+00:00
-79.0955555555555,36.0711111111111,2bf55dc212734c469cd90fe8d976fadf,USGS-02085000,00060,00003,2010-04-22,25.3,ft^3/s,Approved,,2025-03-11 13:33:20.467623+00:00
-79.0955555555555,36.0711111111111,2bf55dc212734c469cd90fe8d976fadf,USGS-02085000,00060,00003,2010-04-21,22.8,ft^3/s,Approved,,2025-03-11 13:33:20.467623+00:00
-79.0955555555555,36.0711111111111,2bf55dc212734c469cd90fe8d976fadf,USGS-02085000,00060,00003,2010-04-20,18.2,ft^3/s,Approved,,2025-03-11 13:33:20.467623+00:00
-79.0955555555555,36.0711111111111,2bf55dc212734c469cd90fe8d976fadf,USGS-02085000,00060,00003,2010-04-19,18.8,ft^3/s,Approved,,2025-03-11 13:33:20.467623+00:00
-79.0955555555555,36.0711111111111,2bf55dc212734c469cd90fe8d976fadf,USGS-02085000,00060,00003,2010-04-18,20.4,ft^3/s,Approved,,2025-03-11 13:33:20.467623+00:00
-79.0955555555555,36.0711111111111,2bf55dc212734c469cd90fe8d976fadf,USGS-02085000,00060,00003,2010-04-17,22.6,ft^3/s,Approved,,2025-03-11 13:33:20.467623+00:00
-79.0955555555555,36.0711111111111,2bf55dc212734c469cd90fe8d976fadf,USGS-02085000,00060,00003,2010-04-16,23.0,ft^3/s,Approved,,2025-03-11 13:33:20.467623+00:00
-79.0955555555555,36.0711111111111,2bf55dc212734c469cd90fe8d976fadf,USGS-02085000,00060,00003,2010-04-15,23.9,ft^3/s,Approved,,2025-03-11 13:33:20.467623+00:00
-79.0955555555555,36.0711111111111,2bf55dc212734c469cd90fe8d976fadf,USGS-02085000,00060,00003,2010-04-14,24.6,ft^3/s,Approved,,2025-03-11 13:33:20.467623+00:00
-79.0955555555555,36.0711111111111,2bf55dc212734c469cd90fe8d976fadf,USGS-02085000,00060,00003,2010-04-13,25.6,ft^3/s,Approved,,2025-03-11 13:33:20.467623+00:00
-79.0955555555555,36.0711111111111,2bf55dc212734c469cd90fe8d976fadf,USGS-02085000,00060,00003,2010-04-12,26.9,ft^3/s,Approved,,2025-03-11 13:33:20.467623+00:00
-79.0955555555555,36.0711111111111,2bf55dc212734c469cd90fe8d976fadf,USGS-02085000,00060,00003,2010-04-11,28.6,ft^3/s,Approved,,2025-03-11 13:33:20.467623+00:00
-79.0955555555555,36.0711111111111,2bf55dc212734c469cd90fe8d976fadf,USGS-02085000,00060,00003,2010-04-10,32.3,ft^3/s,Approved,,2025-03-11 13:33:20.467623+00:00
-79.0955555555555,36.0711111111111,2bf55dc212734c469cd90fe8d976fadf,USGS-02085000,00060,00003,2010-04-09,40.3,ft^3/s,Approved,,2025-03-11 13:33:20.467623+00:00
-79.0955555555555,36.0711111111111,2bf55dc212734c469cd90fe8d976fadf,USGS-02085000,00060,00003,2010-04-08,31.7,ft^3/s,Approved,,2025-03-11 13:33:20.467623+00:00
-79.0955555555555,36.0711111111111,2bf55dc212734c469cd90fe8d976fadf,USGS-02085000,00060,00003,2010-04-07,34.2,ft^3/s,Approved,,2025-03-11 13:33:20.467623+00:00
-79.0955555555555,36.0711111111111,2bf55dc212734c469cd90fe8d976fadf,USGS-02085000,00060,00003,2010-04-06,37.6,ft^3/s,Approved,,2025-03-11 13:33:20.467623+00:00
-79.0955555555555,36.0711111111111,2bf55dc212734c469cd90fe8d976fadf,USGS-02085000,00060,00003,2010-04-05,40.5,ft^3/s,Approved,,2025-03-11 13:33:20.467623+00:00
-79.0955555555555,36.0711111111111,2bf55dc212734c469cd90fe8d976fadf,USGS-02085000,00060,00003,2010-04-04,44.9,ft^3/s,Approved,,2025-03-11 13:33:20.467623+00:00
-79.0955555555555,36.0711111111111,2bf55dc212734c469cd90fe8d976fadf,USGS-02085000,00060,00003,2010-04-03,50.0,ft^3/s,Approved,,2025-03-11 13:33:20.467623+00:00
-79.0955555555555,36.0711111111111,2bf55dc212734c469cd90fe8d976fadf,USGS-02085000,00060,00003,2010-04-02,57.7,ft^3/s,Approved,,2025-03-11 13:33:20.467623+00:00
-79.0955555555555,36.0711111111111,2bf55dc212734c469cd90fe8d976fadf,USGS-02085000,00060,00003,2010-04-01,69.6,ft^3/s,Approved,,2025-03-11 13:33:20.467623+00:00
-79.0955555555555,36.0711111111111,2bf55dc212734c469cd90fe8d976fadf,USGS-02085000,00060,00003,2010-03-31,93.8,ft^3/s,Approved,,2025-03-11 13:33:20.467623+00:00
-79.0955555555555,36.0711111111111,2bf55dc212734c469cd90fe8d976fadf,USGS-02085000,00060,00003,2010-03-30,173,ft^3/s,Approved,,2025-03-11 13:33:20.467623+00:00
-79.0955555555555,36.0711111111111,2bf55dc212734c469cd90fe8d976fadf,USGS-02085000,00060,00003,2010-03-29,483,ft^3/s,Approved,,2025-03-11 13:33:20.467623+00:00
-79.0955555555555,36.0711111111111,2bf55dc212734c469cd90fe8d976fadf,USGS-02085000,00060,00003,2010-03-28,38.5,ft^3/s,Approved,,2025-03-11 13:33:20.467623+00:00
-79.0955555555555,36.0711111111111,2bf55dc212734c469cd90fe8d976fadf,USGS-02085000,00060,00003,2010-03-27,42.6,ft^3/s,Approved,,2025-03-11 13:33:20.467623+00:00
-79.0955555555555,36.0711111111111,2bf55dc212734c469cd90fe8d976fadf,USGS-02085000,00060,00003,2010-03-26,42.4,ft^3/s,Approved,,2025-03-11 13:33:20.467623+00:00
-79.0955555555555,36.0711111111111,2bf55dc212734c469cd90fe8d976fadf,USGS-02085000,00060,00003,2010-03-25,38.4,ft^3/s,Approved,,2025-03-11 13:33:20.467623+00:00
-79.0955555555555,36.0711111111111,2bf55dc212734c469cd90fe8d976fadf,USGS-02085000,00060,00003,2010-03-24,43.3,ft^3/s,Approved,,2025-03-11 13:33:20.467623+00:00
-79.0955555555555,36.0711111111111,2bf55dc212734c469cd90fe8d976fadf,USGS-02085000,00060,00003,2010-03-23,51.4,ft^3/s,Approved,,2025-03-11 13:33:20.467623+00:00
-79.0955555555555,36.0711111111111,2bf55dc212734c469cd90fe8d976fadf,USGS-02085000,00060,00003,2010-03-22,44.1,ft^3/s,Approved,,2025-03-11 13:33:20.467623+00:00
-79.0955555555555,36.0711111111111,2bf55dc212734c469cd90fe8d976fadf,USGS-02085000,00060,00003,2010-03-21,41.5,ft^3/s,Approved,,2025-03-11 13:33:20.467623+00:00
-79.0955555555555,36.0711111111111,2bf55dc212734c469cd90fe8d976fadf,USGS-02085000,00060,00003,2010-03-20,44.4,ft^3/s,Approved,,2025-03-11 13:33:20.467623+00:00
-79.0955555555555,36.0711111111111,2bf55dc212734c469cd90fe8d976fadf,USGS-02085000,00060,00003,2010-03-19,49.2,ft^3/s,Approved,,2025-03-11 13:33:20.467623+00:00
-79.0955555555555,36.0711111111111,2bf55dc212734c469cd90fe8d976fadf,USGS-02085000,00060,00003,2010-03-18,54.8,ft^3/s,Approved,,2025-03-11 13:33:20.467623+00:00
-79.0955555555555,36.0711111111111,2bf55dc212734c469cd90fe8d976fadf,USGS-02085000,00060,00003,2010-03-17,62.2,ft^3/s,Approved,,2025-03-11 13:33:20.467623+00:00
-79.0955555555555,36.0711111111111,2bf55dc212734c469cd90fe8d976fadf,USGS-02085000,00060,00003,2010-03-16,77.8,ft^3/s,Approved,,2025-03-11 13:33:20.467623+00:00
-79.0955555555555,36.0711111111111,2bf55dc212734c469cd90fe8d976fadf,USGS-02085000,00060,00003,2010-03-15,112,ft^3/s,Approved,,2025-03-11 13:33:20.467623+00:00
-79.0955555555555,36.0711111111111,2bf55dc212734c469cd90fe8d976fadf,USGS-02085000,00060,00003,2010-03-14,131,ft^3/s,Approved,,2025-03-11 13:33:20.467623+00:00
-79.0955555555555,36.0711111111111,2bf55dc212734c469cd90fe8d976fadf,USGS-02085000,00060,00003,2010-03-13,130,ft^3/s,Approved,,2025-03-11 13:33:20.467623+00:00
-79.0955555555555,36.0711111111111,2bf55dc212734c469cd90fe8d976fadf,USGS-02085000,00060,00003,2010-03-12,49.6,ft^3/s,Approved,,2025-03-11 13:33:20.467623+00:00
-79.0955555555555,36.0711111111111,2bf55dc212734c469cd90fe8d976fadf,USGS-02085000,00060,00003,2010-03-11,38.1,ft^3/s,Approved,,2025-03-11 13:33:20.467623+00:00
-79.0955555555555,36.0711111111111,2bf55dc212734c469cd90fe8d976fadf,USGS-02085000,00060,00003,2010-03-10,37.1,ft^3/s,Approved,,2025-03-11 13:33:20.467623+00:00
-79.0955555555555,36.0711111111111,2bf55dc212734c469cd90fe8d976fadf,USGS-02085000,00060,00003,2010-03-09,38.3,ft^3/s,Approved,,2025-03-11 13:33:20.467623+00:00
-79.0955555555555,36.0711111111111,2bf55dc212734c469cd90fe8d976fadf,USGS-02085000,00060,00003,2010-03-08,39.3,ft^3/s,Approved,,2025-03-11 13:33:20.467623+00:00
-79.0955555555555,36.0711111111111,2bf55dc212734c469cd90fe8d976fadf,USGS-02085000,00060,00003,2010-03-07,40.2,ft^3/s,Approved,,2025-03-11 13:33:20.467623+00:00
-79.0955555555555,36.0711111111111,2bf55dc212734c469cd90fe8d976fadf,USGS-02085000,00060,00003,2010-03-06,42.1,ft^3/s,Approved,,2025-03-11 13:33:20.467623+00:00
-79.0955555555555,36.0711111111111,2bf55dc212734c469cd90fe8d976fadf,USGS-02085000,00060,00003,2010-03-05,46.8,ft^3/s,Approved,,2025-03-11 13:33:20.467623+00:00
-79.0955555555555,36.0711111111111,2bf55dc212734c469cd90fe8d976fadf,USGS-02085000,00060,00003,2010-03-04,51.9,ft^3/s,Approved,,2025-03-11 13:33:20.467623+00:00
-79.0955555555555,36.0711111111111,2bf55dc212734c469cd90fe8d976fadf,USGS-02085000,00060,00003,2010-03-03,55.1,ft^3/s,Approved,,2025-03-11 13:33:20.467623+00:00
-79.0955555555555,36.0711111111111,2bf55dc212734c469cd90fe8d976fadf,USGS-02085000,00060,00003,2010-03-02,44.9,ft^3/s,Approved,,2025-03-11 13:33:20.467623+00:00
-79.0955555555555,36.0711111111111,2bf55dc212734c469cd90fe8d976fadf,USGS-02085000,00060,00003,2010-03-01,46.5,ft^3/s,Approved,,2025-03-11 13:33:20.467623+00:00
-79.0955555555555,36.0711111111111,2bf55dc212734c469cd90fe8d976fadf,USGS-02085000,00060,00003,2010-02-28,52.3,ft^3/s,Approved,,2025-03-11 13:33:20.467623+00:00
-79.0955555555555,36.0711111111111,2bf55dc212734c469cd90fe8d976fadf,USGS-02085000,00060,00003,2010-02-27,58.6,ft^3/s,Approved,,2025-03-11 13:33:20.467623+00:00
-79.0955555555555,36.0711111111111,2bf55dc212734c469cd90fe8d976fadf,USGS-02085000,00060,00003,2010-02-26,69.5,ft^3/s,Approved,,2025-03-11 13:33:20.467623+00:00
-79.0955555555555,36.0711111111111,2bf55dc212734c469cd90fe8d976fadf,USGS-02085000,00060,00003,2010-02-25,87.0,ft^3/s,Approved,,2025-03-11 13:33:20.467623+00:00
-79.0955555555555,36.0711111111111,2bf55dc212734c469cd90fe8d976fadf,USGS-02085000,00060,00003,2010-02-24,72.7,ft^3/s,Approved,,2025-03-11 13:33:20.467623+00:00
-79.0955555555555,36.0711111111111,2bf55dc212734c469cd90fe8d976fadf,USGS-02085000,00060,00003,2010-02-23,80.5,ft^3/s,Approved,,2025-03-11 13:33:20.467623+00:00
-79.0955555555555,36.0711111111111,2bf55dc212734c469cd90fe8d976fadf,USGS-02085000,00060,00003,2010-02-22,60.5,ft^3/s,Approved,,2025-03-11 13:33:20.467623+00:00
-79.0955555555555,36.0711111111111,2bf55dc212734c469cd90fe8d976fadf,USGS-02085000,00060,00003,2010-02-21,50.4,ft^3/s,Approved,,2025-03-11 13:33:20.467623+00:00
-79.0955555555555,36.0711111111111,2bf55dc212734c469cd90fe8d976fadf,USGS-02085000,00060,00003,2010-02-20,53.1,ft^3/s,Approved,,2025-03-11 13:33:20.467623+00:00
-79.0955555555555,36.0711111111111,2bf55dc212734c469cd90fe8d976fadf,USGS-02085000,00060,00003,2010-02-19,56.9,ft^3/s,Approved,,2025-03-11 13:33:20.467623+00:00
-79.0955555555555,36.0711111111111,2bf55dc212734c469cd90fe8d976fadf,USGS-02085000,00060,00003,2010-02-18,63.4,ft^3/s,Approved,,2025-03-11 13:33:20.467623+00:00
-79.0955555555555,36.0711111111111,2bf55dc212734c469cd90fe8d976fadf,USGS-02085000,00060,00003,2010-02-17,69.9,ft^3/s,Approved,,2025-03-11 13:33:20.467623+00:00
-79.0955555555555,36.0711111111111,2bf55dc212734c469cd90fe8d976fadf,USGS-02085000,00060,00003,2010-02-16,78.4,ft^3/s,Approved,,2025-03-11 13:33:20.467623+00:00
-79.0955555555555,36.0711111111111,2bf55dc212734c469cd90fe8d976fadf,USGS-02085000,00060,00003,2010-02-15,71.6,ft^3/s,Approved,,2025-03-11 13:33:20.467623+00:00
-79.0955555555555,36.0711111111111,2bf55dc212734c469cd90fe8d976fadf,USGS-02085000,00060,00003,2010-02-14,75.6,ft^3/s,Approved,,2025-03-11 13:33:20.467623+00:00
-79.0955555555555,36.0711111111111,2bf55dc212734c469cd90fe8d976fadf,USGS-02085000,00060,00003,2010-02-13,80.4,ft^3/s,Approved,,2025-03-11 13:33:20.467623+00:00
-79.0955555555555,36.0711111111111,2bf55dc212734c469cd90fe8d976fadf,USGS-02085000,00060,00003,2010-02-12,83.2,ft^3/s,Approved,,2025-03-11 13:33:20.467623+00:00
-79.0955555555555,36.0711111111111,2bf55dc212734c469cd90fe8d976fadf,USGS-02085000,00060,00003,2010-02-11,99.2,ft^3/s,Approved,,2025-03-11 13:33:20.467623+00:00
-79.0955555555555,36.0711111111111,2bf55dc212734c469cd90fe8d976fadf,USGS-02085000,00060,00003,2010-02-10,120,ft^3/s,Approved,,2025-03-11 13:33:20.467623+00:00
-79.0955555555555,36.0711111111111,2bf55dc212734c469cd90fe8d976fadf,USGS-02085000,00060,00003,2010-02-09,113,ft^3/s,Approved,,2025-03-11 13:33:20.467623+00:00
-79.0955555555555,36.0711111111111,2bf55dc212734c469cd90fe8d976fadf,USGS-02085000,00060,00003,2010-02-08,143,ft^3/s,Approved,,2025-03-11 13:33:20.467623+00:00
-79.0955555555555,36.0711111111111,2bf55dc212734c469cd90fe8d976fadf,USGS-02085000,00060,00003,2010-02-07,290,ft^3/s,Approved,,2025-03-11 13:33:20.467623+00:00
-79.0955555555555,36.0711111111111,2bf55dc212734c469cd90fe8d976fadf,USGS-02085000,00060,00003,2010-02-06,1490,ft^3/s,Approved,,2025-03-11 13:33:20.467623+00:00
-79.0955555555555,36.0711111111111,2bf55dc212734c469cd90fe8d976fadf,USGS-02085000,00060,00003,2010-02-05,568,ft^3/s,Approved,,2025-03-11 13:33:20.467623+00:00
-79.0955555555555,36.0711111111111,2bf55dc212734c469cd90fe8d976fadf,USGS-02085000,00060,00003,2010-02-04,209,ft^3/s,Approved,,2025-03-11 13:33:20.467623+00:00
-79.0955555555555,36.0711111111111,2bf55dc212734c469cd90fe8d976fadf,USGS-02085000,00060,00003,2010-02-03,209,ft^3/s,Approved,,2025-03-11 13:33:20.467623+00:00
-79.0955555555555,36.0711111111111,2bf55dc212734c469cd90fe8d976fadf,USGS-02085000,00060,00003,2010-02-02,70.5,ft^3/s,Approved,,2025-03-11 13:33:20.467623+00:00
-79.0955555555555,36.0711111111111,2bf55dc212734c469cd90fe8d976fadf,USGS-02085000,00060,00003,2010-02-01,61.2,ft^3/s,Approved,,2025-03-11 13:33:20.467623+00:00
-79.0955555555555,36.0711111111111,2bf55dc212734c469cd90fe8d976fadf,USGS-02085000,00060,00003,2010-01-31,71.1,ft^3/s,Approved,,2025-03-11 13:33:20.467623+00:00
-79.0955555555555,36.0711111111111,2bf55dc212734c469cd90fe8d976fadf,USGS-02085000,00060,00003,2010-01-30,78.9,ft^3/s,Approved,,2025-03-11 13:33:20.467623+00:00
-79.0955555555555,36.0711111111111,2bf55dc212734c469cd90fe8d976fadf,USGS-02085000,00060,00003,2010-01-29,66.7,ft^3/s,Approved,,2025-03-11 13:33:20.467623+00:00
-79.0955555555555,36.0711111111111,2bf55dc212734c469cd90fe8d976fadf,USGS-02085000,00060,00003,2010-01-28,80.2,ft^3/s,Approved,,2025-03-11 13:33:20.467623+00:00
-79.0955555555555,36.0711111111111,2bf55dc212734c469cd90fe8d976fadf,USGS-02085000,00060,00003,2010-01-27,107,ft^3/s,Approved,,2025-03-11 13:33:20.467623+00:00
-79.0955555555555,36.0711111111111,2bf55dc212734c469cd90fe8d976fadf,USGS-02085000,00060,00003,2010-01-26,212,ft^3/s,Approved,,2025-03-11 13:33:20.467623+00:00
-79.0955555555555,36.0711111111111,2bf55dc212734c469cd90fe8d976fadf,USGS-02085000,00060,00003,2010-01-25,627,ft^3/s,Approved,,2025-03-11 13:33:20.467623+00:00
-79.0955555555555,36.0711111111111,2bf55dc212734c469cd90fe8d976fadf,USGS-02085000,00060,00003,2010-01-24,66.5,ft^3/s,Approved,,2025-03-11 13:33:20.467623+00:00
-79.0955555555555,36.0711111111111,2bf55dc212734c469cd90fe8d976fadf,USGS-02085000,00060,00003,2010-01-23,88.7,ft^3/s,Approved,,2025-03-11 13:33:20.467623+00:00
-79.0955555555555,36.0711111111111,2bf55dc212734c469cd90fe8d976fadf,USGS-02085000,00060,00003,2010-01-22,115,ft^3/s,Approved,,2025-03-11 13:33:20.467623+00:00
-79.0955555555555,36.0711111111111,2bf55dc212734c469cd90fe8d976fadf,USGS-02085000,00060,00003,2010-01-21,60.5,ft^3/s,Approved,,2025-03-11 13:33:20.467623+00:00
-79.0955555555555,36.0711111111111,2bf55dc212734c469cd90fe8d976fadf,USGS-02085000,00060,00003,2010-01-20,64.0,ft^3/s,Approved,,2025-03-11 13:33:20.467623+00:00
-79.0955555555555,36.0711111111111,2bf55dc212734c469cd90fe8d976fadf,USGS-02085000,00060,00003,2010-01-19,88.7,ft^3/s,Approved,,2025-03-11 13:33:20.467623+00:00
-79.0955555555555,36.0711111111111,2bf55dc212734c469cd90fe8d976fadf,USGS-02085000,00060,00003,2010-01-18,167,ft^3/s,Approved,,2025-03-11 13:33:20.467623+00:00
-79.0955555555555,36.0711111111111,2bf55dc212734c469cd90fe8d976fadf,USGS-02085000,00060,00003,2010-01-17,219,ft^3/s,Approved,,2025-03-11 13:33:20.467623+00:00
-79.0955555555555,36.0711111111111,2bf55dc212734c469cd90fe8d976fadf,USGS-02085000,00060,00003,2010-01-16,26.4,ft^3/s,Approved,,2025-03-11 13:33:20.467623+00:00
-79.0955555555555,36.0711111111111,2bf55dc212734c469cd90fe8d976fadf,USGS-02085000,00060,00003,2010-01-15,28.2,ft^3/s,Approved,,2025-03-11 13:33:20.467623+00:00
-79.0955555555555,36.0711111111111,2bf55dc212734c469cd90fe8d976fadf,USGS-02085000,00060,00003,2010-01-14,29.8,ft^3/s,Approved,,2025-03-11 13:33:20.467623+00:00
-79.0955555555555,36.0711111111111,2bf55dc212734c469cd90fe8d976fadf,USGS-02085000,00060,00003,2010-01-13,31.7,ft^3/s,Approved,,2025-03-11 13:33:20.467623+00:00
-79.0955555555555,36.0711111111111,2bf55dc212734c469cd90fe8d976fadf,USGS-02085000,00060,00003,2010-01-12,31.0,ft^3/s,Approved,,2025-03-11 13:33:20.467623+00:00
-79.0955555555555,36.0711111111111,2bf55dc212734c469cd90fe8d976fadf,USGS-02085000,00060,00003,2010-01-11,29.5,ft^3/s,Approved,,2025-03-11 13:33:20.467623+00:00
-79.0955555555555,36.0711111111111,2bf55dc212734c469cd90fe8d976fadf,USGS-02085000,00060,00003,2010-01-10,30.5,ft^3/s,Approved,,2025-03-11 13:33:20.467623+00:00
-79.0955555555555,36.0711111111111,2bf55dc212734c469cd90fe8d976fadf,USGS-02085000,00060,00003,2010-01-09,33.6,ft^3/s,Approved,,2025-03-11 13:33:20.467623+00:00
-79.0955555555555,36.0711111111111,2bf55dc212734c469cd90fe8d976fadf,USGS-02085000,00060,00003,2010-01-08,37.1,ft^3/s,Approved,,2025-03-11 13:33:20.467623+00:00
-79.0955555555555,36.0711111111111,2bf55dc212734c469cd90fe8d976fadf,USGS-02085000,00060,00003,2010-01-07,35.2,ft^3/s,Approved,,2025-03-11 13:33:20.467623+00:00
-79.0955555555555,36.0711111111111,2bf55dc212734c469cd90fe8d976fadf,USGS-02085000,00060,00003,2010-01-06,36.9,ft^3/s,Approved,,2025-03-11 13:33:20.467623+00:00
-79.0955555555555,36.0711111111111,2bf55dc212734c469cd90fe8d976fadf,USGS-02085000,00060,00003,2010-01-05,37.0,ft^3/s,Approved,,2025-03-11 13:33:20.467623+00:00
-79.0955555555555,36.0711111111111,2bf55dc212734c469cd90fe8d976fadf,USGS-02085000,00060,00003,2010-01-04,39.9,ft^3/s,Approved,,2025-03-11 13:33:20.467623+00:00
-79.0955555555555,36.0711111111111,2bf55dc212734c469cd90fe8d976fadf,USGS-02085000,00060,00003,2010-01-03,45.4,ft^3/s,Approved,,2025-03-11 13:33:20.467623+00:00
-79.0955555555555,36.0711111111111,2bf55dc212734c469cd90fe8d976fadf,USGS-02085000,00060,00003,2010-01-02,56.2,ft^3/s,Approved,,2025-03-11 13:33:20.467623+00:00
-79.0955555555555,36.0711111111111,2bf55dc212734c469cd90fe8d976fadf,USGS-02085000,00060,00003,2010-01-01,66.2,ft^3/s,Approved,,2025-03-11 13:33:20.467623+00:00
